41.13000106811523 12.480999946594238 4.423999786376953 1.3109999895095823 36.5359992980957 9.354999542236328 38.6619987487793
37.52799987792969 10.13599967956543 4.434999942779541 1.2150000333786009 33.93600082397461 7.532000064849853 37.124000549316406
37.946998596191406 11.309000015258787 2.0999999046325684 0.0 35.33000183105469 9.006999969482422 36.46500015258789
38.95199966430664 11.895000457763672 3.380000114440918 1.2150000333786009 35.54399871826172 9.435999870300291 33.60850143432617
38.11399841308594 11.47599983215332 2.0360000133514404 0.0 35.40999984741211 9.623000144958496 31.850500106811523
36.77399826049805 10.973999977111816 2.0360000133514404 0.0 34.928001403808594 9.248000144958496 30.53199958801269
39.0359992980957 11.810999870300291 2.0360000133514404 0.0 37.15299987792969 10.07900047302246 30.093000411987305
39.37099838256836 11.309000015258787 2.068000078201294 0.0 36.5359992980957 9.409000396728516 29.87299919128418
33.92599868774414 8.461000442504883 2.0150001049041752 0.0 31.89900016784668 6.486999988555907 29.65299987792969
38.44900131225586 13.904999732971191 1.2690000534057615 0.0 37.2869987487793 12.142999649047852 29.21349906921387
35.93600082397461 9.550000190734863 1.2690000534057615 0.0 34.257999420166016 8.041999816894531 27.45599937438965
35.76900100708008 9.465999603271484 1.2690000534057615 0.0 33.93600082397461 7.907999992370605 27.45599937438965
40.20899963378906 12.984000205993652 1.343000054359436 0.0 38.76100158691406 11.097999572753906 27.23649978637696
37.025001525878906 11.895000457763672 1.3860000371932983 0.0 35.73199844360352 10.427000045776367 26.57699966430664
39.95700073242188 13.319000244140623 1.2899999618530271 0.0 38.573001861572266 11.418999671936035 26.79700088500977
40.29199981689453 13.487000465393065 1.2690000534057615 0.0 39.055999755859375 11.875 26.79700088500977
40.87900161743164 13.56999969482422 1.493000030517578 0.0 39.45800018310547 11.847999572753904 26.79700088500977
42.1349983215332 13.402999877929688 2.7079999446868896 0.0 39.24399948120117 11.28499984741211 26.57749938964844
42.72200012207031 13.98900032043457 2.7079999446868896 0.0 39.37799835205078 11.607000350952148 26.57749938964844
37.36100006103516 10.470999717712402 2.7079999446868896 0.0 34.472000122070305 8.604999542236326 26.13750076293945
41.13000106811523 12.64900016784668 2.7079999446868896 0.0 37.76900100708008 10.401000022888184 26.13750076293945
36.52299880981445 10.470999717712402 2.7079999446868896 0.0 33.50699996948242 8.496999740600586 25.69849967956543
36.104000091552734 10.38700008392334 2.7079999446868896 0.0 34.12400054931641 9.006999969482422 25.917999267578125
36.43899917602539 10.638999938964844 2.7079999446868896 0.0 33.47999954223633 8.925999641418457 25.917999267578125
35.60100173950195 11.47599983215332 1.5349999666213991 0.0 33.69499969482422 9.890999794006348 25.917999267578125
32.92100143432617 9.968000411987305 0.0 0.0 32.273998260498054 8.819000244140625 26.357500076293945
31.32900047302246 9.550000190734863 0.0 0.0 30.3439998626709 8.496999740600586 26.13750076293945
30.65900039672852 9.21399974822998 0.0 0.0 29.834999084472656 8.255999565124513 25.69849967956543
30.82699966430664 9.130999565124512 1.2150000333786009 0.0 29.75399971008301 8.015000343322754 25.69849967956543
29.48600006103516 8.293000221252441 0.0 0.0 28.54800033569336 7.1570000648498535 25.917999267578125
30.072999954223643 7.454999923706055 1.2899999618530271 0.0 28.68199920654297 6.111999988555907 25.917999267578125
33.088001251220696 8.711999893188478 1.2580000162124634 0.0 30.961000442504893 7.0229997634887695 25.917999267578125
34.09400177001953 8.878999710083008 2.483999967575073 0.0 31.54999923706055 7.3979997634887695 25.478500366210927
34.59600067138672 9.381999969482422 2.483999967575073 0.0 31.97900009155273 7.61299991607666 25.697999954223643
29.82099914550781 8.125 2.483999967575073 0.0 27.50300025939941 6.620999813079834 25.917999267578125
31.58099937438965 7.706999778747559 2.483999967575073 0.0 28.76300048828125 6.004000186920166 25.917999267578125
30.57500076293945 7.203999996185303 2.483999967575073 0.0 27.95800018310547 5.789999961853027 26.13750076293945
30.1560001373291 7.203999996185303 2.483999967575073 0.0 27.395000457763672 5.5219998359680185 26.357500076293945
29.319000244140625 6.449999809265138 2.483999967575073 0.0 26.40399932861328 4.879000186920166 26.57749938964844
30.90999984741211 7.454999923706055 2.483999967575073 0.0 27.82399940490723 5.736000061035156 27.45599937438965
32.333999633789055 8.711999893188478 3.88100004196167 1.22599995136261 28.36000061035156 6.620999813079834 27.67600059509277
32.16699981689453 7.706999778747559 3.763000011444092 0.0 28.36000061035156 5.736000061035156 28.11549949645996
31.832000732421875 7.539000034332275 3.753000020980835 0.0 28.95000076293945 5.789999961853027 28.554500579833984
32.250999450683594 8.293000221252441 3.753000020980835 1.22599995136261 27.82399940490723 5.978000164031982 28.77449989318848
31.916000366210927 7.539000034332275 5.043000221252441 1.2369999885559082 27.42200088500977 5.388000011444092 29.653499603271484
31.32900047302246 8.376999855041504 3.6040000915527344 0.0 28.68199920654297 6.5939998626708975 29.21349906921387
36.104000091552734 9.550000190734863 4.882999897003174 1.5889999866485596 32.514999389648445 7.1570000648498535 27.89550018310547
36.02000045776367 10.052000045776367 3.433000087738037 0.0 32.569000244140625 7.907999992370605 27.23649978637696
36.35499954223633 9.968000411987305 3.433000087738037 0.0 32.514999389648445 7.827000141143799 27.675500869750977
35.182998657226555 12.062999725341797 3.433000087738037 1.3220000267028809 31.38999938964844 9.784000396728516 28.554500579833984
36.858001708984375 11.225000381469728 3.433000087738037 1.2369999885559082 32.67599868774414 8.791999816894531 28.554500579833984
35.182998657226555 10.470999717712402 3.433000087738037 0.0 32.060001373291016 8.52400016784668 28.554500579833984
32.16699981689453 8.878999710083008 3.433000087738037 0.0 28.708999633789062 6.915999889373777 28.11549949645996
34.0099983215332 10.13599967956543 3.433000087738037 0.0 30.45100021362305 8.282999992370605 28.11549949645996
34.17699813842773 10.220000267028809 1.9830000400543213 0.0 32.30099868774414 8.899999618530273 27.89550018310547
32.75299835205078 8.963000297546387 3.1559998989105225 0.0 29.5939998626709 7.077000141143799 27.675500869750977
32.417999267578125 8.878999710083008 3.1559998989105225 0.0 29.4060001373291 7.130000114440918 27.23649978637696
29.56999969482422 10.722000122070312 3.1559998989105225 0.0 27.34199905395508 9.56999969482422 28.11549949645996
34.512001037597656 12.062999725341797 3.1559998989105225 0.0 30.98699951171875 9.99899959564209 28.77400016784668
33.590999603271484 11.392000198364258 3.1559998989105225 0.0 29.9689998626709 9.32800006866455 29.653499603271484
35.518001556396484 12.815999984741213 3.1559998989105225 0.0 32.03300094604492 10.722000122070312 31.41150093078613
35.685001373291016 13.152000427246096 3.1559998989105225 0.0 33.13199996948242 11.071000099182127 31.41150093078613
33.84199905395508 12.480999946594238 3.0169999599456787 0.0 30.61199951171875 10.401000022888184 31.41150093078613
32.669998168945305 12.314000129699709 3.0169999599456787 0.0 29.86199951171875 10.29300022125244 31.41150093078613
34.09400177001953 12.314000129699709 3.0169999599456787 0.0 31.06800079345703 10.29300022125244 32.5099983215332
40.459999084472656 14.324000358581545 3.0169999599456787 0.0 36.8849983215332 11.847999572753904 32.72949981689453
40.29199981689453 13.654000282287598 3.0169999599456787 0.0 37.04600143432617 11.5 32.94900131225586
35.60100173950195 11.392000198364258 2.5160000324249268 0.0 32.72999954223633 9.354999542236328 32.94900131225586
37.36100006103516 11.644000053405762 3.92300009727478 0.0 34.097000122070305 9.48900032043457 31.850500106811523
38.28200149536133 12.732999801635742 3.92300009727478 0.0 35.089000701904304 10.588000297546388 30.75200080871582
38.198001861572266 13.067999839782717 3.92300009727478 1.246999979019165 34.365001678466804 10.560999870300291 29.87299919128418
37.52799987792969 12.64900016784668 3.4219999313354488 0.0 33.990001678466804 10.401000022888184 29.43350028991699
36.43899917602539 13.152000427246096 3.325999975204468 0.0 33.990001678466804 10.989999771118164 28.99399948120117
37.36100006103516 13.56999969482422 2.0999999046325684 0.0 35.4640007019043 11.982000350952148 28.334999084472656
31.2450008392334 10.220000267028809 1.940000057220459 0.0 29.35199928283692 8.819000244140625 28.77449989318848
34.68000030517578 12.732999801635742 1.940000057220459 0.0 32.38100051879883 11.12399959564209 28.55500030517578
31.16200065612793 11.5600004196167 1.919000029563904 0.0 29.13800048828125 9.595999717712402 28.55500030517578
33.34000015258789 12.5649995803833 3.1879999637603764 0.0 30.53199958801269 10.642000198364258 28.334999084472656
38.198001861572266 13.821999549865724 3.1879999637603764 0.0 34.713001251220696 11.66100025177002 27.89550018310547
37.77899932861328 13.654000282287598 3.2090001106262207 0.0 34.41899871826172 11.472999572753904 27.67600059509277
33.84199905395508 9.465999603271484 1.962000012397766 0.0 31.631000518798828 8.203000068664549 27.89550018310547
35.93600082397461 11.47599983215332 1.962000012397766 0.0 34.01599884033203 9.890999794006348 28.99399948120117
35.014999389648445 10.052000045776367 1.962000012397766 0.0 32.89099884033203 8.416999816894531 30.97150039672852
38.28200149536133 12.64900016784668 1.962000012397766 0.0 36.027000427246094 10.722000122070312 32.50949859619141
41.96799850463867 13.654000282287598 1.962000012397766 0.0 39.67300033569336 11.741000175476074 35.146499633789055
40.459999084472656 13.487000465393065 1.962000012397766 0.0 38.49300003051758 11.579999923706056 36.46500015258789
38.78499984741211 13.067999839782717 1.962000012397766 0.0 36.7509994506836 11.178000450134276 37.78350067138672
39.790000915527344 12.39799976348877 1.962000012397766 0.0 37.823001861572266 10.614999771118164 37.34349822998047
38.86800003051758 12.480999946594238 1.962000012397766 0.0 36.777000427246094 10.480999946594238 36.90449905395508
39.62200164794922 12.39799976348877 1.962000012397766 0.0 36.9379997253418 10.213000297546388 33.827999114990234
43.97800064086914 13.487000465393065 3.1879999637603764 0.0 40.28900146484375 10.776000022888184 32.94900131225586
37.44400024414063 9.968000411987305 3.1879999637603764 0.0 34.98199844360352 7.747000217437744 33.16899871826172
40.29199981689453 11.979000091552734 4.370999813079834 1.3109999895095823 36.027000427246094 9.11400032043457 32.72949981689453
41.38100051879883 12.314000129699709 3.0920000076293945 0.0 38.62699890136719 10.07900047302246 32.070499420166016
36.52299880981445 9.800999641418455 4.455999851226807 0.0 33.21200180053711 7.692999839782715 31.631000518798828
37.025001525878906 10.805999755859377 4.446000099182129 1.246999979019165 33.077999114990234 8.604999542236326 31.631000518798828
35.518001556396484 10.220000267028809 3.2090001106262207 0.0 32.30099868774414 8.444000244140625 31.41150093078613
34.429000854492195 9.465999603271484 3.2090001106262207 0.0 31.09499931335449 7.479000091552732 30.97150039672852
35.60100173950195 10.38700008392334 3.220000028610228 0.0 32.194000244140625 8.550999641418457 30.53249931335449
37.025001525878906 11.644000053405762 3.220000028610228 0.0 34.28499984741211 9.729999542236328 28.99399948120117
33.50699996948242 9.717000007629396 2.984999895095825 0.0 30.82699966430664 7.960999965667725 28.77449989318848
35.60100173950195 10.220000267028809 2.984999895095825 0.0 32.54199981689453 8.444000244140625 29.43350028991699
39.53799819946289 12.314000129699709 2.9749999046325684 0.0 36.1879997253418 10.185999870300291 30.09250068664551
37.946998596191406 12.062999725341797 2.9749999046325684 0.0 35.57099914550781 10.024999618530272 31.19149971008301
36.35499954223633 9.968000411987305 2.9749999046325684 0.0 33.400001525878906 7.960999965667725 31.631000518798828
36.77399826049805 11.47599983215332 2.9749999046325684 0.0 34.928001403808594 9.756999969482422 31.631000518798828
38.11399841308594 11.392000198364258 2.9749999046325684 0.0 36.10699844360352 9.729999542236328 33.388999938964844
41.88399887084961 13.402999877929688 1.715999960899353 0.0 39.75299835205078 11.472999572753904 34.487499237060554
42.1349983215332 13.56999969482422 1.715999960899353 0.0 40.50299835205078 11.66100025177002 34.047500610351555
41.71599960327149 13.067999839782717 2.943000078201294 0.0 39.18999862670898 10.96399974822998 32.070499420166016
39.37099838256836 11.5600004196167 2.943000078201294 0.0 36.24100112915039 9.48900032043457 30.97150039672852
42.88899993896485 14.156999588012695 2.943000078201294 0.0 40.07500076293945 11.902000427246096 30.75200080871582
39.11999893188477 12.815999984741213 2.943000078201294 0.0 36.24100112915039 10.668999671936035 31.850500106811523
39.20299911499024 12.480999946594238 2.943000078201294 0.0 35.678001403808594 10.07900047302246 32.94900131225586
40.54399871826172 13.319000244140623 4.2109999656677255 0.0 36.7509994506836 10.829999923706056 33.60850143432617
34.763999938964844 9.633000373840332 2.996000051498413 0.0 31.54999923706055 7.532000064849853 33.388999938964844
37.19300079345703 11.727999687194824 4.254000186920166 1.246999979019165 33.077999114990234 9.515999794006348 33.388999938964844
39.2869987487793 12.39799976348877 4.190000057220459 1.3109999895095823 35.11600112915039 9.864999771118164 33.388999938964844
36.35499954223633 11.810999870300291 2.9749999046325684 0.0 33.90900039672852 9.890999794006348 33.16899871826172
40.04100036621094 12.39799976348877 2.9749999046325684 0.0 37.2599983215332 10.427000045776367 33.16899871826172
37.44400024414063 11.47599983215332 2.9749999046325684 0.0 34.44499969482422 9.435999870300291 33.16899871826172
40.20899963378906 12.5649995803833 4.190000057220459 1.2690000534057615 36.13399887084961 9.91800022125244 33.16899871826172
38.44900131225586 11.979000091552734 2.815000057220459 0.0 35.54399871826172 9.91800022125244 32.949501037597656
37.36100006103516 11.895000457763672 2.7079999446868896 0.0 34.41899871826172 9.729999542236328 32.949501037597656
38.78499984741211 11.895000457763672 2.7079999446868896 0.0 34.766998291015625 9.595999717712402 32.72949981689453
37.10900115966797 11.5600004196167 2.7720000743865967 0.0 34.98199844360352 9.890999794006348 32.72949981689453
39.53799819946289 12.39799976348877 3.986999988555908 1.2150000333786009 35.40999984741211 9.810999870300291 32.72949981689453
39.70600128173828 13.067999839782717 2.7720000743865967 0.0 37.18000030517578 10.883000373840332 32.5099983215332
36.43899917602539 10.722000122070312 2.7720000743865967 0.0 32.83700180053711 8.52400016784668 32.290000915527344
40.29199981689453 14.743000030517578 2.7720000743865967 0.0 38.25199890136719 12.812999725341797 32.50949859619141
35.76900100708008 11.225000381469728 2.7720000743865967 0.0 32.327999114990234 9.248000144958496 32.72949981689453
36.68999862670898 9.800999641418455 2.740000009536743 0.0 33.238998413085945 7.907999992370605 33.388500213623054
36.60699844360352 10.973999977111816 2.740000009536743 0.0 34.257999420166016 9.381999969482422 34.487499237060554
39.20299911499024 11.392000198364258 2.740000009536743 0.0 36.64300155639648 9.461999893188477 34.926498413085945
38.617000579833984 10.722000122070312 2.740000009536743 0.0 35.597999572753906 8.604999542236326 35.36650085449219
43.30799865722656 13.904999732971191 2.740000009536743 0.0 41.20000076293945 11.526000022888184 36.24549865722656
46.57500076293945 15.161999702453612 2.740000009536743 0.0 43.02299880981445 12.357000350952148 33.827999114990234
46.49100112915039 14.072999954223633 2.5160000324249268 0.0 43.74700164794922 11.607000350952148 33.388500213623054
48.33399963378906 14.241000175476074 3.785000085830689 1.246999979019165 43.72000122070313 10.989999771118164 33.827999114990234
42.97299957275391 10.805999755859377 3.6989998817443848 1.406999945640564 38.573001861572266 8.095000267028809 34.267501831054695
46.90999984741211 13.067999839782717 3.816999912261963 1.2790000438690186 42.24599838256836 9.890999794006348 32.94900131225586
46.74300003051758 14.241000175476074 2.9110000133514404 0.0 44.04199981689453 11.71399974822998 32.290000915527344
43.81100082397461 12.899999618530272 4.125999927520752 1.2580000162124634 39.13600158691406 9.810999870300291 32.94900131225586
43.72700119018555 13.067999839782717 3.9340000152587886 0.0 39.83300018310547 10.37399959564209 33.16899871826172
40.04100036621094 11.979000091552734 3.9340000152587886 0.0 37.01900100708008 9.70400047302246 33.60850143432617
40.71099853515625 11.979000091552734 3.816999912261963 0.0 37.2869987487793 9.381999969482422 33.60850143432617
41.2140007019043 12.229999542236328 2.2709999084472656 0.0 38.01100158691406 9.91800022125244 33.60850143432617
41.38100051879883 12.480999946594238 3.6459999084472656 0.0 37.76900100708008 9.864999771118164 32.949501037597656
39.11999893188477 11.644000053405762 3.6459999084472656 0.0 36.29499816894531 9.515999794006348 32.949501037597656
39.11999893188477 11.140999794006348 2.430999994277954 0.0 36.96500015258789 9.194000244140623 32.949501037597656
42.80500030517578 12.732999801635742 2.430999994277954 0.0 40.31600189208984 10.560999870300291 33.16899871826172
42.303001403808594 12.815999984741213 2.430999994277954 0.0 39.29700088500977 10.427000045776367 33.16899871826172
38.53300094604492 10.805999755859377 2.430999994277954 0.0 36.402000427246094 9.006999969482422 33.60850143432617
43.72700119018555 14.156999588012695 2.430999994277954 0.0 40.58399963378906 11.633999824523926 34.707000732421875
38.44900131225586 9.465999603271484 2.3559999465942383 0.0 35.625 7.585999965667725 35.80550003051758
42.1349983215332 10.470999717712402 2.3559999465942383 0.0 39.83300018310547 8.550999641418457 38.00299835205078
44.0620002746582 12.5649995803833 2.3989999294281006 0.0 41.54899978637695 10.024999618530272 40.20000076293945
45.56999969482422 13.487000465393065 2.259999990463257 0.0 42.64799880981445 10.855999946594238 43.2760009765625
44.39699935913086 14.491999626159668 3.486000061035156 0.0 40.98600006103516 11.633999824523926 48.11000061035156
42.88899993896485 12.732999801635742 3.4539999961853027 0.0 39.75299835205078 10.052000045776367 49.86800003051758
45.1510009765625 16.334999084472653 2.227999925613404 0.0 42.459999084472656 12.517999649047852 48.98899841308594
49.00400161743164 15.916000366210938 3.507999897003174 0.0 45.43600082397461 12.760000228881836 45.91299819946289
48.75299835205078 14.576000213623049 3.507999897003174 0.0 44.87300109863281 11.526000022888184 43.71549987792969
42.21900177001953 10.470999717712402 2.259999990463257 0.0 39.72600173950195 8.496999740600586 42.397499084472656
46.15599822998047 12.899999618530272 3.496999979019165 0.0 42.11199951171875 10.07900047302246 41.29899978637695
50.00899887084961 14.659000396728516 3.753000020980835 1.2369999885559082 45.8650016784668 11.204999923706056 40.20050048828125
46.82600021362305 14.743000030517578 2.5799999237060547 0.0 44.41699981689453 12.222999572753904 39.32149887084961
45.23500061035156 13.904999732971191 2.664999961853028 0.0 43.02299880981445 11.71399974822998 38.88150024414063
44.73199844360352 13.904999732971191 1.3109999895095823 0.0 42.43399810791016 11.741000175476074 38.22299957275391
41.79999923706055 12.5649995803833 0.0 0.0 40.85200119018555 10.937000274658203 38.00299835205078
43.14099884033203 12.984000205993652 2.559000015258789 0.0 40.02099990844727 10.239999771118164 37.5634994506836
41.71599960327149 12.5649995803833 2.559000015258789 0.0 39.61899948120117 10.052000045776367 37.124000549316406
40.79499816894531 12.314000129699709 1.962000012397766 0.0 38.59999847412109 10.45400047302246 36.68450164794922
38.78499984741211 11.140999794006348 1.950999975204468 0.0 36.80400085449219 9.461999893188477 36.24549865722656
40.29199981689453 11.47599983215332 1.950999975204468 0.0 37.5009994506836 9.54300022125244 36.24549865722656
42.1349983215332 12.899999618530272 1.2150000333786009 0.0 40.39599990844727 10.776000022888184 36.46500015258789
41.71599960327149 11.895000457763672 2.430999994277954 0.0 39.72600173950195 9.838000297546388 37.78300094604492
42.387001037597656 14.407999992370604 0.0 0.0 41.38800048828125 12.62600040435791 39.10150146484375
47.41299819946289 15.581000328063965 2.505000114440918 0.0 44.73899841308594 12.894000053405762 40.85950088500977
52.43899917602539 17.926000595092773 2.505000114440918 0.0 50.87699890136719 15.01099967956543 43.05649948120117
49.50699996948242 16.0 1.2580000162124634 0.0 47.47299957275391 13.187999725341797 44.59500122070313
50.00899887084961 16.083000183105472 2.483999967575073 0.0 47.6870002746582 13.37600040435791 45.69350051879883
48.08300018310547 16.083000183105472 2.494999885559082 0.0 45.89099884033203 13.348999977111816 47.23099899291992
51.01499938964844 17.674999237060547 2.494999885559082 0.0 48.73300170898438 14.58199977874756 48.54999923706055
50.93099975585938 17.926000595092773 2.494999885559082 0.0 48.7859992980957 14.79699993133545 47.012001037597656
50.76300048828125 17.423999786376953 2.494999885559082 0.0 48.09000015258789 14.340999603271484 46.352500915527344
51.60100173950195 16.92099952697754 1.2790000438690186 0.0 49.67100143432617 13.885000228881836 45.25400161743164
45.06700134277344 13.152000427246096 1.3329999446868896 0.0 43.80099868774414 10.937000274658203 43.93550109863281
47.32899856567383 13.067999839782717 1.2150000333786009 0.0 45.97200012207031 11.071000099182127 42.617000579833984
52.27099990844727 16.92099952697754 1.2150000333786009 0.0 50.55599975585938 14.072999954223633 41.29899978637695
50.26100158691406 16.334999084472653 2.430999994277954 0.0 48.09000015258789 13.510000228881836 40.41999816894531
47.49599838256836 14.91100025177002 2.430999994277954 0.0 45.78400039672852 12.331000328063965 39.98049926757813
44.81600189208984 13.98900032043457 2.430999994277954 0.0 42.35300064086914 11.633999824523926 39.32149887084961
44.0620002746582 13.98900032043457 1.4390000104904177 0.0 41.76300048828125 11.847999572753904 38.6619987487793
43.05699920654297 13.487000465393065 0.0 0.0 42.11199951171875 11.767999649047852 38.22249984741211
43.72700119018555 13.821999549865724 1.246999979019165 0.0 41.14699935913086 11.472999572753904 37.5634994506836
42.97299957275391 13.56999969482422 1.246999979019165 0.0 41.22700119018555 11.633999824523926 37.124000549316406
41.54899978637695 12.815999984741213 0.0 0.0 40.45000076293945 11.017000198364258 36.68450164794922
42.21900177001953 13.152000427246096 0.0 0.0 41.38800048828125 11.472999572753904 36.46500015258789
42.80500030517578 13.654000282287598 0.0 0.0 41.709999084472656 12.062999725341797 36.46500015258789
40.79499816894531 11.895000457763672 1.2690000534057615 0.0 38.76100158691406 10.024999618530272 37.5634994506836
43.47600173950195 13.402999877929688 0.0 0.0 42.165000915527344 11.66100025177002 38.22249984741211
47.915000915527344 15.581000328063965 2.463000059127808 0.0 45.2750015258789 12.678999900817873 39.54100036621094
50.59600067138672 16.586000442504886 2.463000059127808 0.0 48.6259994506836 13.482999801635742 40.63999938964844
51.43399810791016 16.753999710083008 2.463000059127808 0.0 49.10800170898438 13.911999702453612 42.83700180053711
49.92599868774414 16.334999084472653 2.463000059127808 0.0 48.67900085449219 13.911999702453612 42.83700180053711
50.76300048828125 16.586000442504886 2.5269999504089355 0.0 47.875 13.590999603271484 42.617000579833984
49.50699996948242 17.089000701904293 2.5269999504089355 0.0 47.44599914550781 14.152999877929688 43.49599838256836
51.43399810791016 21.025999069213867 2.5269999504089355 0.0 48.73300170898438 17.7450008392334 44.15549850463867
52.10400009155274 20.77400016784668 2.5269999504089355 0.0 49.61700057983398 17.423999786376953 43.05649948120117
47.66400146484375 17.004999160766598 2.5269999504089355 0.0 45.19400024414063 14.395000457763672 42.1775016784668
46.40700149536133 16.419000625610348 3.1979999542236333 0.0 44.685001373291016 13.83199977874756 41.29899978637695
47.24499893188477 17.674999237060547 1.22599995136261 0.0 45.4630012512207 14.930999755859377 40.63949966430664
47.41299819946289 16.166999816894528 2.463000059127808 0.0 45.6500015258789 13.482999801635742 40.41999816894531
47.915000915527344 18.51300048828125 2.463000059127808 1.2369999885559082 45.73099899291992 15.38700008392334 40.20050048828125
47.24499893188477 17.926000595092773 2.463000059127808 0.0 44.60499954223633 14.984000205993652 39.760501861572266
44.39699935913086 16.753999710083008 2.463000059127808 0.0 41.49499893188477 13.911999702453612 39.32149887084961
43.05699920654297 15.581000328063965 2.463000059127808 0.0 40.36899948120117 12.78600025177002 38.88150024414063
41.632999420166016 14.82699966430664 2.463000059127808 0.0 39.13600158691406 12.331000328063965 38.44250106811523
41.04600143432617 14.994000434875488 2.463000059127808 0.0 38.76100158691406 12.760000228881836 38.00299835205078
39.11999893188477 14.324000358581545 2.463000059127808 0.0 35.75899887084961 11.821000099182127 37.5634994506836
40.3759994506836 14.659000396728516 2.463000059127808 0.0 37.42100143432617 12.46500015258789 36.68450164794922
41.46500015258789 14.91100025177002 2.463000059127808 0.0 38.09099960327149 12.491000175476074 36.68450164794922
39.62200164794922 14.241000175476074 1.3539999723434448 0.0 37.448001861572266 12.303999900817873 36.68450164794922
37.44400024414063 13.067999839782717 1.3539999723434448 0.0 34.98199844360352 11.12399959564209 36.90449905395508
42.72200012207031 15.748000144958494 2.611999988555908 0.0 40.18199920654297 13.348999977111816 37.34349822998047
42.80500030517578 14.82699966430664 2.611999988555908 0.0 40.71799850463867 12.517999649047852 37.78350067138672
46.82600021362305 15.246000289916992 2.6010000705718994 0.0 44.01499938964844 12.545000076293944 37.5634994506836
45.65399932861328 16.419000625610348 1.343000054359436 0.0 44.49800109863281 14.26099967956543 39.10150146484375
48.08300018310547 17.843000411987305 2.463000059127808 0.0 45.75699996948242 15.038000106811523 39.98049926757813
48.66899871826172 19.01499938964844 1.3109999895095823 0.0 46.66899871826172 16.405000686645508 40.85950088500977
49.3390007019043 19.26700019836425 2.5269999504089355 0.0 47.125 16.19099998474121 41.73849868774414
49.00400161743164 18.010000228881836 2.5269999504089355 0.0 46.90999984741211 15.520999908447266 42.617000579833984
51.76900100708008 18.763999938964844 2.5269999504089355 0.0 49.32300186157226 15.788999557495115 41.95800018310547
52.60599899291992 18.763999938964844 2.5269999504089355 0.0 49.64400100708008 15.628000259399414 41.51850128173828
46.071998596191406 14.994000434875488 2.5269999504089355 0.0 44.229000091552734 12.491000175476074 41.079498291015625
50.93099975585938 18.51300048828125 2.7079999446868896 0.0 48.38399887084961 15.520999908447266 40.20050048828125
54.86800003051758 20.356000900268555 2.7079999446868896 0.0 51.30599975585938 16.645999908447266 39.760501861572266
49.17200088500977 17.926000595092773 2.7079999446868896 0.0 46.9640007019043 15.145000457763672 39.32149887084961
49.42300033569336 18.26099967956543 2.7079999446868896 0.0 46.05199813842773 15.01099967956543 39.10150146484375
45.98899841308594 16.92099952697754 2.45199990272522 0.0 43.80099868774414 14.368000030517578 38.88150024414063
44.73199844360352 16.419000625610348 2.45199990272522 0.0 42.40700149536133 14.072999954223633 38.44250106811523
42.80500030517578 15.83199977874756 1.2580000162124634 0.0 41.89699935913086 13.777999877929688 38.00299835205078
43.64300155639648 16.166999816894528 1.22599995136261 0.0 41.81700134277344 13.80500030517578 37.5634994506836
40.62699890136719 14.91100025177002 1.22599995136261 0.0 39.53799819946289 13.135000228881836 37.34400177001953
42.80500030517578 15.748000144958494 1.3969999551773071 0.0 40.77199935913086 13.67099952697754 37.124000549316406
43.05699920654297 15.07800006866455 1.2150000333786009 0.0 41.60300064086914 12.946999549865724 37.124000549316406
42.387001037597656 16.166999816894528 1.2150000333786009 0.0 41.17399978637695 13.885000228881836 37.124000549316406
41.632999420166016 15.161999702453612 1.22599995136261 0.0 40.52999877929688 13.187999725341797 35.58599853515625
41.632999420166016 14.576000213623049 0.0 0.0 40.45000076293945 12.894000053405762 34.487499237060554
39.0359992980957 11.225000381469728 1.2690000534057615 0.0 37.55500030517578 9.595999717712402 35.36650085449219
41.54899978637695 11.644000053405762 1.2369999885559082 0.0 40.20899963378906 9.890999794006348 34.926498413085945
42.80500030517578 13.067999839782717 0.0 0.0 41.68299865722656 11.392000198364258 35.80550003051758
46.90999984741211 17.926000595092773 0.0 0.0 45.91799926757813 15.654999732971191 38.22299957275391
49.0880012512207 18.51300048828125 1.22599995136261 0.0 47.875 16.216999053955078 40.41999816894531
48.50199890136719 19.01499938964844 1.22599995136261 0.0 47.04399871826172 16.378000259399414 41.079498291015625
50.512001037597656 19.60199928283692 1.3009999990463257 0.0 49.24200057983398 16.861000061035153 42.83700180053711
52.35499954223633 19.43400001525879 1.3650000095367432 0.0 50.85100173950195 16.67300033569336 42.617000579833984
51.34999847412109 18.68000030517578 1.22599995136261 0.0 49.56399917602539 16.003000259399414 41.51850128173828
45.90499877929688 15.748000144958494 2.494999885559082 0.0 43.77399826049805 13.456000328063965 40.41999816894531
49.75799942016602 17.34000015258789 2.494999885559082 0.0 47.125 14.743000030517578 39.32149887084961
47.32899856567383 16.586000442504886 2.494999885559082 0.0 45.03400039672852 13.859000205993652 38.88150024414063
48.08300018310547 17.759000778198242 2.494999885559082 0.0 45.00699996948242 14.743000030517578 38.44250106811523
46.49100112915039 16.92099952697754 2.494999885559082 0.0 44.49800109863281 14.340999603271484 38.44250106811523
46.32400131225586 16.753999710083008 2.494999885559082 0.0 43.104000091552734 14.100000381469728 38.44250106811523
43.97800064086914 16.083000183105472 2.559000015258789 0.0 40.69100189208984 13.456000328063965 38.22249984741211
43.05699920654297 14.994000434875488 1.2899999618530271 0.0 41.06600189208984 13.107999801635742 38.00299835205078
42.80500030517578 15.664999961853027 2.622999906539917 0.0 39.61899948120117 13.107999801635742 37.78350067138672
44.14599990844727 16.836999893188473 2.622999906539917 0.0 41.17399978637695 14.20699977874756 37.5634994506836
40.29199981689453 15.246000289916992 2.622999906539917 0.0 38.25199890136719 13.081000328063965 37.124000549316406
43.2239990234375 15.83199977874756 2.622999906539917 0.0 40.262001037597656 13.321999549865724 37.124000549316406
41.632999420166016 14.82699966430664 1.2150000333786009 0.0 39.32400131225586 12.946999549865724 36.90449905395508
38.36600112915039 12.5649995803833 1.2150000333786009 0.0 37.2869987487793 10.90999984741211 37.5634994506836
44.56499862670898 15.664999961853027 0.0 0.0 43.479000091552734 13.644000053405762 39.54100036621094
44.81600189208984 14.659000396728516 1.2150000333786009 0.0 43.61299896240234 12.706000328063965 41.73799896240234
50.59600067138672 17.674999237060547 0.0 0.0 49.5099983215332 15.333000183105469 44.15549850463867
47.915000915527344 16.753999710083008 0.0 0.0 46.9370002746582 14.501999855041506 46.5724983215332
47.915000915527344 16.836999893188473 1.246999979019165 0.0 45.75699996948242 14.072999954223633 47.01150131225586
51.51699829101562 18.93199920654297 2.483999967575073 0.0 49.77799987792969 16.19099998474121 49.42900085449219
51.34999847412109 18.93199920654297 1.22599995136261 0.0 49.18899917602539 16.056999206542972 49.20899963378906
50.34500122070313 17.759000778198242 2.440999984741211 0.0 47.84799957275391 14.715999603271484 47.45100021362305
53.19300079345703 19.01499938964844 2.440999984741211 0.0 50.74300003051758 15.708000183105469 47.01150131225586
51.43399810791016 17.089000701904293 2.440999984741211 0.0 49.32300186157226 14.395000457763672 46.352500915527344
48.33399963378906 15.161999702453612 2.440999984741211 0.0 45.59700012207031 12.46500015258789 45.25400161743164
54.02999877929688 18.429000854492188 2.505000114440918 0.0 51.30599975585938 15.145000457763672 43.71549987792969
50.93099975585938 17.423999786376953 2.505000114440918 0.0 47.553001403808594 14.100000381469728 42.397499084472656
51.43399810791016 17.926000595092773 2.505000114440918 0.0 48.38399887084961 14.850000381469728 41.95800018310547
45.1510009765625 15.07800006866455 2.505000114440918 0.0 43.15700149536133 12.732999801635742 41.51850128173828
46.49100112915039 16.670000076293945 1.3329999446868896 0.0 44.33700180053711 14.234000205993652 41.079498291015625
46.2400016784668 16.586000442504886 2.8359999656677246 0.0 43.53300094604492 13.993000030517578 40.41999816894531
43.30799865722656 15.161999702453612 2.8359999656677246 0.0 40.18199920654297 12.571999549865724 40.20050048828125
42.387001037597656 15.413000106811523 2.611999988555908 0.0 39.37799835205078 13.135000228881836 39.760501861572266
42.88899993896485 15.916000366210938 2.611999988555908 0.0 40.61100006103516 13.644000053405762 39.32149887084961
40.9630012512207 14.659000396728516 1.2690000534057615 0.0 38.73400115966797 12.84000015258789 38.88150024414063
41.96799850463867 15.07800006866455 0.0 0.0 41.22700119018555 13.37600040435791 38.88150024414063
41.38100051879883 14.743000030517578 1.22599995136261 0.0 40.28900146484375 13.081000328063965 38.88150024414063
41.29800033569336 13.98900032043457 1.2150000333786009 0.0 39.64599990844727 12.116000175476074 38.88150024414063
48.08300018310547 16.50200080871582 2.430999994277954 0.0 45.38199996948242 13.80500030517578 40.41999816894531
43.2239990234375 12.229999542236328 1.2150000333786009 0.0 41.49499893188477 10.213000297546388 41.29899978637695
48.33399963378906 13.56999969482422 2.430999994277954 0.0 45.62300109863281 10.855999946594238 41.51850128173828
44.81600189208984 13.402999877929688 0.0 0.0 44.14899826049805 11.633999824523926 39.54100036621094
48.91999816894531 15.748000144958494 1.22599995136261 0.0 47.79499816894531 13.564000129699709 38.66249847412109
50.00899887084961 16.670000076293945 0.0 0.0 49.02799987792969 14.340999603271484 41.73849868774414
49.42300033569336 16.586000442504886 2.430999994277954 0.0 46.749000549316406 13.725000381469728 44.81449890136719
49.59099960327149 17.089000701904293 2.430999994277954 0.0 47.23199844360352 14.072999954223633 44.15549850463867
51.43399810791016 16.670000076293945 2.430999994277954 0.0 48.91999816894531 13.697999954223633 43.71549987792969
54.11399841308594 19.26700019836425 3.6459999084472656 1.2790000438690186 51.01100158691406 15.8149995803833 43.71549987792969
48.91999816894531 16.670000076293945 2.121999979019165 0.0 47.3390007019043 13.859000205993652 43.2765007019043
51.85200119018555 17.926000595092773 2.121999979019165 0.0 49.1349983215332 14.984000205993652 42.83649826049805
50.84700012207031 17.843000411987305 0.0 0.0 49.5369987487793 15.092000007629396 42.178001403808594
50.512001037597656 18.010000228881836 2.750999927520752 0.0 47.125 14.850000381469728 37.124000549316406
45.90499877929688 16.334999084472653 1.5349999666213991 0.0 44.38999938964844 14.152999877929688 37.34400177001953
46.40700149536133 16.586000442504886 2.494999885559082 0.0 44.01499938964844 13.911999702453612 37.78300094604492
45.23500061035156 15.496999740600586 2.494999885559082 0.0 42.00500106811523 12.706000328063965 37.78300094604492
44.229000091552734 15.413000106811523 2.494999885559082 0.0 41.60300064086914 13.107999801635742 38.00299835205078
42.47000122070313 14.82699966430664 2.494999885559082 0.0 39.77999877929688 12.46500015258789 38.00299835205078
42.21900177001953 14.91100025177002 1.2580000162124634 0.0 40.39599990844727 13.081000328063965 37.5634994506836
44.73199844360352 15.581000328063965 2.494999885559082 0.0 41.60300064086914 12.894000053405762 37.34349822998047
40.87900161743164 13.234999656677244 2.697000026702881 0.0 38.14500045776367 10.989999771118164 35.36650085449219
43.05699920654297 14.407999992370604 2.697000026702881 0.0 40.82500076293945 12.437999725341797 35.58599853515625
39.62200164794922 12.229999542236328 0.0 0.0 38.94900131225586 10.74899959564209 36.68450164794922
42.97299957275391 13.98900032043457 0.0 0.0 42.29899978637695 12.08899974822998 37.78300094604492
44.983001708984375 13.821999549865724 1.22599995136261 0.0 43.88100051879883 11.928999900817873 38.6619987487793
49.0880012512207 16.586000442504886 1.2690000534057615 0.0 47.5 13.939000129699709 39.54100036621094
48.41799926757813 15.413000106811523 1.2690000534057615 0.0 46.53499984741211 13.081000328063965 41.079498291015625
47.32899856567383 14.91100025177002 1.2690000534057615 0.0 44.97999954223633 12.357000350952148 42.397499084472656
48.50199890136719 16.250999450683597 2.5799999237060547 0.0 46.85599899291992 13.644000053405762 42.83649826049805
48.41799926757813 16.166999816894528 2.5799999237060547 0.0 46.85599899291992 13.83199977874756 43.49599838256836
50.76300048828125 17.507999420166016 2.494999885559082 0.0 48.571998596191406 14.850000381469728 43.05649948120117
52.10400009155274 18.26099967956543 2.494999885559082 0.0 50.31399917602539 15.333000183105469 40.63949966430664
45.90499877929688 14.994000434875488 2.440999984741211 0.0 43.69300079345703 12.571999549865724 35.58599853515625
45.06700134277344 13.821999549865724 1.2150000333786009 0.0 44.04199981689453 12.008999824523926 34.707000732421875
46.2400016784668 14.491999626159668 2.664999961853028 0.0 43.854000091552734 12.062999725341797 33.60850143432617
48.83700180053711 17.004999160766598 2.664999961853028 0.0 47.125 14.368000030517578 33.60850143432617
47.1609992980957 15.916000366210938 2.664999961853028 0.0 44.09500122070313 13.269000053405762 32.94900131225586
45.82099914550781 15.748000144958494 2.505000114440918 0.0 43.90800094604492 13.510000228881836 33.16899871826172
40.9630012512207 14.072999954223633 2.505000114440918 0.0 39.48500061035156 11.954999923706056 33.388999938964844
41.96799850463867 13.654000282287598 2.505000114440918 0.0 39.75299835205078 11.821000099182127 34.04800033569336
40.9630012512207 12.984000205993652 2.505000114440918 0.0 38.62699890136719 10.855999946594238 34.48699951171875
40.20899963378906 13.402999877929688 0.0 0.0 39.11000061035156 11.741000175476074 34.48699951171875
40.79499816894531 13.56999969482422 2.5369999408721924 0.0 38.43899917602539 11.366000175476074 34.48699951171875
40.79499816894531 13.234999656677244 2.5369999408721924 0.0 38.573001861572266 10.989999771118164 35.146499633789055
43.391998291015625 14.072999954223633 2.5369999408721924 0.0 40.28900146484375 11.687000274658203 35.146499633789055
45.23500061035156 16.670000076293945 2.815000057220459 0.0 43.02299880981445 13.939000129699709 36.0255012512207
41.04600143432617 13.56999969482422 1.2150000333786009 0.0 39.512001037597656 11.687000274658203 37.78350067138672
49.75799942016602 17.926000595092773 2.463000059127808 0.0 47.47299957275391 15.279000282287598 39.98049926757813
48.83700180053711 17.34000015258789 1.2150000333786009 0.0 47.7140007019043 14.850000381469728 41.95800018310547
51.09799957275391 17.590999603271484 2.494999885559082 0.0 48.946998596191406 14.555999755859377 43.05649948120117
51.60100173950195 18.17799949645996 2.494999885559082 0.0 49.43000030517578 15.01099967956543 42.617000579833984
48.66899871826172 17.34000015258789 0.0 0.0 47.5270004272461 14.930999755859377 42.617000579833984
51.51699829101562 18.93199920654297 1.22599995136261 0.0 50.39500045776367 16.351999282836914 42.83649826049805
48.83700180053711 19.684999465942383 1.2150000333786009 0.0 47.58000183105469 17.101999282836914 43.2765007019043
45.31800079345703 17.172000885009766 1.2150000333786009 0.0 44.06900024414063 14.958000183105469 37.5634994506836
46.65900039672852 17.423999786376953 1.3109999895095823 0.0 45.6500015258789 15.145000457763672 37.5634994506836
47.07799911499024 16.250999450683597 2.5369999408721924 0.0 44.25600051879883 13.37600040435791 34.707000732421875
43.05699920654297 13.487000465393065 2.5369999408721924 0.0 40.34299850463867 11.258000373840332 34.04800033569336
45.06700134277344 15.329999923706056 1.5670000314712524 0.0 42.94300079345703 12.866999626159668 33.388500213623054
45.56999969482422 15.748000144958494 2.815000057220459 0.0 42.86199951171875 13.081000328063965 33.388500213623054
45.73699951171875 16.50200080871582 2.815000057220459 0.0 43.88100051879883 13.725000381469728 33.827999114990234
47.32899856567383 18.429000854492188 2.632999897003174 0.0 44.73899841308594 15.680999755859377 33.388500213623054
45.23500061035156 17.507999420166016 2.632999897003174 0.0 43.15700149536133 15.145000457763672 33.60800170898437
43.47600173950195 16.586000442504886 1.6740000247955322 0.0 41.73699951171875 14.42099952697754 33.60800170898437
38.53300094604492 13.152000427246096 1.3009999990463257 0.0 36.66999816894531 11.392000198364258 33.388500213623054
41.46500015258789 15.916000366210938 2.5369999408721924 0.0 39.61899948120117 13.616999626159668 33.16899871826172
44.81600189208984 17.423999786376953 2.5369999408721924 0.0 41.92399978637695 14.79699993133545 32.949501037597656
40.62699890136719 14.407999992370604 2.4730000495910645 0.0 38.01100158691406 12.196999549865724 32.949501037597656
41.29800033569336 14.659000396728516 2.4730000495910645 0.0 39.18999862670898 12.732999801635742 32.50949859619141
40.62699890136719 14.324000358581545 2.4730000495910645 0.0 39.16299819946289 12.517999649047852 32.5099983215332
30.90999984741211 10.470999717712402 1.246999979019165 0.0 29.083999633789062 8.95300006866455 34.267501831054695
31.32900047302246 9.968000411987305 2.4730000495910645 0.0 29.32500076293945 8.336999893188478 36.464500427246094
32.83700180053711 9.633000373840332 1.2580000162124634 0.0 31.06800079345703 8.229000091552733 37.124000549316406
31.74799919128418 8.878999710083008 2.5160000324249268 0.0 29.941999435424805 7.3979997634887695 38.00299835205078
30.492000579833984 8.293000221252441 1.2790000438690186 0.0 28.89699935913086 6.835000038146973 38.22249984741211
30.65900039672852 8.795999526977539 2.505000114440918 0.0 28.97699928283692 7.317999839782715 38.22249984741211
29.48600006103516 8.376999855041504 0.0 0.0 28.44099998474121 7.263999938964844 38.22249984741211
31.66399955749512 9.04699993133545 1.5140000581741333 0.0 29.7810001373291 7.71999979019165 39.98049926757813
33.088001251220696 9.717000007629396 1.3969999551773071 0.0 31.256000518798828 8.52400016784668 42.1775016784668
34.0099983215332 10.303000450134276 2.611999988555908 0.0 31.92600059509277 8.36299991607666 40.85950088500977
34.17699813842773 9.29800033569336 2.782999992370605 0.0 31.46999931335449 7.61299991607666 39.760501861572266
34.261001586914055 9.717000007629396 2.878999948501587 0.0 31.38999938964844 7.800000190734862 38.44250106811523
35.93600082397461 10.13599967956543 2.632999897003174 0.0 33.31999969482422 8.390000343322754 36.68450164794922
35.0989990234375 9.968000411987305 2.664999961853028 0.0 32.569000244140625 8.041999816894531 35.36650085449219
33.590999603271484 9.885000228881836 2.569000005722046 0.0 31.631000518798828 8.14900016784668 34.487499237060554
32.501998901367195 8.711999893188478 2.6760001182556152 0.0 29.808000564575195 7.0229997634887695 34.047500610351555
34.261001586914055 11.810999870300291 2.6760001182556152 0.0 32.863998413085945 10.024999618530272 33.60850143432617
36.35499954223633 11.895000457763672 2.664999961853028 0.0 34.28499984741211 9.91800022125244 33.16899871826172
35.26599884033203 12.39799976348877 2.7720000743865967 0.0 33.21200180053711 10.07900047302246 33.16899871826172
35.0989990234375 12.314000129699709 1.3109999895095823 0.0 32.998001098632805 10.427000045776367 32.949501037597656
41.38100051879883 14.491999626159668 2.5480000972747803 0.0 38.59999847412109 11.875 32.949501037597656
44.3129997253418 16.166999816894528 1.2150000333786009 0.0 42.11199951171875 13.777999877929688 32.949501037597656
43.64300155639648 15.329999923706056 2.440999984741211 0.0 41.68299865722656 13.135000228881836 32.949501037597656
43.97800064086914 15.748000144958494 2.440999984741211 0.0 42.56800079345703 13.859000205993652 33.60850143432617
35.93600082397461 10.470999717712402 2.440999984741211 0.0 33.80199813842773 8.630999565124513 35.146499633789055
39.70600128173828 12.39799976348877 2.440999984741211 0.0 36.8849983215332 9.99899959564209 37.78300094604492
50.512001037597656 18.429000854492188 2.440999984741211 0.0 47.92900085449219 15.4399995803833 40.20050048828125
51.68500137329102 18.010000228881836 2.440999984741211 0.0 48.86700057983398 14.743000030517578 42.397499084472656
45.98899841308594 14.072999954223633 1.2790000438690186 0.0 44.33700180053711 12.062999725341797 43.05649948120117
49.50699996948242 17.423999786376953 2.494999885559082 0.0 47.84799957275391 14.26099967956543 45.25400161743164
47.74800109863281 16.166999816894528 2.494999885559082 0.0 46.34700012207031 13.859000205993652 47.45149993896485
47.74800109863281 16.586000442504886 1.22599995136261 0.0 45.78400039672852 14.152999877929688 48.54999923706055
49.25600051879883 17.256000518798828 1.22599995136261 0.0 47.1510009765625 14.368000030517578 47.89099884033203
48.584999084472656 16.334999084472653 1.2369999885559082 0.0 47.28499984741211 14.100000381469728 45.91299819946289
47.07799911499024 15.329999923706056 1.246999979019165 0.0 45.4630012512207 12.706000328063965 44.375
47.49599838256836 15.496999740600586 2.463000059127808 0.0 44.76599884033203 12.812999725341797 43.2760009765625
47.1609992980957 15.246000289916992 2.463000059127808 0.0 44.685001373291016 12.383999824523926 41.95800018310547
50.09299850463867 16.50200080871582 2.463000059127808 0.0 47.553001403808594 13.697999954223633 40.63949966430664
49.92599868774414 17.926000595092773 2.463000059127808 0.0 47.5 14.824000358581545 40.20050048828125
48.83700180053711 17.590999603271484 2.463000059127808 0.0 45.8380012512207 14.824000358581545 39.760501861572266
45.48600006103516 15.664999961853027 2.463000059127808 0.0 42.165000915527344 12.78600025177002 39.760501861572266
44.81600189208984 16.166999816894528 2.463000059127808 0.0 42.56800079345703 13.644000053405762 39.32149887084961
44.39699935913086 16.250999450683597 2.5910000801086426 0.0 41.17399978637695 13.482999801635742 38.88150024414063
40.9630012512207 14.743000030517578 2.5910000801086426 0.0 39.56499862670898 12.866999626159668 38.88150024414063
43.64300155639648 15.664999961853027 2.5269999504089355 0.0 40.28900146484375 13.00100040435791 38.44250106811523
42.97299957275391 15.246000289916992 2.5269999504089355 0.0 40.61100006103516 13.081000328063965 38.00299835205078
45.06700134277344 16.334999084472653 2.5269999504089355 0.0 42.94300079345703 13.75100040435791 37.78300094604492
44.81600189208984 16.334999084472653 2.5269999504089355 0.0 42.97000122070313 13.939000129699709 38.00299835205078
38.78499984741211 12.145999908447266 0.0 0.0 37.90299987792969 10.45400047302246 38.88150024414063
44.56499862670898 15.581000328063965 1.4179999828338623 0.0 43.02299880981445 13.402999877929688 39.54100036621094
44.39699935913086 14.576000213623049 0.0 0.0 43.42499923706055 12.517999649047852 40.85950088500977
47.32899856567383 15.161999702453612 1.22599995136261 0.0 46.0250015258789 13.00100040435791 43.93550109863281
51.68500137329102 18.0939998626709 0.0 0.0 51.01100158691406 15.60099983215332 45.91299819946289
51.76900100708008 18.93199920654297 0.0 0.0 50.77000045776367 16.351999282836914 43.49599838256836
50.93099975585938 19.937000274658203 1.22599995136261 0.0 49.56399917602539 17.208999633789062 42.83649826049805
46.65900039672852 17.089000701904293 1.2150000333786009 0.0 45.4630012512207 14.58199977874756 42.1775016784668
52.10400009155274 19.937000274658203 1.2369999885559082 0.0 50.58200073242188 16.968000411987305 43.2765007019043
52.02000045776367 19.183000564575195 1.246999979019165 0.0 50.68999862670898 16.378000259399414 44.15549850463867
53.61100006103516 19.26700019836425 2.569000005722046 0.0 51.41299819946289 16.19099998474121 44.59450149536133
49.59099960327149 16.419000625610348 2.569000005722046 0.0 46.83000183105469 13.187999725341797 43.49599838256836
49.84199905395508 16.166999816894528 2.5369999408721924 0.0 47.553001403808594 13.348999977111816 42.397499084472656
53.10900115966797 18.763999938964844 2.5369999408721924 0.0 49.80500030517578 15.333000183105469 41.29899978637695
50.26100158691406 17.674999237060547 2.4730000495910645 0.0 47.44599914550781 14.743000030517578 40.63949966430664
49.25600051879883 17.507999420166016 2.632999897003174 0.0 46.13299942016602 14.18000030517578 40.20050048828125
44.81600189208984 15.748000144958494 2.632999897003174 0.0 42.32600021362305 13.29599952697754 39.760501861572266
44.48099899291992 16.0 2.632999897003174 0.0 42.56800079345703 13.402999877929688 39.32149887084961
43.391998291015625 15.581000328063965 2.632999897003174 0.0 41.30799865722656 13.21500015258789 38.88150024414063
45.4020004272461 16.250999450683597 2.632999897003174 0.0 42.21900177001953 13.37600040435791 38.44250106811523
41.96799850463867 15.246000289916992 2.559000015258789 0.0 39.48500061035156 13.053999900817873 38.22299957275391
45.90499877929688 17.423999786376953 2.559000015258789 0.0 43.07699966430664 14.609000205993652 38.00299835205078
45.65399932861328 16.166999816894528 2.559000015258789 0.0 42.43399810791016 13.161999702453612 38.00299835205078
43.72700119018555 15.413000106811523 2.559000015258789 0.0 41.28099822998047 12.760000228881836 38.00299835205078
39.95700073242188 12.314000129699709 1.343000054359436 0.0 38.54700088500977 10.401000022888184 39.10150146484375
47.24499893188477 17.004999160766598 1.343000054359436 0.0 45.75699996948242 14.501999855041506 40.85950088500977
43.89400100708008 13.402999877929688 1.343000054359436 0.0 42.62099838256836 11.33899974822998 42.61750030517578
49.0880012512207 16.334999084472653 1.343000054359436 0.0 47.74100112915039 13.859000205993652 41.95800018310547
48.16699981689453 16.586000442504886 1.2369999885559082 0.0 46.9370002746582 14.152999877929688 41.95800018310547
51.34999847412109 17.926000595092773 1.2690000534057615 0.0 49.48300170898438 15.38700008392334 39.54100036621094
48.75299835205078 17.423999786376953 1.2690000534057615 0.0 47.6870002746582 15.145000457763672 41.29899978637695
43.64300155639648 17.172000885009766 1.2690000534057615 0.0 42.32600021362305 14.743000030517578 41.73799896240234
48.50199890136719 18.0939998626709 1.2690000534057615 0.0 46.2130012512207 15.494000434875488 42.178001403808594
49.67399978637695 18.34499931335449 1.2690000534057615 0.0 47.6609992980957 15.680999755859377 43.05649948120117
49.3390007019043 15.581000328063965 2.483999967575073 0.0 47.23199844360352 13.027999877929688 42.397499084472656
44.0620002746582 12.984000205993652 3.6989998817443848 0.0 41.46799850463867 10.401000022888184 41.95800018310547
46.32400131225586 13.402999877929688 2.4730000495910645 0.0 43.31800079345703 10.74899959564209 41.51850128173828
52.77399826049805 17.843000411987305 2.4730000495910645 0.0 49.32300186157226 14.20699977874756 41.07899856567383
48.16699981689453 15.83199977874756 2.4730000495910645 0.0 46.07899856567383 13.187999725341797 40.63999938964844
42.97299957275391 13.821999549865724 2.4730000495910645 0.0 40.74499893188477 11.33899974822998 40.20000076293945
39.874000549316406 12.732999801635742 2.4730000495910645 0.0 37.98400115966797 10.722000122070312 40.20000076293945
40.79499816894531 11.727999687194824 2.4730000495910645 0.0 38.33200073242188 9.435999870300291 39.76100158691406
41.46500015258789 13.402999877929688 2.4730000495910645 0.0 38.84199905395508 10.90999984741211 38.88199996948242
40.20899963378906 11.895000457763672 1.2369999885559082 0.0 38.46599960327149 10.105999946594238 38.88199996948242
40.79499816894531 13.402999877929688 2.45199990272522 0.0 38.52000045776367 11.043999671936035 38.6619987487793
40.04100036621094 12.984000205993652 0.0 0.0 39.21699905395508 11.28499984741211 38.44250106811523
40.71099853515625 12.480999946594238 1.246999979019165 0.0 39.72600173950195 10.74899959564209 38.22299957275391
43.05699920654297 13.98900032043457 2.45199990272522 0.0 40.52999877929688 11.741000175476074 38.44250106811523
40.79499816894531 12.984000205993652 1.2369999885559082 0.0 39.45800018310547 11.071000099182127 39.54100036621094
44.229000091552734 15.916000366210938 1.2150000333786009 0.0 42.75500106811523 13.697999954223633 40.85950088500977
43.391998291015625 12.984000205993652 1.2150000333786009 0.0 41.62900161743164 10.96399974822998 43.71549987792969
47.915000915527344 15.413000106811523 1.22599995136261 0.0 46.749000549316406 13.161999702453612 46.79199981689453
50.512001037597656 16.50200080871582 0.0 0.0 49.67100143432617 14.20699977874756 47.23149871826172
51.93600082397461 17.759000778198242 2.430999994277954 0.0 49.99300003051758 14.79699993133545 46.352500915527344
50.59600067138672 17.423999786376953 2.430999994277954 0.0 48.16999816894531 14.447999954223633 46.79199981689453
47.83200073242188 15.496999740600586 2.430999994277954 0.0 44.92599868774414 12.517999649047852 47.23149871826172
53.2760009765625 18.0939998626709 2.430999994277954 0.0 50.63600158691406 15.0649995803833 47.23149871826172
53.61100006103516 19.099000930786133 2.430999994277954 0.0 51.14500045776367 15.842000007629396 46.13249969482422
51.34999847412109 17.926000595092773 2.430999994277954 0.0 49.1619987487793 15.038000106811523 45.03400039672852
51.09799957275391 16.92099952697754 2.430999994277954 0.0 48.5989990234375 13.859000205993652 43.93550109863281
56.3759994506836 19.51799964904785 2.430999994277954 0.0 53.665000915527344 15.680999755859377 43.49599838256836
57.46500015258789 21.277000427246094 3.688999891281128 0.0 54.81800079345703 17.208999633789062 43.05649948120117
55.37099838256836 20.27199935913086 2.3350000381469727 0.0 52.70000076293945 16.780000686645508 43.05649948120117
51.93600082397461 18.51300048828125 2.3350000381469727 0.0 50.20700073242188 15.333000183105469 43.05649948120117
49.50699996948242 17.926000595092773 2.3350000381469727 0.0 47.6870002746582 15.038000106811523 42.83649826049805
48.75299835205078 17.004999160766598 2.3350000381469727 0.0 45.62300109863281 13.885000228881836 42.178001403808594
47.915000915527344 17.004999160766598 2.3350000381469727 0.0 44.73899841308594 13.859000205993652 41.73799896240234
43.72700119018555 14.659000396728516 2.4730000495910645 0.0 40.58399963378906 12.222999572753904 41.29899978637695
47.32899856567383 17.34000015258789 2.4730000495910645 0.0 45.2750015258789 14.850000381469728 40.63949966430664
47.07799911499024 17.507999420166016 1.503000020980835 0.0 45.06000137329102 14.79699993133545 40.20050048828125
47.999000549316406 17.674999237060547 1.2369999885559082 0.0 45.91799926757813 15.0649995803833 39.760501861572266
47.49599838256836 17.172000885009766 1.2369999885559082 0.0 45.16799926757813 14.368000030517578 39.98049926757813
41.46500015258789 13.487000465393065 0.0 0.0 40.28900146484375 11.767999649047852 41.51850128173828
49.00400161743164 16.92099952697754 1.3860000371932983 0.0 47.6870002746582 14.663000106811523 43.93550109863281
47.24499893188477 15.07800006866455 1.246999979019165 0.0 45.97200012207031 13.081000328063965 46.13299942016602
51.18199920654297 17.089000701904293 1.22599995136261 0.0 50.20700073242188 14.609000205993652 48.76950073242188
55.53799819946289 19.26700019836425 0.0 0.0 54.01399993896485 15.895999908447266 50.0880012512207
53.52799987792969 18.010000228881836 0.0 0.0 52.16400146484375 15.359999656677244 51.40650177001953
52.94100189208984 17.590999603271484 1.22599995136261 0.0 51.81600189208984 14.79699993133545 51.6259994506836
50.59600067138672 16.50200080871582 1.2369999885559082 0.0 49.3489990234375 13.75100040435791 52.50500106811523
54.19800186157226 18.17799949645996 0.0 0.0 53.20899963378906 15.4399995803833 52.28499984741211
53.69499969482422 17.759000778198242 1.3109999895095823 0.0 52.37799835205078 15.092000007629396 50.30749893188477
50.34500122070313 16.0 2.632999897003174 0.0 48.54499816894531 13.081000328063965 48.98899841308594
45.82099914550781 13.904999732971191 2.5369999408721924 0.0 43.07699966430664 11.312000274658203 47.89049911499024
47.58000183105469 14.156999588012695 2.5480000972747803 0.0 45.35499954223633 11.392000198364258 46.13299942016602
55.0359992980957 16.586000442504886 2.5480000972747803 0.0 52.40499877929688 13.241999626159668 45.03450012207031
53.69499969482422 17.590999603271484 2.5480000972747803 0.0 50.58200073242188 14.286999702453612 44.375
51.09799957275391 16.250999450683597 2.5480000972747803 0.0 48.2239990234375 13.135000228881836 43.93550109863281
48.75299835205078 16.334999084472653 1.3329999446868896 0.0 47.23199844360352 13.83199977874756 43.49599838256836
49.0880012512207 16.50200080871582 2.622999906539917 0.0 46.6150016784668 13.37600040435791 42.83649826049805
48.41799926757813 16.250999450683597 2.622999906539917 0.0 45.89099884033203 13.21500015258789 42.397499084472656
45.82099914550781 15.916000366210938 2.622999906539917 0.0 43.02299880981445 13.053999900817873 42.178001403808594
43.55899810791016 14.743000030517578 2.687000036239624 0.0 41.38800048828125 12.46500015258789 41.95800018310547
45.56999969482422 15.664999961853027 2.687000036239624 0.0 42.64799880981445 12.866999626159668 41.29899978637695
43.2239990234375 13.234999656677244 1.8339999914169312 0.0 41.60300064086914 11.204999923706056 40.85950088500977
42.303001403808594 14.241000175476074 1.8339999914169312 0.0 40.262001037597656 12.222999572753904 40.85950088500977
42.88899993896485 14.407999992370604 1.2369999885559082 0.0 41.84400177001953 12.652000427246096 42.1775016784668
49.92599868774414 17.926000595092773 1.2790000438690186 0.0 48.67900085449219 15.680999755859377 44.375
47.83200073242188 14.743000030517578 1.2790000438690186 0.0 46.374000549316406 12.706000328063965 46.352500915527344
52.94100189208984 17.172000885009766 1.22599995136261 0.0 51.73500061035156 14.555999755859377 49.42850112915039
54.86800003051758 18.010000228881836 0.0 0.0 53.88000106811523 15.359999656677244 50.52750015258789
56.79499816894531 18.847999572753903 1.2150000333786009 0.0 55.35400009155274 15.8149995803833 52.28499984741211
53.36000061035156 18.26099967956543 1.2150000333786009 0.0 51.73500061035156 14.824000358581545 54.04299926757813
56.20800018310547 19.350000381469727 1.2150000333786009 0.0 54.81800079345703 16.19099998474121 55.14149856567383
54.70000076293945 18.93199920654297 1.22599995136261 0.0 53.55799865722656 15.949000358581545 54.48199844360352
56.125 19.43400001525879 1.2150000333786009 0.0 54.14799880981445 15.92300033569336 52.28549957275391
56.96200180053711 18.93199920654297 1.2150000333786009 0.0 55.40700149536133 15.842000007629396 51.186500549316406
52.77399826049805 15.916000366210938 1.2150000333786009 0.0 50.77000045776367 13.053999900817873 49.64849853515625
60.14500045776367 19.51799964904785 2.5369999408721924 0.0 56.90900039672852 15.467000007629396 47.89049911499024
58.05099868774414 18.17799949645996 2.5369999408721924 0.0 54.87099838256836 14.475000381469728 47.012001037597656
58.97299957275391 19.60199928283692 1.5670000314712524 0.0 57.65900039672852 16.19099998474121 46.13299942016602
53.52799987792969 17.507999420166016 2.96399998664856 0.0 50.74300003051758 14.126999855041506 45.69350051879883
53.86299896240234 17.926000595092773 2.494999885559082 0.0 51.36000061035156 14.6899995803833 44.81449890136719
50.34500122070313 16.0 2.494999885559082 0.0 49.0009994506836 13.564000129699709 44.15549850463867
48.75299835205078 15.916000366210938 2.494999885559082 0.0 46.2130012512207 12.920000076293944 43.2765007019043
45.56999969482422 14.072999954223633 1.2790000438690186 0.0 43.74700164794922 11.821000099182127 42.617000579833984
47.1609992980957 15.413000106811523 2.505000114440918 0.0 44.81900024414063 12.84000015258789 41.51850128173828
45.31800079345703 14.659000396728516 1.2690000534057615 0.0 43.479000091552734 12.383999824523926 41.079498291015625
46.57500076293945 15.748000144958494 2.483999967575073 0.0 44.229000091552734 13.161999702453612 40.20050048828125
42.72200012207031 14.491999626159668 1.2369999885559082 0.0 41.415000915527344 12.277000427246096 40.41999816894531
45.98899841308594 14.82699966430664 1.2369999885559082 0.0 44.65800094604492 12.62600040435791 42.397499084472656
53.69499969482422 18.010000228881836 2.45199990272522 0.0 51.14500045776367 14.555999755859377 44.59500122070313
58.38600158691406 21.025999069213867 2.45199990272522 0.0 55.97000122070313 17.26300048828125 47.23149871826172
59.47499847412109 21.61199951171875 2.45199990272522 0.0 56.61399841308594 17.503999710083008 50.74700164794922
60.14500045776367 20.27199935913086 1.2899999618530271 0.0 57.92699813842773 16.620000839233402 52.7244987487793
60.39699935913086 21.19300079345703 2.5910000801086426 0.0 58.59700012207031 17.075000762939453 53.60350036621094
60.39699935913086 21.44499969482422 1.3969999551773071 0.0 58.40999984741211 17.665000915527344 55.58100128173828
60.98300170898438 22.70100021362305 2.611999988555908 1.246999979019165 58.8120002746582 18.17399978637696 56.02050018310547
60.81600189208984 21.780000686645508 1.3860000371932983 0.0 58.51699829101562 17.7450008392334 54.70199966430664
59.72700119018555 21.527999877929688 2.6010000705718994 1.2150000333786009 57.57899856567383 17.181999206542972 52.7244987487793
57.54899978637695 19.684999465942383 2.6010000705718994 0.0 54.87099838256836 16.030000686645508 51.6259994506836
52.60599899291992 15.413000106811523 2.6010000705718994 0.0 50.31399917602539 12.383999824523926 50.30749893188477
56.62699890136719 17.590999603271484 2.6010000705718994 0.0 53.88000106811523 13.965999603271484 48.76950073242188
62.32300186157226 21.11000061035156 2.6010000705718994 0.0 59.5890007019043 17.04800033569336 47.45100021362305
60.89899826049805 20.69099998474121 2.6010000705718994 1.3109999895095823 57.63199996948242 16.29800033569336 46.571998596191406
58.72100067138672 20.27199935913086 2.622999906539917 1.2150000333786009 55.38100051879883 15.949000358581545 45.91350173950195
53.52799987792969 18.0939998626709 2.622999906539917 0.0 51.25299835205078 15.038000106811523 45.4734992980957
52.68999862670898 18.010000228881836 1.2150000333786009 0.0 50.98500061035156 15.17199993133545 44.59450149536133
52.85800170898438 18.010000228881836 2.7079999446868896 0.0 49.99300003051758 14.501999855041506 43.71549987792969
51.09799957275391 17.926000595092773 1.2150000333786009 0.0 49.8849983215332 15.279000282287598 43.2765007019043
52.94100189208984 18.34499931335449 2.569000005722046 0.0 49.40299987792969 14.850000381469728 42.617000579833984
51.68500137329102 18.17799949645996 2.697000026702881 0.0 49.26900100708008 15.279000282287598 41.95800018310547
50.76300048828125 18.429000854492188 2.697000026702881 1.2150000333786009 48.14300155639648 14.904000282287598 41.51850128173828
41.88399887084961 13.654000282287598 1.2580000162124634 0.0 40.74499893188477 11.847999572753904 41.73799896240234
46.2400016784668 14.82699966430664 1.3220000267028809 0.0 44.81900024414063 12.571999549865724 43.71599960327149
53.86299896240234 17.759000778198242 1.3220000267028809 0.0 51.95000076293945 14.609000205993652 46.13299942016602
55.45399856567383 18.26099967956543 1.3220000267028809 0.0 53.10200119018555 15.199000358581545 48.54949951171875
56.62699890136719 18.429000854492188 2.5369999408721924 0.0 54.22800064086914 15.118000030517578 50.30749893188477
59.39099884033203 19.099000930786133 2.440999984741211 0.0 57.17699813842773 15.76200008392334 52.94400024414063
60.98300170898438 19.60199928283692 2.440999984741211 0.0 57.84700012207031 15.8149995803833 54.70199966430664
58.38600158691406 18.26099967956543 2.440999984741211 0.0 55.48799896240234 14.63599967956543 56.89950180053711
58.21900177001953 19.26700019836425 1.246999979019165 0.0 56.34600067138672 15.359999656677244 57.77849960327149
58.72100067138672 19.26700019836425 2.4730000495910645 0.0 56.50699996948242 15.895999908447266 56.459999084472656
51.93600082397461 15.581000328063965 2.463000059127808 0.0 49.5099983215332 12.41100025177002 54.26300048828125
56.125 16.836999893188473 2.463000059127808 0.0 53.85300064086914 13.482999801635742 52.94400024414063
54.02999877929688 16.166999816894528 2.463000059127808 0.0 52.05699920654297 13.135000228881836 51.186500549316406
60.14500045776367 19.099000930786133 2.463000059127808 0.0 57.36399841308594 15.145000457763672 49.42850112915039
58.21900177001953 17.674999237060547 2.463000059127808 0.0 56.07799911499024 14.126999855041506 48.33000183105469
62.49100112915039 21.025999069213867 3.688999891281128 1.22599995136261 59.64300155639648 16.110000610351562 47.67050170898438
57.29700088500977 19.183000564575195 2.3559999465942383 0.0 55.48799896240234 15.574000358581545 47.23149871826172
57.13000106811523 19.684999465942383 3.5720000267028813 1.3109999895095823 53.82600021362305 15.574000358581545 46.352500915527344
49.42300033569336 16.250999450683597 1.7699999809265137 0.0 48.35800170898438 13.590999603271484 45.91350173950195
52.94100189208984 16.753999710083008 3.059999942779541 1.246999979019165 49.40299987792969 12.973999977111816 45.03450012207031
51.68500137329102 17.423999786376953 1.343000054359436 0.0 50.82400131225586 14.824000358581545 44.15549850463867
50.34500122070313 16.836999893188473 3.006999969482422 0.0 47.6609992980957 13.83199977874756 43.71549987792969
49.59099960327149 16.92099952697754 0.0 0.0 48.196998596191406 14.42099952697754 42.83649826049805
51.09799957275391 17.34000015258789 2.5269999504089355 0.0 48.73300170898438 14.368000030517578 42.83649826049805
41.88399887084961 12.984000205993652 1.7480000257492063 0.0 40.69100189208984 10.989999771118164 43.05649948120117
45.90499877929688 14.576000213623049 0.0 0.0 45.19400024414063 12.652000427246096 43.93550109863281
54.11399841308594 19.099000930786133 1.343000054359436 0.0 52.64599990844727 16.19099998474121 46.352500915527344
53.86299896240234 16.586000442504886 1.2150000333786009 0.0 52.35200119018555 13.777999877929688 48.98949813842773
61.82099914550781 21.780000686645508 1.2150000333786009 0.0 60.3129997253418 18.040000915527344 52.50500106811523
60.81600189208984 19.60199928283692 0.0 0.0 59.4020004272461 16.431999206542972 54.48249816894531
59.13999938964844 18.429000854492188 1.246999979019165 0.0 57.68600082397461 15.305999755859377 55.36100006103516
59.30799865722656 19.937000274658203 1.246999979019165 0.0 57.79299926757813 16.458999633789062 57.11949920654297
48.16699981689453 13.654000282287598 0.0 0.0 47.178001403808594 11.312000274658203 58.4375
52.85800170898438 17.256000518798828 0.0 0.0 51.81600189208984 14.63599967956543 56.89950180053711
52.10400009155274 16.083000183105472 1.3009999990463257 0.0 50.52899932861328 13.081000328063965 54.26300048828125
54.95199966430664 17.759000778198242 1.3009999990463257 0.0 52.80699920654297 14.6899995803833 52.94400024414063
49.59099960327149 13.487000465393065 1.375 0.0 48.35800170898438 11.418999671936035 51.186500549316406
57.88399887084961 17.423999786376953 2.664999961853028 0.0 55.40700149536133 13.590999603271484 48.98949813842773
60.81600189208984 19.350000381469727 2.45199990272522 0.0 58.03400039672852 15.17199993133545 47.67050170898438
56.3759994506836 17.843000411987305 2.440999984741211 0.0 54.17399978637695 14.340999603271484 46.79199981689453
55.0359992980957 17.172000885009766 3.677999973297119 1.5779999494552612 51.84199905395508 13.29599952697754 46.352500915527344
54.95199966430664 18.0939998626709 2.463000059127808 0.0 52.19100189208984 14.850000381469728 45.4734992980957
54.86800003051758 18.68000030517578 3.677999973297119 1.375 51.73500061035156 14.824000358581545 44.59450149536133
52.77399826049805 17.926000595092773 2.4200000762939453 0.0 50.28799819946289 14.984000205993652 43.71549987792969
51.43399810791016 17.507999420166016 2.1540000438690186 0.0 49.61700057983398 14.58199977874756 43.2765007019043
51.34999847412109 17.759000778198242 3.380000114440918 0.0 48.5989990234375 14.715999603271484 42.397499084472656
49.3390007019043 16.753999710083008 1.7480000257492063 0.0 47.125 13.993000030517578 41.95800018310547
51.93600082397461 18.51300048828125 2.96399998664856 0.0 49.26900100708008 15.305999755859377 41.73799896240234
49.25600051879883 17.759000778198242 1.2369999885559082 0.0 47.6870002746582 15.17199993133545 41.95800018310547
49.3390007019043 15.83199977874756 1.2150000333786009 0.0 47.98199844360352 13.37600040435791 43.93550109863281
56.96200180053711 19.937000274658203 0.0 0.0 55.99700164794922 17.236000061035153 46.13299942016602
56.04100036621094 17.926000595092773 1.2150000333786009 0.0 53.93299865722656 14.770000457763672 48.33000183105469
62.2400016784668 21.36100006103516 1.2150000333786009 0.0 60.71500015258789 17.63800048828125 51.84550094604492
61.1510009765625 20.27199935913086 1.3109999895095823 0.0 59.83000183105469 16.861000061035153 53.60350036621094
60.3129997253418 19.85300064086914 1.375 0.0 58.8650016784668 16.458999633789062 54.92200088500977
57.71599960327149 18.763999938964844 1.2150000333786009 0.0 56.21200180053711 15.76200008392334 57.11899948120117
54.28200149536133 18.847999572753903 1.2369999885559082 0.0 52.78099822998047 15.654999732971191 57.99800109863281
52.27099990844727 15.83199977874756 1.22599995136261 0.0 50.71599960327149 13.081000328063965 56.67950057983398
59.30799865722656 20.1879997253418 1.22599995136261 0.0 57.63199996948242 16.88800048828125 54.26300048828125
61.06700134277344 21.69599914550781 2.5160000324249268 0.0 58.35599899291992 17.77199935913086 52.7244987487793
55.87300109863281 17.590999603271484 2.5160000324249268 0.0 53.53099822998047 14.100000381469728 51.40599822998047
59.13999938964844 18.59600067138672 0.0 0.0 58.06100082397461 15.4399995803833 49.64849853515625
61.56900024414063 20.69099998474121 3.785000085830689 1.4609999656677246 58.59700012207031 16.270999908447266 48.76950073242188
58.05099868774414 19.183000564575195 2.494999885559082 0.0 55.19300079345703 15.494000434875488 47.89049911499024
56.3759994506836 18.51300048828125 3.742000102996826 0.0 53.69200134277344 15.038000106811523 47.23149871826172
53.2760009765625 17.759000778198242 2.121999979019165 1.2150000333786009 50.20700073242188 14.234000205993652 46.571998596191406
55.53799819946289 18.847999572753903 2.121999979019165 0.0 52.05699920654297 15.118000030517578 45.91350173950195
54.70000076293945 18.68000030517578 2.121999979019165 1.2150000333786009 51.65499877929688 15.199000358581545 45.25400161743164
53.86299896240234 18.0939998626709 2.121999979019165 0.0 51.25299835205078 14.850000381469728 44.81449890136719
53.44400024414063 18.51300048828125 2.121999979019165 0.0 50.47499847412109 15.22599983215332 44.15549850463867
52.27099990844727 17.590999603271484 2.121999979019165 0.0 49.45700073242188 14.770000457763672 43.93550109863281
51.09799957275391 17.507999420166016 2.121999979019165 0.0 48.4379997253418 14.529000282287598 43.49599838256836
51.51699829101562 19.01499938964844 2.121999979019165 0.0 49.5099983215332 15.97599983215332 43.71549987792969
41.46500015258789 12.732999801635742 2.121999979019165 0.0 40.23500061035156 10.989999771118164 44.81449890136719
50.59600067138672 16.670000076293945 1.22599995136261 0.0 49.02799987792969 14.340999603271484 46.571998596191406
51.93600082397461 16.334999084472653 1.22599995136261 0.0 50.31399917602539 13.939000129699709 48.33000183105469
55.37099838256836 17.843000411987305 1.2369999885559082 0.0 53.45100021362305 15.199000358581545 51.40650177001953
55.87300109863281 19.01499938964844 0.0 0.0 54.71099853515625 16.325000762939453 52.7244987487793
54.95199966430664 18.847999572753903 1.2580000162124634 0.0 53.77199935913086 16.056999206542972 53.60350036621094
55.78900146484375 19.43400001525879 1.2580000162124634 0.0 54.25500106811523 16.110000610351562 54.70199966430664
57.88399887084961 18.93199920654297 1.2580000162124634 0.0 56.29199981689453 15.8149995803833 48.98899841308594
60.98300170898438 21.11000061035156 1.3220000267028809 0.0 59.50899887084961 17.63800048828125 51.6259994506836
61.48600006103516 21.780000686645508 1.3650000095367432 0.0 59.72299957275391 17.584999084472653 51.84550094604492
60.81600189208984 20.77400016784668 1.3650000095367432 0.0 58.51699829101562 16.995000839233402 51.84550094604492
56.29199981689453 16.753999710083008 3.1559998989105225 0.0 53.07500076293945 13.37600040435791 50.74700164794922
58.63800048828125 18.010000228881836 3.059999942779541 0.0 56.21200180053711 14.234000205993652 48.98949813842773
63.83100128173828 21.94700050354004 2.9749999046325684 0.0 60.76900100708008 17.531000137329098 47.89049911499024
59.47499847412109 20.43899917602539 2.9749999046325684 1.246999979019165 56.72100067138672 16.110000610351562 46.79199981689453
57.63199996948242 19.43400001525879 2.463000059127808 0.0 55.13899993896485 15.680999755859377 46.352500915527344
53.0250015258789 16.419000625610348 2.463000059127808 0.0 50.79700088500977 13.456000328063965 45.69350051879883
52.35499954223633 17.507999420166016 1.2150000333786009 0.0 50.52899932861328 14.501999855041506 45.25400161743164
49.00400161743164 16.250999450683597 2.697000026702881 0.0 47.74100112915039 13.725000381469728 44.81449890136719
50.512001037597656 16.836999893188473 2.697000026702881 0.0 48.11600112915039 14.100000381469728 44.15549850463867
50.17699813842773 17.507999420166016 2.697000026702881 0.0 47.84799957275391 14.475000381469728 43.49599838256836
45.4020004272461 14.82699966430664 1.22599995136261 0.0 43.31800079345703 12.41100025177002 43.05649948120117
41.96799850463867 14.072999954223633 1.3220000267028809 0.0 40.15499877929688 11.875 42.617000579833984
48.584999084472656 17.256000518798828 1.2580000162124634 0.0 46.64199829101562 14.555999755859377 42.178001403808594
46.15599822998047 14.407999992370604 1.2580000162124634 0.0 44.685001373291016 12.25 43.2760009765625
53.36000061035156 17.590999603271484 1.246999979019165 0.0 51.81600189208984 14.79699993133545 45.25400161743164
54.02999877929688 17.507999420166016 1.246999979019165 0.0 52.512001037597656 14.42099952697754 47.67100143432617
60.73199844360352 21.69599914550781 1.246999979019165 0.0 59.29399871826172 18.334999084472656 50.74700164794922
61.06700134277344 20.356000900268555 1.2580000162124634 0.0 59.5890007019043 16.995000839233402 52.7244987487793
61.65299987792969 20.941999435424805 1.3539999723434448 0.0 60.23300170898438 17.423999786376953 53.82350158691406
59.39099884033203 20.941999435424805 1.246999979019165 0.0 57.874000549316406 17.611000061035156 56.459999084472656
59.64300155639648 21.69599914550781 1.246999979019165 0.0 57.98099899291992 18.2549991607666 57.11899948120117
58.21900177001953 19.768999099731445 1.2580000162124634 0.0 56.88199996948242 16.593000411987305 56.02050018310547
57.38100051879883 20.27199935913086 1.2150000333786009 0.0 55.81000137329102 16.968000411987305 54.26300048828125
59.47499847412109 20.77400016784668 1.3969999551773071 0.0 58.35599899291992 17.423999786376953 52.94400024414063
55.37099838256836 17.256000518798828 1.2899999618530271 0.0 54.14799880981445 14.18000030517578 51.6259994506836
60.39699935913086 19.183000564575195 3.82699990272522 1.2150000333786009 57.12300109863281 14.876999855041506 49.86800003051758
61.90499877929688 21.69599914550781 1.758999943733215 0.0 60.17900085449219 17.63800048828125 48.76950073242188
63.24499893188477 22.36599922180176 3.006999969482422 1.3329999446868896 60.23300170898438 17.826000213623047 47.89049911499024
59.89400100708008 21.527999877929688 3.006999969482422 1.3009999990463257 57.76599884033203 17.451000213623047 47.45100021362305
58.05099868774414 19.60199928283692 2.740000009536743 1.22599995136261 54.01399993896485 15.520999908447266 46.79199981689453
53.946998596191406 18.51300048828125 2.740000009536743 0.0 50.95800018310547 15.22599983215332 45.91350173950195
51.43399810791016 17.004999160766598 2.740000009536743 0.0 48.7599983215332 14.072999954223633 45.25400161743164
51.26599884033203 17.507999420166016 2.740000009536743 0.0 49.02799987792969 14.63599967956543 44.59450149536133
50.93099975585938 17.590999603271484 2.750999927520752 0.0 48.46500015258789 14.395000457763672 43.93550109863281
52.77399826049805 18.93199920654297 1.3220000267028809 0.0 49.61700057983398 15.22599983215332 43.49599838256836
52.68999862670898 19.183000564575195 2.5369999408721924 0.0 49.48300170898438 15.949000358581545 42.617000579833984
49.50699996948242 18.59600067138672 2.5369999408721924 0.0 47.28499984741211 15.708000183105469 42.617000579833984
50.68000030517578 17.34000015258789 2.5369999408721924 0.0 48.196998596191406 14.314000129699709 43.93550109863281
57.46500015258789 21.527999877929688 1.3220000267028809 0.0 56.10400009155274 18.28199958801269 46.352500915527344
55.45399856567383 17.674999237060547 1.3220000267028809 0.0 53.71900177001953 14.743000030517578 48.54949951171875
60.0620002746582 19.937000274658203 1.3220000267028809 0.0 58.6510009765625 16.378000259399414 52.06549835205078
62.15599822998047 21.44499969482422 1.3220000267028809 0.0 60.76900100708008 17.798999786376953 53.82350158691406
59.55899810791016 20.020999908447266 1.2369999885559082 0.0 58.678001403808594 16.995000839233402 53.82350158691406
62.49100112915039 21.863000869750977 1.2150000333786009 0.0 61.0099983215332 18.201000213623047 54.70199966430664
61.48600006103516 25.632999420166016 1.2150000333786009 0.0 58.6510009765625 17.181999206542972 55.14149856567383
58.55400085449219 20.020999908447266 1.2150000333786009 0.0 56.90900039672852 17.04800033569336 54.48199844360352
60.64799880981445 20.77400016784668 1.22599995136261 0.0 59.0260009765625 17.236000061035153 53.16400146484375
59.72700119018555 20.60700035095215 1.246999979019165 0.0 58.00799942016602 17.04800033569336 52.28549957275391
55.95700073242188 17.926000595092773 2.687000036239624 0.0 53.82600021362305 14.743000030517578 51.186500549316406
62.57500076293945 20.941999435424805 2.687000036239624 1.3220000267028809 59.0260009765625 16.56599998474121 50.0880012512207
63.32899856567383 21.025999069213867 2.9110000133514404 1.2369999885559082 59.75 16.56599998474121 48.54949951171875
58.21900177001953 18.68000030517578 1.4709999561309814 0.0 56.85499954223633 15.734999656677244 47.67050170898438
56.54299926757813 18.763999938964844 2.719000101089477 0.0 54.68399810791016 15.54699993133545 47.23149871826172
55.0359992980957 18.93199920654297 2.719000101089477 0.0 53.42399978637695 15.895999908447266 46.571998596191406
53.946998596191406 18.17799949645996 2.888999938964844 0.0 50.82400131225586 14.6899995803833 46.13299942016602
53.44400024414063 18.429000854492188 1.22599995136261 0.0 51.25299835205078 15.38700008392334 45.91350173950195
51.93600082397461 17.674999237060547 2.622999906539917 0.0 49.56399917602539 14.79699993133545 45.03450012207031
52.52299880981445 18.51300048828125 2.632999897003174 0.0 49.61700057983398 15.333000183105469 44.15549850463867
52.27099990844727 18.68000030517578 2.632999897003174 0.0 49.45700073242188 15.38700008392334 43.71549987792969
53.10900115966797 19.43400001525879 2.632999897003174 0.0 49.85900115966797 15.97599983215332 42.83649826049805
49.92599868774414 18.51300048828125 2.632999897003174 0.0 48.4379997253418 15.708000183105469 43.49599838256836
45.98899841308594 14.491999626159668 0.0 0.0 44.92599868774414 12.517999649047852 44.375
50.68000030517578 15.83199977874756 1.246999979019165 0.0 49.24200057983398 13.241999626159668 46.352500915527344
59.81000137329102 21.36100006103516 1.2150000333786009 0.0 58.4370002746582 17.826000213623047 48.98949813842773
59.55899810791016 19.937000274658203 1.2150000333786009 0.0 58.06100082397461 16.511999130249027 52.94400024414063
60.0620002746582 19.099000930786133 1.2150000333786009 0.0 58.89199829101562 15.8149995803833 54.04299926757813
58.88899993896485 18.93199920654297 1.2150000333786009 0.0 57.17699813842773 15.628000259399414 54.70199966430664
60.3129997253418 20.27199935913086 1.3329999446868896 0.0 59.26800155639648 16.861000061035153 56.89950180053711
61.4020004272461 21.36100006103516 1.2150000333786009 0.0 59.9640007019043 17.691999435424805 57.55849838256836
60.89899826049805 21.19300079345703 1.2150000333786009 0.0 59.4020004272461 17.691999435424805 54.92150115966797
59.13999938964844 19.768999099731445 0.0 0.0 58.16799926757813 16.700000762939453 51.6259994506836
59.13999938964844 19.183000564575195 1.2790000438690186 0.0 56.98899841308594 15.97599983215332 50.30749893188477
53.0250015258789 16.836999893188473 0.0 0.0 52.08399963378906 14.072999954223633 49.64849853515625
63.32899856567383 21.61199951171875 2.5480000972747803 1.22599995136261 60.01800155639648 17.04800033569336 48.54999923706055
62.2400016784668 20.52300071716309 1.3329999446868896 0.0 60.58100128173828 16.726999282836914 48.33000183105469
61.31800079345703 0.0 0.0 0.0 60.09799957275391 0.0 48.11050033569336
56.87799835205078 19.01499938964844 1.246999979019165 0.0 55.75600051879883 15.895999908447266 47.54899978637695
57.13000106811523 19.43400001525879 1.2150000333786009 0.0 56.02399826049805 16.163999557495114 47.32899856567383
57.13000106811523 19.43400001525879 1.2150000333786009 0.0 56.02399826049805 16.163999557495114 47.32899856567383
57.13000106811523 19.43400001525879 1.2150000333786009 0.0 56.02399826049805 16.163999557495114 47.32899856567383
57.13000106811523 19.43400001525879 1.2150000333786009 0.0 56.02399826049805 16.163999557495114 47.32899856567383
57.13000106811523 19.43400001525879 1.2150000333786009 0.0 56.02399826049805 16.163999557495114 47.32899856567383
57.13000106811523 19.43400001525879 1.2150000333786009 0.0 56.02399826049805 16.163999557495114 47.32899856567383
57.13000106811523 19.43400001525879 1.2150000333786009 0.0 56.02399826049805 16.163999557495114 47.32899856567383
57.13000106811523 19.43400001525879 1.2150000333786009 0.0 56.02399826049805 16.163999557495114 47.32899856567383
57.13000106811523 19.43400001525879 1.2150000333786009 0.0 56.02399826049805 16.163999557495114 47.32899856567383
57.13000106811523 19.43400001525879 1.2150000333786009 0.0 56.02399826049805 16.163999557495114 47.32899856567383
57.13000106811523 19.43400001525879 1.2150000333786009 0.0 56.02399826049805 16.163999557495114 47.32899856567383
57.13000106811523 19.43400001525879 1.2150000333786009 0.0 56.02399826049805 16.163999557495114 47.32899856567383
57.13000106811523 19.43400001525879 1.2150000333786009 0.0 56.02399826049805 16.163999557495114 47.32899856567383
57.13000106811523 19.43400001525879 1.2150000333786009 0.0 56.02399826049805 16.163999557495114 47.32899856567383
57.13000106811523 19.43400001525879 1.2150000333786009 0.0 56.02399826049805 16.163999557495114 47.32899856567383
57.13000106811523 19.43400001525879 1.2150000333786009 0.0 56.02399826049805 16.163999557495114 47.32899856567383
57.13000106811523 19.43400001525879 1.2150000333786009 0.0 56.02399826049805 16.163999557495114 47.32899856567383
57.13000106811523 19.43400001525879 1.2150000333786009 0.0 56.02399826049805 16.163999557495114 47.32899856567383
57.13000106811523 19.43400001525879 1.2150000333786009 0.0 56.02399826049805 16.163999557495114 47.32899856567383
57.13000106811523 19.43400001525879 1.2150000333786009 0.0 56.02399826049805 16.163999557495114 47.32899856567383
57.13000106811523 19.43400001525879 1.2150000333786009 0.0 56.02399826049805 16.163999557495114 47.32899856567383
57.13000106811523 19.43400001525879 1.2150000333786009 0.0 56.02399826049805 16.163999557495114 47.32899856567383
57.13000106811523 19.43400001525879 1.2150000333786009 0.0 56.02399826049805 16.163999557495114 47.32899856567383
57.13000106811523 19.43400001525879 1.2150000333786009 0.0 56.02399826049805 16.163999557495114 47.32899856567383
50.68000030517578 16.836999893188473 2.719000101089477 0.0 48.16999816894531 13.456000328063965 45.13199996948242
51.76900100708008 17.256000518798828 2.5910000801086426 0.0 48.70600128173828 13.725000381469728 44.69250106811523
48.66899871826172 16.250999450683597 2.5910000801086426 0.0 46.803001403808594 13.321999549865724 43.8134994506836
51.68500137329102 17.674999237060547 2.7929999828338623 0.0 48.51800155639648 14.26099967956543 42.93450164794922
49.59099960327149 17.172000885009766 2.7929999828338623 0.0 47.7140007019043 14.100000381469728 42.49499893188477
51.01499938964844 17.926000595092773 2.5910000801086426 1.2150000333786009 47.20500183105469 14.529000282287598 41.83599853515625
49.17200088500977 17.34000015258789 1.375 0.0 48.16999816894531 14.876999855041506 41.17649841308594
49.67399978637695 17.507999420166016 2.5910000801086426 0.0 47.25899887084961 14.609000205993652 41.17649841308594
45.48600006103516 15.581000328063965 2.5910000801086426 0.0 43.98799896240234 13.29599952697754 41.39649963378906
49.67399978637695 16.92099952697754 2.5910000801086426 0.0 48.33100128173828 14.100000381469728 43.374000549316406
51.09799957275391 16.753999710083008 2.5910000801086426 0.0 49.72499847412109 13.83199977874756 45.35150146484375
54.86800003051758 17.674999237060547 1.2790000438690186 0.0 53.15599822998047 14.6899995803833 49.5265007019043
58.80500030517578 18.68000030517578 1.2790000438690186 0.0 57.49800109863281 15.680999755859377 50.84450149536133
56.54299926757813 18.0939998626709 1.2790000438690186 0.0 55.22000122070313 15.038000106811523 51.7234992980957
58.63800048828125 19.937000274658203 1.2150000333786009 0.0 57.41799926757813 16.67300033569336 52.38249969482422
56.96200180053711 19.350000381469727 1.2150000333786009 0.0 55.56800079345703 16.270999908447266 53.92100143432617
58.303001403808594 19.85300064086914 1.2150000333786009 0.0 56.88199996948242 16.378000259399414 53.04199981689453
58.80500030517578 20.1879997253418 1.2150000333786009 0.0 57.36399841308594 16.726999282836914 51.50400161743164
56.71099853515625 19.01499938964844 1.2150000333786009 0.0 55.03200149536133 15.734999656677244 50.18600082397461
53.44400024414063 16.166999816894528 2.463000059127808 0.0 51.03799819946289 13.21500015258789 48.86700057983398
59.13999938964844 19.350000381469727 2.463000059127808 0.0 56.72100067138672 15.520999908447266 47.54899978637695
58.72100067138672 19.350000381469727 2.463000059127808 0.0 56.45299911499024 16.030000686645508 46.88949966430664
54.61700057983398 17.423999786376953 2.463000059127808 0.0 53.12900161743164 14.475000381469728 46.66999816894531
55.70600128173828 18.763999938964844 2.463000059127808 0.0 53.55799865722656 15.520999908447266 45.79100036621094
52.27099990844727 17.507999420166016 2.463000059127808 0.0 50.12699890136719 14.314000129699709 45.35200119018555
53.44400024414063 17.926000595092773 2.463000059127808 1.2150000333786009 50.23400115966797 14.019000053405762 44.69250106811523
52.77399826049805 17.423999786376953 3.7100000381469727 1.3329999446868896 49.56399917602539 13.885000228881836 43.8134994506836
52.02000045776367 17.590999603271484 2.494999885559082 0.0 48.73300170898438 14.286999702453612 43.59400177001953
51.18199920654297 17.759000778198242 2.494999885559082 1.2150000333786009 48.2770004272461 14.340999603271484 43.15399932861328
50.34500122070313 17.507999420166016 2.5269999504089355 0.0 48.09000015258789 14.447999954223633 42.71500015258789
49.42300033569336 17.004999160766598 2.5269999504089355 0.0 47.09799957275391 14.20699977874756 42.275001525878906
47.74800109863281 16.586000442504886 0.0 0.0 46.72200012207031 14.340999603271484 42.49499893188477
49.17200088500977 17.674999237060547 1.2150000333786009 0.0 47.98199844360352 15.22599983215332 43.374000549316406
54.44900131225586 19.768999099731445 1.2150000333786009 0.0 53.18299865722656 16.88800048828125 45.57099914550781
50.17699813842773 14.241000175476074 1.22599995136261 0.0 48.70600128173828 11.821000099182127 47.54850006103516
56.87799835205078 18.68000030517578 1.22599995136261 0.0 55.48799896240234 15.574000358581545 49.74599838256836
58.63800048828125 18.51300048828125 1.22599995136261 0.0 57.39099884033203 15.467000007629396 50.625
57.96699905395508 18.93199920654297 1.246999979019165 0.0 56.18500137329102 15.8149995803833 50.84450149536133
52.52299880981445 20.1879997253418 1.246999979019165 0.0 50.39500045776367 15.279000282287598 46.45000076293945
54.95199966430664 20.1879997253418 1.246999979019165 0.0 53.34299850463867 17.236000061035153 42.71500015258789
55.70600128173828 20.77400016784668 1.246999979019165 0.0 54.20100021362305 17.7189998626709 43.15449905395508
55.37099838256836 19.937000274658203 1.22599995136261 0.0 53.53099822998047 16.726999282836914 43.15449905395508
55.20299911499024 19.26700019836425 1.22599995136261 0.0 53.55799865722656 16.19099998474121 42.71500015258789
48.584999084472656 16.670000076293945 1.2150000333786009 0.0 47.3120002746582 14.314000129699709 41.39599990844727
55.45399856567383 18.847999572753903 2.611999988555908 0.0 53.34299850463867 15.17199993133545 41.39599990844727
56.54299926757813 19.85300064086914 2.611999988555908 1.2150000333786009 53.36999893188477 15.680999755859377 40.95700073242188
54.86800003051758 19.60199928283692 1.8980000019073489 0.0 53.39699935913086 16.378000259399414 40.51800155639648
49.50699996948242 15.916000366210938 3.134000062942505 0.0 46.53499984741211 12.598999977111816 36.78200149536133
49.42300033569336 17.843000411987305 2.7929999828338623 0.0 47.28499984741211 14.850000381469728 34.14550018310547
49.25600051879883 17.507999420166016 2.7929999828338623 0.0 46.9370002746582 14.447999954223633 34.365501403808594
47.41299819946289 16.92099952697754 2.6010000705718994 0.0 45.2750015258789 14.072999954223633 34.365001678466804
46.071998596191406 16.0 1.2690000534057615 0.0 44.63199996948242 13.911999702453612 34.14550018310547
44.81600189208984 15.83199977874756 2.483999967575073 0.0 41.73699951171875 12.920000076293944 34.80500030517578
45.48600006103516 16.670000076293945 1.2690000534057615 0.0 44.25600051879883 14.340999603271484 35.02450180053711
49.25600051879883 17.590999603271484 2.6010000705718994 0.0 45.999000549316406 14.340999603271484 35.24399948120117
42.05199813842773 14.659000396728516 1.3539999723434448 0.0 40.04800033569336 12.652000427246096 35.903499603271484
42.88899993896485 14.241000175476074 2.569000005722046 0.0 40.39599990844727 12.170000076293944 36.78200149536133
47.49599838256836 16.753999710083008 0.0 0.0 46.29399871826172 14.475000381469728 38.10049819946289
41.632999420166016 12.732999801635742 1.2150000333786009 0.0 40.50299835205078 10.642000198364258 39.85850143432617
41.2140007019043 11.5600004196167 0.0 0.0 40.28900146484375 9.756999969482422 39.41899871826172
41.88399887084961 10.722000122070312 1.2150000333786009 0.0 40.71799850463867 9.006999969482422 38.540000915527344
44.39699935913086 13.821999549865724 1.2150000333786009 0.0 42.83599853515625 11.66100025177002 40.07799911499024
45.31800079345703 15.581000328063965 1.2150000333786009 0.0 44.28300094604492 13.37600040435791 41.39599990844727
49.50699996948242 17.34000015258789 1.2150000333786009 0.0 47.875 14.395000457763672 42.05550003051758
51.76900100708008 17.926000595092773 1.2150000333786009 0.0 50.07300186157226 14.930999755859377 41.83599853515625
51.60100173950195 17.590999603271484 1.2150000333786009 0.0 50.26100158691406 14.79699993133545 41.17649841308594
52.1870002746582 17.089000701904293 2.494999885559082 0.0 49.96599960327149 13.859000205993652 39.85850143432617
48.75299835205078 14.576000213623049 2.494999885559082 0.0 45.94499969482422 11.526000022888184 39.63899993896485
52.35499954223633 15.83199977874756 2.494999885559082 0.0 50.52899932861328 12.894000053405762 39.19900131225586
53.2760009765625 17.843000411987305 2.494999885559082 1.2150000333786009 50.07300186157226 14.100000381469728 38.31999969482422
49.59099960327149 16.250999450683597 2.740000009536743 0.0 46.29399871826172 12.946999549865724 38.10049819946289
43.72700119018555 12.062999725341797 2.740000009536743 1.2690000534057615 40.39599990844727 9.194000244140623 37.44100189208984
42.303001403808594 14.072999954223633 2.559000015258789 0.0 39.75299835205078 11.33899974822998 37.6609992980957
42.05199813842773 13.654000282287598 2.559000015258789 0.0 39.77999877929688 11.33899974822998 37.44100189208984
36.43899917602539 10.470999717712402 2.559000015258789 0.0 35.141998291015625 8.791999816894531 37.00199890136719
35.518001556396484 10.303000450134276 1.343000054359436 0.0 34.097000122070305 8.604999542236326 37.00199890136719
40.3759994506836 13.487000465393065 1.22599995136261 0.0 38.198001861572266 11.28499984741211 36.5620002746582
45.23500061035156 15.496999740600586 1.2150000333786009 0.0 43.104000091552734 13.081000328063965 36.12300109863281
46.57500076293945 16.250999450683597 0.0 0.0 45.73099899291992 14.126999855041506 36.12300109863281
45.90499877929688 16.0 0.0 0.0 44.95299911499024 14.126999855041506 36.12300109863281
43.64300155639648 14.576000213623049 1.3220000267028809 0.0 42.165000915527344 12.598999977111816 37.22150039672852
51.01499938964844 19.183000564575195 1.2580000162124634 0.0 49.72499847412109 16.511999130249027 39.63850021362305
48.66899871826172 16.166999816894528 1.3969999551773071 0.0 46.9900016784668 13.348999977111816 41.39649963378906
51.01499938964844 17.172000885009766 0.0 0.0 50.18000030517578 14.368000030517578 43.8134994506836
51.68500137329102 17.34000015258789 0.0 0.0 50.79700088500977 14.58199977874756 45.57099914550781
53.44400024414063 19.684999465942383 0.0 0.0 52.512001037597656 16.620000839233402 44.91249847412109
53.36000061035156 20.020999908447266 0.0 0.0 52.11000061035156 16.753999710083008 44.47249984741211
53.2760009765625 19.768999099731445 0.0 0.0 52.53900146484375 16.833999633789062 46.01100158691406
52.35499954223633 19.183000564575195 0.0 0.0 51.43999862670898 16.056999206542972 47.32899856567383
52.77399826049805 18.68000030517578 0.0 0.0 51.54700088500977 15.708000183105469 46.88949966430664
53.2760009765625 18.847999572753903 1.2369999885559082 0.0 51.86899948120117 15.574000358581545 45.35200119018555
49.84199905395508 15.83199977874756 2.45199990272522 0.0 47.09799957275391 12.652000427246096 44.03300094604492
53.946998596191406 18.34499931335449 2.45199990272522 0.0 52.45899963378906 15.54699993133545 42.49499893188477
58.1349983215332 21.19300079345703 3.688999891281128 1.2150000333786009 54.41600036621094 17.101999282836914 41.61600112915039
52.43899917602539 18.847999572753903 3.5720000267028813 1.2580000162124634 48.571998596191406 15.305999755859377 40.95700073242188
51.26599884033203 18.34499931335449 2.782999992370605 0.0 48.67900085449219 14.984000205993652 40.51800155639648
49.59099960327149 18.34499931335449 2.782999992370605 0.0 45.97200012207031 14.984000205993652 40.07799911499024
47.49599838256836 16.92099952697754 2.611999988555908 0.0 45.32899856567383 14.340999603271484 39.63899993896485
46.57500076293945 16.50200080871582 2.984999895095825 0.0 43.98799896240234 13.725000381469728 39.19900131225586
45.4020004272461 16.250999450683597 2.984999895095825 0.0 42.43399810791016 13.510000228881836 38.7599983215332
44.14599990844727 16.419000625610348 2.984999895095825 0.0 40.93199920654297 13.777999877929688 38.540000915527344
43.97800064086914 16.0 2.6010000705718994 0.0 41.09299850463867 13.269000053405762 38.31999969482422
45.56999969482422 17.423999786376953 2.6010000705718994 0.0 42.88899993896485 14.609000205993652 38.10049819946289
43.55899810791016 15.161999702453612 2.6010000705718994 0.0 41.17399978637695 12.760000228881836 38.10049819946289
39.874000549316406 12.229999542236328 0.0 0.0 38.680999755859375 10.508000373840332 38.97949981689453
49.25600051879883 18.010000228881836 0.0 0.0 48.49200057983398 15.17199993133545 41.39649963378906
46.99399948120117 15.496999740600586 0.0 0.0 45.73099899291992 12.894000053405762 43.374000549316406
50.34500122070313 16.670000076293945 0.0 0.0 49.24200057983398 14.04599952697754 43.59400177001953
49.92599868774414 17.089000701904293 0.0 0.0 49.1349983215332 14.26099967956543 44.25299835205078
48.41799926757813 17.004999160766598 0.0 0.0 47.74100112915039 14.58199977874756 42.05550003051758
51.34999847412109 19.85300064086914 1.2580000162124634 0.0 50.23400115966797 17.128999710083008 41.61600112915039
51.93600082397461 19.937000274658203 0.0 0.0 50.74300003051758 16.94099998474121 46.45000076293945
48.41799926757813 18.68000030517578 0.0 0.0 47.7140007019043 15.895999908447266 46.01050186157226
50.26100158691406 18.763999938964844 0.0 0.0 49.24200057983398 15.869000434875488 45.35150146484375
53.69499969482422 19.43400001525879 2.505000114440918 0.0 51.43999862670898 16.29800033569336 44.47299957275391
51.18199920654297 17.590999603271484 3.720999956130981 1.2150000333786009 47.3120002746582 14.18000030517578 43.59400177001953
55.11899948120117 19.350000381469727 3.4219999313354488 1.22599995136261 51.52099990844727 15.413000106811523 42.71500015258789
52.60599899291992 18.26099967956543 3.4219999313354488 0.0 49.72499847412109 15.01099967956543 41.83599853515625
52.35499954223633 19.099000930786133 3.3580000400543213 1.2150000333786009 48.84000015258789 15.494000434875488 41.61600112915039
47.915000915527344 17.089000701904293 1.758999943733215 0.0 46.2130012512207 13.83199977874756 41.17649841308594
48.83700180053711 17.926000595092773 3.0699999332427983 0.0 46.05199813842773 15.01099967956543 40.51800155639648
46.49100112915039 16.250999450683597 2.868000030517578 0.0 43.58599853515625 13.564000129699709 40.07799911499024
47.41299819946289 16.753999710083008 2.868000030517578 0.0 44.20299911499024 13.83199977874756 39.19900131225586
45.56999969482422 16.250999450683597 3.0280001163482666 0.0 43.104000091552734 13.67099952697754 38.7599983215332
42.303001403808594 15.664999961853027 3.0280001163482666 0.0 39.59199905395508 12.866999626159668 38.31999969482422
42.63800048828125 13.654000282287598 2.931999921798706 1.3329999446868896 39.80699920654297 10.937000274658203 37.88100051879883
41.96799850463867 13.821999549865724 2.9210000038146973 1.2150000333786009 39.430999755859375 11.392000198364258 37.44100189208984
48.08300018310547 17.926000595092773 2.430999994277954 0.0 45.89099884033203 15.145000457763672 37.6609992980957
43.391998291015625 14.491999626159668 2.430999994277954 0.0 41.01300048828125 11.875 39.41899871826172
49.17200088500977 18.51300048828125 2.430999994277954 0.0 46.5880012512207 15.494000434875488 41.61600112915039
52.77399826049805 18.34499931335449 2.430999994277954 0.0 49.83200073242188 14.958000183105469 43.59400177001953
53.69499969482422 18.010000228881836 2.430999994277954 0.0 50.71599960327149 14.6899995803833 46.22999954223633
53.36000061035156 18.34499931335449 2.430999994277954 0.0 52.08399963378906 15.54699993133545 47.10950088500977
50.76300048828125 17.843000411987305 2.430999994277954 0.0 48.7599983215332 14.715999603271484 46.88949966430664
53.52799987792969 19.684999465942383 2.430999994277954 0.0 51.17200088500977 16.378000259399414 45.79100036621094
53.2760009765625 19.099000930786133 2.430999994277954 0.0 51.54700088500977 16.163999557495114 47.54899978637695
53.44400024414063 19.183000564575195 2.430999994277954 0.0 52.19100189208984 16.351999282836914 49.30699920654297
52.60599899291992 17.507999420166016 2.430999994277954 0.0 50.58200073242188 14.475000381469728 47.98799896240234
51.43399810791016 17.089000701904293 2.430999994277954 0.0 49.93899917602539 14.475000381469728 47.10900115966797
49.17200088500977 16.334999084472653 2.430999994277954 0.0 45.67699813842773 13.29599952697754 45.35200119018555
54.61700057983398 19.26700019836425 2.45199990272522 0.0 52.02999877929688 15.708000183105469 44.03300094604492
55.70600128173828 19.51799964904785 2.45199990272522 0.0 53.34299850463867 16.030000686645508 42.93450164794922
55.62200164794922 20.27199935913086 2.45199990272522 1.3650000095367432 52.512001037597656 16.378000259399414 42.49499893188477
51.09799957275391 18.17799949645996 2.45199990272522 0.0 48.30400085449219 14.904000282287598 42.275001525878906
47.41299819946289 16.836999893188473 2.45199990272522 0.0 45.30199813842773 14.019000053405762 41.83599853515625
46.82600021362305 16.586000442504886 2.45199990272522 0.0 44.63199996948242 13.75100040435791 41.39599990844727
46.32400131225586 15.748000144958494 2.45199990272522 0.0 43.55899810791016 13.053999900817873 40.95700073242188
45.48600006103516 16.083000183105472 2.45199990272522 0.0 42.13899993896485 13.187999725341797 40.07799911499024
45.56999969482422 16.0 2.750999927520752 0.0 43.42499923706055 13.482999801635742 39.41899871826172
46.74300003051758 16.50200080871582 2.750999927520752 0.0 43.37200164794922 13.75100040435791 39.19900131225586
43.72700119018555 14.407999992370604 2.4730000495910645 0.0 40.69100189208984 11.795000076293944 38.7599983215332
44.81600189208984 15.664999961853027 1.2580000162124634 0.0 43.55899810791016 13.590999603271484 39.19900131225586
45.31800079345703 14.576000213623049 2.4730000495910645 0.0 42.99599838256836 12.277000427246096 40.29800033569336
51.18199920654297 18.26099967956543 2.4730000495910645 0.0 48.4379997253418 14.930999755859377 41.39649963378906
51.76900100708008 17.423999786376953 2.4730000495910645 0.0 49.21500015258789 14.475000381469728 43.8134994506836
45.90499877929688 14.659000396728516 2.4730000495910645 1.22599995136261 42.99599838256836 11.795000076293944 47.54850006103516
47.41299819946289 15.916000366210938 2.4730000495910645 0.0 45.16799926757813 13.402999877929688 48.86750030517578
49.0880012512207 16.670000076293945 2.4730000495910645 0.0 47.74100112915039 14.286999702453612 49.74649810791016
51.09799957275391 18.26099967956543 2.4730000495910645 0.0 47.84799957275391 15.118000030517578 51.28450012207031
48.584999084472656 17.34000015258789 1.2369999885559082 0.0 46.72200012207031 14.447999954223633 52.16299819946289
46.82600021362305 15.664999961853027 1.2790000438690186 0.0 45.2750015258789 13.29599952697754 49.74649810791016
47.41299819946289 17.256000518798828 1.2150000333786009 0.0 46.2130012512207 14.475000381469728 48.428001403808594
49.50699996948242 17.004999160766598 2.505000114440918 0.0 47.3120002746582 14.368000030517578 47.10900115966797
45.90499877929688 14.241000175476074 2.559000015258789 0.0 43.18399810791016 11.579999923706056 46.22999954223633
52.85800170898438 16.250999450683597 2.559000015258789 1.246999979019165 49.45700073242188 12.652000427246096 45.35200119018555
55.87300109863281 19.768999099731445 1.343000054359436 0.0 54.46900177001953 16.486000061035153 44.25299835205078
54.61700057983398 19.099000930786133 2.687000036239624 0.0 52.61999893188477 16.110000610351562 43.8134994506836
51.51699829101562 18.010000228881836 2.687000036239624 1.2790000438690186 49.29600143432617 14.58199977874756 43.59400177001953
47.49599838256836 16.753999710083008 2.687000036239624 0.0 45.2750015258789 13.83199977874756 42.71500015258789
48.08300018310547 16.50200080871582 2.687000036239624 0.0 45.75699996948242 13.644000053405762 42.49499893188477
47.41299819946289 16.250999450683597 2.687000036239624 1.3860000371932983 44.81900024414063 13.00100040435791 41.83599853515625
46.65900039672852 16.083000183105472 2.687000036239624 0.0 43.21099853515625 12.973999977111816 41.39599990844727
45.90499877929688 16.083000183105472 2.697000026702881 0.0 43.18399810791016 13.29599952697754 40.73749923706055
47.83200073242188 16.670000076293945 2.697000026702881 0.0 44.95299911499024 13.859000205993652 40.07799911499024
43.391998291015625 14.659000396728516 1.343000054359436 0.0 41.11999893188477 12.277000427246096 39.63899993896485
45.31800079345703 15.664999961853027 2.5799999237060547 0.0 42.91600036621094 13.107999801635742 39.63899993896485
41.632999420166016 13.402999877929688 0.0 0.0 40.61100006103516 11.446000099182127 40.51750183105469
46.65900039672852 14.91100025177002 0.0 0.0 45.14099884033203 12.760000228881836 42.2755012512207
47.24499893188477 14.576000213623049 0.0 0.0 46.29399871826172 12.277000427246096 44.25299835205078
53.61100006103516 18.93199920654297 0.0 0.0 52.45899963378906 15.97599983215332 47.54899978637695
53.77899932861328 17.674999237060547 0.0 0.0 52.94100189208984 14.715999603271484 47.98849868774414
53.946998596191406 18.429000854492188 0.0 0.0 53.26300048828125 15.76200008392334 47.76850128173828
54.11399841308594 19.099000930786133 0.0 0.0 53.665000915527344 16.270999908447266 47.76850128173828
55.37099838256836 19.684999465942383 0.0 0.0 54.60300064086914 16.913999557495114 49.30649948120117
52.60599899291992 18.010000228881836 0.0 0.0 51.84199905395508 15.413000106811523 49.5265007019043
55.11899948120117 19.26700019836425 0.0 0.0 54.92499923706055 16.458999633789062 48.428001403808594
55.62200164794922 18.68000030517578 1.3009999990463257 0.0 53.88000106811523 15.60099983215332 47.54899978637695
50.26100158691406 16.334999084472653 2.6760001182556152 0.0 47.553001403808594 13.348999977111816 46.66999816894531
51.01499938964844 15.413000106811523 1.4500000476837158 0.0 49.69800186157226 12.46500015258789 45.79100036621094
56.3759994506836 18.429000854492188 2.7290000915527344 0.0 54.22800064086914 15.092000007629396 44.69250106811523
53.2760009765625 17.507999420166016 1.3009999990463257 0.0 51.89599990844727 14.850000381469728 43.8134994506836
53.44400024414063 18.0939998626709 2.5269999504089355 0.0 50.20700073242188 14.6899995803833 43.15399932861328
50.428001403808594 16.92099952697754 1.4290000200271606 0.0 48.51800155639648 14.26099967956543 43.15399932861328
48.75299835205078 16.670000076293945 2.6549999713897705 0.0 45.62300109863281 13.269000053405762 42.71500015258789
46.49100112915039 15.413000106811523 1.4290000200271606 0.0 44.81900024414063 12.946999549865724 41.83599853515625
47.58000183105469 15.83199977874756 2.6549999713897705 0.0 44.95299911499024 13.027999877929688 41.39599990844727
43.89400100708008 15.246000289916992 1.2690000534057615 0.0 42.56800079345703 13.027999877929688 40.95700073242188
47.49599838256836 16.334999084472653 2.505000114440918 0.0 44.76599884033203 13.725000381469728 40.07799911499024
46.65900039672852 15.916000366210938 1.2690000534057615 0.0 45.59700012207031 13.83199977874756 39.63899993896485
46.65900039672852 16.0 2.5799999237060547 0.0 44.229000091552734 13.482999801635742 39.63899993896485
42.47000122070313 13.821999549865724 0.0 0.0 41.49499893188477 11.928999900817873 40.51800155639648
50.76300048828125 18.17799949645996 0.0 0.0 50.12699890136719 15.788999557495115 42.93450164794922
48.584999084472656 15.07800006866455 0.0 0.0 47.47299957275391 12.598999977111816 44.69250106811523
49.59099960327149 16.166999816894528 0.0 0.0 48.46500015258789 13.510000228881836 46.88949966430664
53.52799987792969 17.843000411987305 0.0 0.0 52.61999893188477 15.0649995803833 48.20800018310547
52.85800170898438 16.92099952697754 0.0 0.0 51.84199905395508 14.18000030517578 49.5265007019043
53.10900115966797 17.590999603271484 0.0 0.0 51.95000076293945 14.6899995803833 50.625
50.512001037597656 16.753999710083008 1.2790000438690186 0.0 49.0009994506836 14.18000030517578 48.647499084472656
52.77399826049805 17.926000595092773 1.246999979019165 0.0 51.33300018310547 14.79699993133545 49.08700180053711
54.61700057983398 18.763999938964844 0.0 0.0 53.26300048828125 15.54699993133545 48.647499084472656
55.0359992980957 18.34499931335449 1.2369999885559082 0.0 53.90599822998047 15.467000007629396 47.10900115966797
50.84700012207031 16.166999816894528 1.2369999885559082 0.0 49.08100128173828 13.027999877929688 45.57149887084961
54.78400039672852 17.256000518798828 2.463000059127808 0.0 52.56600189208984 13.885000228881836 44.47299957275391
57.63199996948242 19.51799964904785 2.463000059127808 0.0 54.73699951171875 15.628000259399414 43.59400177001953
53.946998596191406 18.010000228881836 3.753000020980835 1.22599995136261 50.02000045776367 14.340999603271484 43.15399932861328
51.01499938964844 17.004999160766598 2.388000011444092 0.0 48.49200057983398 13.75100040435791 42.71500015258789
46.82600021362305 15.07800006866455 2.388000011444092 0.0 44.87300109863281 12.706000328063965 42.275001525878906
50.26100158691406 16.753999710083008 2.388000011444092 0.0 47.553001403808594 13.482999801635742 41.83599853515625
49.3390007019043 16.50200080871582 2.388000011444092 0.0 46.803001403808594 13.29599952697754 41.61600112915039
47.41299819946289 16.083000183105472 2.388000011444092 0.0 45.06000137329102 13.187999725341797 41.17649841308594
48.16699981689453 16.250999450683597 2.388000011444092 0.0 45.2750015258789 13.37600040435791 40.29800033569336
47.1609992980957 16.166999816894528 2.388000011444092 0.0 44.47100067138672 13.536999702453612 39.41899871826172
44.14599990844727 14.994000434875488 2.388000011444092 0.0 41.25400161743164 12.571999549865724 39.41899871826172
46.99399948120117 16.166999816894528 2.388000011444092 0.0 43.935001373291016 13.321999549865724 38.10049819946289
44.81600189208984 14.994000434875488 2.388000011444092 0.0 43.26399993896485 12.383999824523926 38.540000915527344
47.41299819946289 17.590999603271484 0.0 0.0 46.48099899291992 15.01099967956543 40.51800155639648
49.59099960327149 16.419000625610348 1.2369999885559082 0.0 48.54499816894531 13.939000129699709 41.83599853515625
53.946998596191406 18.17799949645996 1.2150000333786009 0.0 52.915000915527344 15.38700008392334 44.69250106811523
56.459999084472656 20.1879997253418 0.0 0.0 55.51499938964844 16.833999633789062 46.23049926757813
57.13000106811523 20.60700035095215 1.2150000333786009 0.0 55.86299896240234 17.370000839233402 47.76850128173828
55.53799819946289 20.857999801635746 0.0 0.0 54.12099838256836 17.7189998626709 46.88949966430664
55.62200164794922 0.0 0.0 0.0 54.63000106811523 17.558000564575195 46.45000076293945
55.62200164794922 0.0 0.0 0.0 52.72700119018555 16.861000061035153 46.66999816894531
55.62200164794922 0.0 0.0 0.0 54.040000915527344 15.92300033569336 47.10900115966797
55.62200164794922 0.0 2.6760001182556152 0.0 53.55799865722656 14.958000183105469 47.10900115966797
55.62200164794922 0.0 2.6760001182556152 0.0 49.1349983215332 12.973999977111816 46.22999954223633
55.62200164794922 0.0 2.6760001182556152 0.0 49.5099983215332 12.357000350952148 45.35200119018555
55.62200164794922 0.0 2.6760001182556152 0.0 49.67100143432617 12.331000328063965 44.69250106811523
55.62200164794922 0.0 2.6760001182556152 0.0 52.32500076293945 14.904000282287598 43.8134994506836
55.62200164794922 0.0 2.6760001182556152 1.2150000333786009 49.45700073242188 13.616999626159668 43.374000549316406
55.62200164794922 0.0 2.6760001182556152 0.0 48.7599983215332 14.04599952697754 43.15399932861328
55.62200164794922 0.0 2.6760001182556152 0.0 43.02299880981445 11.687000274658203 42.93450164794922
55.62200164794922 0.0 2.6760001182556152 0.0 43.77399826049805 11.579999923706056 42.05550003051758
55.62200164794922 0.0 2.6760001182556152 0.0 43.69300079345703 12.170000076293944 41.61600112915039
55.62200164794922 0.0 2.6760001182556152 0.0 41.95100021362305 11.821000099182127 41.17649841308594
55.62200164794922 0.0 1.22599995136261 0.0 43.55899810791016 12.25 40.95700073242188
55.62200164794922 0.0 2.622999906539917 0.0 43.98799896240234 12.46500015258789 40.51800155639648
55.62200164794922 0.0 1.2790000438690186 0.0 43.02299880981445 12.383999824523926 40.51800155639648
55.62200164794922 0.0 0.0 0.0 39.29700088500977 10.185999870300291 41.39649963378906
55.62200164794922 0.0 0.0 0.0 47.25899887084961 13.564000129699709 43.15449905395508
55.62200164794922 0.0 0.0 0.0 43.02299880981445 11.017000198364258 45.13199996948242
48.83700180053711 14.994000434875488 0.0 0.0 47.5270004272461 12.222999572753904 48.20800018310547
55.37099838256836 17.674999237060547 0.0 0.0 54.71099853515625 14.447999954223633 49.74599838256836
55.37099838256836 18.0939998626709 0.0 0.0 54.68399810791016 14.850000381469728 50.18550109863281
56.54299926757813 19.85300064086914 0.0 0.0 55.35400009155274 16.378000259399414 52.16299819946289
56.96200180053711 20.43899917602539 1.22599995136261 0.0 55.64899826049805 16.861000061035153 52.16299819946289
56.71099853515625 20.69099998474121 0.0 0.0 55.67599868774414 17.101999282836914 51.94300079345703
57.54899978637695 20.43899917602539 0.0 0.0 56.69400024414063 16.806999206542972 50.625
55.0359992980957 18.763999938964844 1.2150000333786009 0.0 53.36999893188477 15.17199993133545 49.08700180053711
55.45399856567383 18.34499931335449 2.687000036239624 1.343000054359436 51.43999862670898 14.286999702453612 47.32899856567383
58.72100067138672 19.85300064086914 2.687000036239624 1.2150000333786009 55.48799896240234 15.38700008392334 46.45000076293945
58.97299957275391 20.857999801635746 2.7290000915527344 0.0 57.01599884033203 16.88800048828125 45.79100036621094
57.29700088500977 20.857999801635746 2.7290000915527344 1.246999979019165 53.82600021362305 16.700000762939453 45.79100036621094
55.0359992980957 19.43400001525879 2.7290000915527344 0.0 51.19900131225586 15.54699993133545 44.9119987487793
52.94100189208984 19.183000564575195 2.7290000915527344 0.0 49.72499847412109 15.574000358581545 44.47299957275391
48.41799926757813 16.836999893188473 2.740000009536743 0.0 45.08700180053711 13.37600040435791 44.03300094604492
50.26100158691406 18.26099967956543 2.760999917984009 0.0 48.33100128173828 14.984000205993652 43.374000549316406
49.25600051879883 17.926000595092773 2.760999917984009 0.0 46.0250015258789 14.529000282287598 42.71500015258789
48.91999816894531 17.843000411987305 2.760999917984009 0.0 46.2400016784668 14.904000282287598 42.275001525878906
48.584999084472656 17.590999603271484 2.760999917984009 0.0 45.81100082397461 14.340999603271484 41.61600112915039
48.91999816894531 16.670000076293945 2.760999917984009 0.0 47.5 15.145000457763672 41.17649841308594
39.874000549316406 14.156999588012695 2.760999917984009 0.0 37.90299987792969 11.553000450134276 41.17649841308594
44.56499862670898 15.161999702453612 0.0 0.0 43.39899826049805 12.812999725341797 42.05550003051758
36.43899917602539 14.659000396728516 0.0 0.0 34.98199844360352 12.760000228881836 43.374000549316406
31.832000732421875 11.057000160217283 0.0 0.0 30.77300071716309 9.409000396728516 45.13199996948242
34.512001037597656 11.727999687194824 0.0 0.0 33.69499969482422 10.29300022125244 46.88949966430664
35.43399810791016 13.319000244140623 0.0 0.0 34.740001678466804 11.633999824523926 47.98849868774414
36.35499954223633 13.487000465393065 0.0 0.0 35.11600112915039 11.741000175476074 49.08700180053711
37.69599914550781 15.748000144958494 0.0 0.0 36.9119987487793 13.67099952697754 51.50400161743164
39.45500183105469 16.753999710083008 0.0 0.0 39.055999755859375 14.876999855041506 52.16299819946289
38.44900131225586 15.581000328063965 0.0 0.0 38.11800003051758 13.993000030517578 50.84450149536133
38.78499984741211 15.83199977874756 0.0 0.0 37.93000030517578 13.993000030517578 49.08700180053711
38.03099822998047 15.329999923706056 0.0 0.0 37.18000030517578 13.67099952697754 47.54899978637695
35.518001556396484 12.732999801635742 2.697000026702881 0.0 33.13199996948242 10.883000373840332 46.22999954223633
38.44900131225586 13.73799991607666 2.632999897003174 1.2150000333786009 35.73199844360352 11.178000450134276 44.9119987487793
38.86800003051758 14.994000434875488 2.632999897003174 0.0 36.1879997253418 12.41100025177002 44.25299835205078
39.70600128173828 15.83199977874756 2.5910000801086426 0.0 37.448001861572266 13.536999702453612 43.374000549316406
33.50699996948242 12.39799976348877 2.5910000801086426 0.0 31.52400016784668 10.560999870300291 42.71500015258789
35.60100173950195 13.904999732971191 2.5910000801086426 0.0 32.514999389648445 11.579999923706056 42.49499893188477
35.518001556396484 13.152000427246096 2.4730000495910645 0.0 32.72999954223633 10.722000122070312 42.05550003051758
47.915000915527344 16.166999816894528 2.4730000495910645 0.0 45.6500015258789 12.973999977111816 41.39599990844727
49.00400161743164 16.419000625610348 2.4730000495910645 0.0 45.8380012512207 13.00100040435791 41.39599990844727
49.25600051879883 17.172000885009766 2.4730000495910645 0.0 47.44599914550781 14.20699977874756 40.95700073242188
47.74800109863281 16.753999710083008 2.4730000495910645 0.0 45.62300109863281 13.885000228881836 40.95700073242188
45.06700134277344 15.496999740600586 2.4730000495910645 0.0 42.97000122070313 12.84000015258789 40.95700073242188
46.90999984741211 16.753999710083008 2.4730000495910645 0.0 44.95299911499024 13.965999603271484 40.73749923706055
42.47000122070313 13.067999839782717 1.2690000534057615 0.0 41.17399978637695 10.668999671936035 42.2755012512207
49.25600051879883 15.581000328063965 1.2690000534057615 0.0 47.58000183105469 12.732999801635742 44.03350067138672
54.95199966430664 18.763999938964844 1.2690000534057615 0.0 53.45100021362305 15.4399995803833 46.01100158691406
55.53799819946289 19.26700019836425 1.2690000534057615 0.0 54.20100021362305 15.788999557495115 49.08700180053711
54.78400039672852 17.590999603271484 0.0 0.0 53.71900177001953 14.340999603271484 50.625
56.87799835205078 19.937000274658203 1.2150000333786009 0.0 55.94400024414063 16.56599998474121 51.06449890136719
56.29199981689453 19.183000564575195 1.22599995136261 0.0 54.84500122070313 15.949000358581545 53.70149993896485
57.46500015258789 20.69099998474121 1.22599995136261 0.0 56.05099868774414 17.208999633789062 55.01950073242188
56.125 20.27199935913086 1.22599995136261 0.0 54.44200134277344 16.726999282836914 53.92100143432617
56.459999084472656 18.763999938964844 2.440999984741211 0.0 54.12099838256836 15.17199993133545 52.16299819946289
57.71599960327149 20.10400009155273 2.440999984741211 0.0 54.65700149536133 16.003000259399414 50.40549850463867
54.70000076293945 17.843000411987305 2.440999984741211 0.0 52.05699920654297 14.20699977874756 49.30699920654297
53.2760009765625 16.0 3.720999956130981 1.22599995136261 49.67100143432617 12.222999572753904 47.98799896240234
59.55899810791016 20.27199935913086 3.5179998874664307 1.2150000333786009 55.94400024414063 15.628000259399414 47.32899856567383
51.85200119018555 18.763999938964844 2.2920000553131104 0.0 50.12699890136719 15.60099983215332 46.66999816894531
51.93600082397461 15.916000366210938 3.507999897003174 1.2150000333786009 48.30400085449219 12.170000076293944 46.22999954223633
53.19300079345703 17.843000411987305 1.8229999542236328 0.0 50.66299819946289 14.340999603271484 45.35200119018555
52.1870002746582 17.507999420166016 3.0380001068115234 1.2580000162124634 48.89400100708008 13.644000053405762 44.25299835205078
48.08300018310547 15.329999923706056 2.6549999713897705 1.2150000333786009 45.06000137329102 11.847999572753904 43.8134994506836
48.91999816894531 16.670000076293945 1.4179999828338623 0.0 47.178001403808594 13.590999603271484 43.59400177001953
45.31800079345703 15.413000106811523 2.687000036239624 0.0 42.86199951171875 12.196999549865724 43.15399932861328
44.3129997253418 14.994000434875488 2.0899999141693115 0.0 42.35300064086914 12.46500015258789 42.275001525878906
46.82600021362305 16.0 2.0899999141693115 0.0 43.935001373291016 13.081000328063965 41.61600112915039
46.49100112915039 16.083000183105472 1.2150000333786009 0.0 44.09500122070313 13.29599952697754 41.61600112915039
42.88899993896485 11.895000457763672 2.4730000495910645 0.0 40.71799850463867 9.409000396728516 42.49499893188477
42.88899993896485 10.638999938964844 1.2150000333786009 0.0 41.76300048828125 8.604999542236326 44.25299835205078
47.24499893188477 13.56999969482422 1.343000054359436 0.0 45.75699996948242 10.803000450134276 46.88949966430664
49.42300033569336 13.654000282287598 1.3969999551773071 0.0 47.98199844360352 10.96399974822998 49.96599960327149
55.0359992980957 16.083000183105472 1.2580000162124634 0.0 53.85300064086914 12.812999725341797 50.40499877929688
52.43899917602539 15.329999923706056 1.22599995136261 0.0 51.49399948120117 12.41100025177002 52.16299819946289
50.512001037597656 13.98900032043457 1.22599995136261 0.0 49.02799987792969 11.071000099182127 53.262001037597656
50.34500122070313 13.654000282287598 1.22599995136261 0.0 48.84000015258789 11.043999671936035 54.14099884033203
50.84700012207031 14.491999626159668 1.22599995136261 0.0 49.7509994506836 11.553000450134276 52.821998596191406
51.85200119018555 14.82699966430664 1.22599995136261 0.0 50.28799819946289 11.902000427246096 51.50400161743164
54.11399841308594 15.581000328063965 1.22599995136261 0.0 51.762001037597656 11.795000076293944 50.18600082397461
51.18199920654297 13.654000282287598 2.45199990272522 0.0 47.9020004272461 10.105999946594238 48.86700057983398
52.35499954223633 14.156999588012695 2.45199990272522 0.0 49.7509994506836 10.642000198364258 47.76850128173828
54.28200149536133 16.250999450683597 3.6679999828338623 1.2150000333786009 50.79700088500977 12.517999649047852 46.88949966430664
48.75299835205078 13.904999732971191 2.45199990272522 0.0 45.78400039672852 10.776000022888184 46.45000076293945
49.50699996948242 14.156999588012695 3.720999956130981 0.0 45.62300109863281 10.427000045776367 45.79100036621094
48.08300018310547 14.156999588012695 2.3989999294281006 0.0 45.30199813842773 11.017000198364258 44.9119987487793
46.57500076293945 14.072999954223633 3.720999956130981 0.0 43.34500122070313 10.803000450134276 44.03300094604492
45.65399932861328 13.73799991607666 3.486000061035156 0.0 42.35300064086914 10.614999771118164 43.59400177001953
41.88399887084961 12.229999542236328 3.486000061035156 1.2150000333786009 38.62699890136719 9.248000144958496 42.49499893188477
42.21900177001953 13.067999839782717 2.4730000495910645 0.0 39.02899932861328 10.427000045776367 41.83599853515625
44.0620002746582 14.072999954223633 2.430999994277954 0.0 41.60300064086914 11.33899974822998 40.95700073242188
41.29800033569336 12.732999801635742 2.430999994277954 0.0 37.87699890136719 9.864999771118164 40.07799911499024
36.02000045776367 10.973999977111816 2.131999969482422 0.0 35.089000701904304 9.623000144958496 40.07799911499024
39.53799819946289 11.309000015258787 1.2899999618530271 0.0 38.09099960327149 9.354999542236328 41.61600112915039
49.42300033569336 18.17799949645996 1.2899999618530271 0.0 47.95500183105469 15.413000106811523 43.59400177001953
48.08300018310547 14.91100025177002 1.2899999618530271 0.0 46.10599899291992 12.196999549865724 45.79100036621094
51.93600082397461 16.50200080871582 1.2899999618530271 0.0 50.26100158691406 13.37600040435791 49.5265007019043
53.69499969482422 17.843000411987305 0.0 0.0 53.10200119018555 14.770000457763672 51.28400039672852
53.52799987792969 17.590999603271484 0.0 0.0 52.61999893188477 14.58199977874756 53.26150131225586
54.70000076293945 18.68000030517578 1.246999979019165 0.0 53.61100006103516 15.628000259399414 55.23949813842773
49.0880012512207 15.07800006866455 1.246999979019165 0.0 47.95500183105469 12.277000427246096 56.11800003051758
53.19300079345703 18.26099967956543 1.246999979019165 0.0 52.29800033569336 15.251999855041506 55.45899963378906
54.3650016784668 18.17799949645996 1.246999979019165 0.0 53.02199935913086 15.01099967956543 53.48149871826172
54.53300094604492 18.17799949645996 2.5269999504089355 0.0 51.762001037597656 14.663000106811523 51.50400161743164
52.35499954223633 16.50200080871582 2.5269999504089355 1.3009999990463257 48.7859992980957 12.760000228881836 49.74599838256836
55.20299911499024 17.34000015258789 2.5269999504089355 1.2369999885559082 51.762001037597656 13.053999900817873 48.20800018310547
55.62200164794922 19.01499938964844 3.753000020980835 1.503000020980835 53.53099822998047 14.984000205993652 47.10900115966797
55.95700073242188 19.099000930786133 3.390000104904175 1.2580000162124634 52.11000061035156 14.79699993133545 46.22999954223633
51.85200119018555 16.836999893188473 3.390000104904175 0.0 49.45700073242188 13.43000030517578 45.79100036621094
51.93600082397461 17.843000411987305 3.433000087738037 1.4290000200271606 48.46500015258789 13.590999603271484 45.13199996948242
47.915000915527344 14.743000030517578 3.2839999198913574 0.0 45.03400039672852 11.607000350952148 44.47299957275391
49.42300033569336 16.0 3.2839999198913574 1.2150000333786009 45.73099899291992 12.517999649047852 43.59400177001953
47.24499893188477 15.581000328063965 2.227999925613404 0.0 44.71200180053711 12.491000175476074 42.93450164794922
41.13000106811523 13.487000465393065 2.227999925613404 0.0 39.887001037597656 11.472999572753904 42.275001525878906
35.014999389648445 9.465999603271484 2.430999994277954 0.0 32.435001373291016 7.184000015258789 41.39599990844727
25.04700088500977 6.701000213623048 1.22599995136261 0.0 23.347999572753903 5.1469998359680185 40.51800155639648
24.459999084472656 6.533999919891357 2.440999984741211 0.0 22.382999420166016 4.90500020980835 40.51800155639648
21.69599914550781 5.445000171661377 0.0 0.0 20.66699981689453 4.3429999351501465 41.39599990844727
23.37100028991699 7.037000179290772 0.0 0.0 22.757999420166016 5.869999885559082 43.15449905395508
25.80100059509277 6.86899995803833 0.0 0.0 25.0629997253418 5.923999786376952 44.69250106811523
26.88999938964844 6.7849998474121085 0.0 0.0 26.00200080871582 5.763000011444093 48.20800018310547
28.145999908447266 5.947999954223633 0.0 0.0 27.690000534057607 4.932000160217285 49.96599960327149
28.81599998474121 6.449999809265138 0.0 0.0 28.011999130249023 5.254000186920166 51.28400039672852
28.145999908447266 7.454999923706055 0.0 0.0 27.44899940490723 6.245999813079834 53.262001037597656
28.229999542236328 7.037000179290772 0.0 0.0 27.288000106811523 5.683000087738037 52.38299942016602
27.559999465942383 7.372000217437744 0.0 0.0 27.12700080871582 6.191999912261963 51.06399917602539
29.40299987792969 7.789999961853027 1.2690000534057615 0.0 28.09199905395508 5.763000011444093 49.74599838256836
29.82099914550781 8.125 1.2369999885559082 0.0 28.06599998474121 6.164999961853027 47.98799896240234
29.90500068664551 7.874000072479247 1.2369999885559082 0.0 27.82399940490723 5.869999885559082 45.79100036621094
30.32399940490723 7.623000144958496 2.5369999408721924 0.0 28.386999130249023 5.602000236511231 44.03300094604492
32.16699981689453 8.125 2.5369999408721924 0.0 30.23699951171875 6.191999912261963 43.15399932861328
28.31399917602539 7.372000217437744 1.22599995136261 0.0 26.322999954223643 5.548999786376953 42.275001525878906
27.895000457763672 6.953000068664551 2.45199990272522 0.0 25.65299987792969 5.065999984741211 41.39599990844727
29.40299987792969 8.041999816894531 2.463000059127808 0.0 26.940000534057607 6.058000087738037 40.51800155639648
32.92100143432617 8.376999855041504 2.463000059127808 1.2150000333786009 30.10300064086914 6.138999938964844 40.07799911499024
35.85300064086914 9.550000190734863 2.463000059127808 1.2150000333786009 32.91699981689453 7.130000114440918 39.63899993896485
35.518001556396484 10.973999977111816 2.463000059127808 0.0 34.17699813842773 8.899999618530273 39.41899871826172
35.60100173950195 11.727999687194824 1.2369999885559082 0.0 34.57899856567383 9.784000396728516 38.97949981689453
37.44400024414063 11.47599983215332 2.505000114440918 0.0 35.11600112915039 9.086999893188477 38.7599983215332
37.86299896240234 12.145999908447266 1.3860000371932983 0.0 36.027000427246094 9.864999771118164 38.7599983215332
34.763999938964844 10.890000343322754 2.6010000705718994 0.0 32.89099884033203 8.604999542236326 38.7599983215332
34.09400177001953 10.722000122070312 0.0 0.0 33.588001251220696 9.11400032043457 39.85850143432617
40.29199981689453 14.156999588012695 0.0 0.0 39.80699920654297 11.982000350952148 41.83549880981445
43.05699920654297 14.156999588012695 0.0 0.0 42.78200149536133 11.954999923706056 44.03300094604492
45.23500061035156 14.91100025177002 0.0 0.0 44.79199981689453 12.652000427246096 47.10950088500977
45.90499877929688 14.407999992370604 0.0 0.0 45.70399856567383 12.25 48.86750030517578
47.41299819946289 15.496999740600586 0.0 0.0 47.25899887084961 13.348999977111816 50.625
45.73699951171875 16.334999084472653 0.0 0.0 45.2750015258789 14.019000053405762 51.06399917602539
42.387001037597656 12.64900016784668 0.0 0.0 41.89699935913086 10.722000122070312 51.7234992980957
41.46500015258789 12.64900016784668 0.0 0.0 40.58399963378906 10.480999946594238 51.28400039672852
44.0620002746582 14.491999626159668 0.0 0.0 43.50600051879883 12.277000427246096 50.18600082397461
43.89400100708008 14.324000358581545 1.2790000438690186 0.0 41.76300048828125 11.767999649047852 48.86700057983398
42.387001037597656 12.229999542236328 0.0 0.0 41.49499893188477 9.94499969482422 47.32899856567383
44.73199844360352 13.56999969482422 2.463000059127808 0.0 42.00500106811523 10.480999946594238 45.79100036621094
44.81600189208984 13.067999839782717 2.687000036239624 0.0 42.24599838256836 9.864999771118164 44.47299957275391
41.46500015258789 12.5649995803833 2.687000036239624 0.0 40.04800033569336 10.37399959564209 43.59400177001953
40.87900161743164 12.815999984741213 2.931999921798706 0.0 38.73400115966797 10.347000122070312 42.93450164794922
44.64799880981445 14.576000213623049 2.8359999656677246 0.0 42.459999084472656 11.821000099182127 42.05550003051758
39.790000915527344 12.229999542236328 1.7799999713897705 0.0 38.22499847412109 9.99899959564209 41.39599990844727
41.632999420166016 13.234999656677244 2.45199990272522 0.0 39.37799835205078 10.74899959564209 40.95700073242188
39.790000915527344 11.727999687194824 2.6549999713897705 0.0 36.858001708984375 9.274999618530272 40.51800155639648
37.19300079345703 11.225000381469728 0.0 0.0 36.24100112915039 9.354999542236328 40.07799911499024
39.95700073242188 12.480999946594238 2.664999961853028 0.0 36.992000579833984 9.864999771118164 39.41899871826172
36.02000045776367 11.309000015258787 2.7290000915527344 0.0 33.42699813842773 9.0600004196167 38.97949981689453
38.53300094604492 12.984000205993652 1.493000030517578 0.0 36.42900085449219 10.37399959564209 38.97949981689453
35.349998474121094 10.890000343322754 0.0 0.0 34.98199844360352 9.48900032043457 40.73749923706055
41.04600143432617 13.654000282287598 0.0 0.0 40.23500061035156 11.66100025177002 42.275001525878906
45.1510009765625 14.576000213623049 0.0 0.0 44.25600051879883 12.170000076293944 44.69250106811523
49.0880012512207 15.496999740600586 0.0 0.0 48.4109992980957 12.78600025177002 48.20800018310547
47.49599838256836 13.904999732971191 0.0 0.0 46.749000549316406 11.366000175476074 49.96549987792969
50.93099975585938 17.256000518798828 0.0 0.0 50.20700073242188 14.340999603271484 51.50350189208984
49.25600051879883 17.590999603271484 0.0 0.0 48.54499816894531 14.824000358581545 53.92100143432617
49.17200088500977 16.836999893188473 0.0 0.0 48.38399887084961 14.019000053405762 55.01950073242188
58.21900177001953 21.780000686645508 1.22599995136261 0.0 56.96200180053711 18.121000289916992 53.92100143432617
60.73199844360352 22.53400039672852 2.6440000534057617 0.0 58.249000549316406 17.9060001373291 52.602500915527344
59.97800064086914 22.53400039672852 2.6440000534057617 0.0 57.41799926757813 18.17399978637696 51.06449890136719
53.946998596191406 18.429000854492188 3.220000028610228 1.375 51.73500061035156 14.340999603271484 49.96599960327149
54.78400039672852 16.753999710083008 3.240999937057495 1.2150000333786009 52.02999877929688 12.760000228881836 48.647499084472656
56.71099853515625 18.68000030517578 2.0150001049041752 0.0 54.63000106811523 14.79699993133545 47.76850128173828
53.52799987792969 18.17799949645996 1.8550000190734863 0.0 51.62799835205078 14.743000030517578 47.32899856567383
50.512001037597656 16.586000442504886 2.687000036239624 1.246999979019165 47.6870002746582 12.812999725341797 46.66999816894531
54.78400039672852 20.10400009155273 0.0 0.0 53.69200134277344 16.431999206542972 45.79100036621094
54.11399841308594 19.60199928283692 2.7720000743865967 1.2150000333786009 50.90399932861328 15.520999908447266 45.57149887084961
49.92599868774414 17.674999237060547 2.5910000801086426 1.2369999885559082 46.7760009765625 13.885000228881836 45.13199996948242
50.09299850463867 17.926000595092773 1.375 0.0 48.30400085449219 14.663000106811523 44.69250106811523
49.0880012512207 17.089000701904293 0.0 0.0 48.2239990234375 14.529000282287598 44.03300094604492
48.584999084472656 17.590999603271484 0.0 0.0 48.0359992980957 14.930999755859377 43.374000549316406
48.83700180053711 17.507999420166016 0.0 0.0 48.30400085449219 14.984000205993652 42.71500015258789
45.23500061035156 16.250999450683597 0.0 0.0 44.900001525878906 14.126999855041506 42.71500015258789
43.89400100708008 14.072999954223633 0.0 0.0 43.04999923706055 11.875 43.8134994506836
51.26599884033203 18.0939998626709 0.0 0.0 50.39500045776367 15.22599983215332 46.01050186157226
49.92599868774414 14.91100025177002 0.0 0.0 48.89400100708008 12.357000350952148 47.32899856567383
51.68500137329102 15.413000106811523 0.0 0.0 51.19900131225586 12.760000228881836 49.08700180053711
56.125 18.010000228881836 0.0 0.0 55.86299896240234 15.145000457763672 50.18600082397461
57.63199996948242 18.93199920654297 0.0 0.0 57.04299926757813 15.654999732971191 51.28400039672852
54.78400039672852 18.17799949645996 0.0 0.0 53.93299865722656 14.984000205993652 52.602500915527344
49.17200088500977 16.166999816894528 0.0 0.0 48.35800170898438 13.75100040435791 55.89799880981445
51.34999847412109 17.423999786376953 0.0 0.0 50.55599975585938 14.850000381469728 56.11800003051758
57.04600143432617 19.51799964904785 0.0 0.0 56.15800094604492 16.083000183105472 53.48149871826172
58.72100067138672 20.941999435424805 0.0 0.0 57.55199813842773 17.423999786376953 51.7234992980957
53.52799987792969 16.753999710083008 0.0 0.0 52.29800033569336 13.777999877929688 50.18600082397461
56.459999084472656 17.843000411987305 2.505000114440918 0.0 54.09400177001953 13.83199977874756 49.08700180053711
61.31800079345703 21.44499969482422 3.720999956130981 1.2369999885559082 58.0880012512207 16.88800048828125 48.20800018310547
60.22900009155274 21.94700050354004 2.494999885559082 0.0 57.95399856567383 17.503999710083008 47.76850128173828
59.2239990234375 21.19300079345703 3.753000020980835 1.493000030517578 55.40700149536133 16.270999908447266 47.10900115966797
55.37099838256836 19.43400001525879 2.5269999504089355 0.0 52.53900146484375 15.734999656677244 46.45000076293945
51.68500137329102 17.590999603271484 2.45199990272522 0.0 49.5369987487793 14.234000205993652 45.79100036621094
53.0250015258789 18.429000854492188 3.677999973297119 1.2150000333786009 49.59099960327149 14.501999855041506 44.9119987487793
51.26599884033203 18.59600067138672 3.401000022888184 0.0 48.0629997253418 14.876999855041506 44.47299957275391
49.59099960327149 17.759000778198242 3.401000022888184 0.0 46.9900016784668 14.368000030517578 43.8134994506836
48.16699981689453 16.92099952697754 2.664999961853028 1.2150000333786009 45.16799926757813 13.37600040435791 43.15399932861328
50.26100158691406 17.926000595092773 2.7079999446868896 0.0 47.84799957275391 14.58199977874756 42.71500015258789
46.65900039672852 16.586000442504886 2.7079999446868896 0.0 44.44400024414063 13.75100040435791 42.49499893188477
45.48600006103516 14.659000396728516 1.3650000095367432 0.0 44.09500122070313 12.277000427246096 43.374000549316406
54.19800186157226 19.26700019836425 1.3650000095367432 0.0 52.67300033569336 15.76200008392334 45.35150146484375
58.303001403808594 21.44499969482422 1.3650000095367432 0.0 56.72100067138672 17.558000564575195 47.32899856567383
61.1510009765625 22.198999404907227 1.3650000095367432 0.0 59.72299957275391 18.066999435424805 49.30649948120117
56.29199981689453 19.01499938964844 0.0 0.0 55.11299896240234 15.76200008392334 51.06449890136719
56.79499816894531 19.51799964904785 1.246999979019165 0.0 55.19300079345703 15.788999557495115 49.30699920654297
53.19300079345703 19.01499938964844 0.0 0.0 52.43199920654297 15.97599983215332 41.83599853515625
52.68999862670898 18.51300048828125 1.2150000333786009 0.0 51.33300018310547 15.708000183105469 38.97949981689453
52.68999862670898 18.51300048828125 1.3329999446868896 0.0 51.46699905395508 15.494000434875488 38.97949981689453
54.95199966430664 18.847999572753903 2.463000059127808 0.0 52.48600006103516 15.17199993133545 40.51750183105469
55.11899948120117 18.847999572753903 2.4730000495910645 0.0 52.99499893188477 15.145000457763672 38.7599983215332
48.83700180053711 15.496999740600586 2.4730000495910645 0.0 46.05199813842773 12.062999725341797 35.68349838256836
53.19300079345703 18.010000228881836 2.5269999504089355 0.0 51.14500045776367 14.395000457763672 35.68399810791016
54.02999877929688 17.507999420166016 2.5269999504089355 0.0 50.52899932861328 13.510000228881836 36.78200149536133
51.34999847412109 17.423999786376953 2.611999988555908 0.0 48.9739990234375 13.777999877929688 37.44100189208984
49.00400161743164 16.419000625610348 1.3220000267028809 0.0 47.84799957275391 13.80500030517578 38.10049819946289
48.33399963378906 16.166999816894528 1.662999987602234 0.0 46.05199813842773 13.241999626159668 38.540000915527344
45.56999969482422 14.407999992370604 1.662999987602234 0.0 43.854000091552734 12.196999549865724 38.540000915527344
45.23500061035156 14.491999626159668 1.246999979019165 0.0 42.67499923706055 11.954999923706056 38.540000915527344
44.229000091552734 14.743000030517578 1.22599995136261 0.0 42.48699951171875 12.331000328063965 37.88050079345703
41.88399887084961 13.654000282287598 2.440999984741211 0.0 39.67300033569336 11.12399959564209 37.88050079345703
45.65399932861328 15.664999961853027 1.3329999446868896 0.0 43.50600051879883 12.946999549865724 36.78200149536133
44.983001708984375 15.664999961853027 0.0 0.0 44.44400024414063 13.644000053405762 37.22150039672852
41.13000106811523 14.491999626159668 1.22599995136261 0.0 39.11000061035156 12.303999900817873 37.6609992980957
42.55400085449219 15.748000144958494 0.0 0.0 41.57600021362305 13.67099952697754 37.6609992980957
47.999000549316406 17.926000595092773 0.0 0.0 46.85599899291992 15.305999755859377 37.6609992980957
50.76300048828125 18.51300048828125 1.2150000333786009 0.0 49.69800186157226 15.869000434875488 38.540000915527344
52.35499954223633 18.59600067138672 1.3329999446868896 0.0 50.95800018310547 15.38700008392334 40.73749923706055
54.11399841308594 18.763999938964844 0.0 0.0 53.18299865722656 15.8149995803833 43.8134994506836
55.62200164794922 19.684999465942383 0.0 0.0 54.73699951171875 16.620000839233402 45.79100036621094
50.00899887084961 17.507999420166016 1.22599995136261 0.0 48.70600128173828 14.663000106811523 47.54899978637695
53.946998596191406 19.85300064086914 1.22599995136261 0.0 52.915000915527344 16.538999557495114 44.03350067138672
54.44900131225586 19.60199928283692 1.22599995136261 0.0 53.04899978637695 16.29800033569336 44.47249984741211
55.95700073242188 19.60199928283692 2.440999984741211 0.0 53.584999084472656 15.949000358581545 44.47249984741211
55.78900146484375 19.183000564575195 2.440999984741211 0.0 53.36999893188477 15.413000106811523 43.8134994506836
51.34999847412109 17.172000885009766 2.440999984741211 0.0 48.91999816894531 13.725000381469728 42.93450164794922
56.29199981689453 19.099000930786133 2.440999984741211 0.0 53.88000106811523 15.467000007629396 42.275001525878906
57.38100051879883 20.1879997253418 2.440999984741211 0.0 54.60300064086914 15.949000358581545 41.83599853515625
54.53300094604492 20.43899917602539 2.440999984741211 0.0 53.04899978637695 16.511999130249027 41.61600112915039
50.84700012207031 18.010000228881836 2.440999984741211 0.0 48.49200057983398 14.79699993133545 41.39599990844727
49.59099960327149 17.843000411987305 2.440999984741211 0.0 48.33100128173828 14.984000205993652 41.17649841308594
45.82099914550781 15.916000366210938 2.440999984741211 0.0 43.31800079345703 13.00100040435791 40.95700073242188
47.24499893188477 16.586000442504886 2.440999984741211 0.0 46.05199813842773 14.019000053405762 40.51800155639648
47.07799911499024 16.836999893188473 2.440999984741211 0.0 44.20299911499024 13.564000129699709 40.29800033569336
42.387001037597656 15.161999702453612 0.0 0.0 41.709999084472656 13.135000228881836 40.07799911499024
46.32400131225586 17.004999160766598 2.6440000534057617 0.0 43.98799896240234 14.126999855041506 39.63899993896485
45.90499877929688 16.50200080871582 1.4290000200271606 0.0 44.60499954223633 13.885000228881836 39.63899993896485
41.96799850463867 14.659000396728516 2.697000026702881 0.0 39.72600173950195 12.142999649047852 39.63899993896485
44.64799880981445 15.161999702453612 2.687000036239624 0.0 43.23799896240234 12.678999900817873 40.07799911499024
51.68500137329102 19.350000381469727 1.4609999656677246 0.0 50.47499847412109 16.29800033569336 41.39599990844727
50.09299850463867 19.01499938964844 1.4609999656677246 0.0 48.30400085449219 15.76200008392334 41.61600112915039
51.51699829101562 19.60199928283692 1.4609999656677246 0.0 49.69800186157226 16.270999908447266 42.275001525878906
53.44400024414063 18.847999572753903 1.4609999656677246 0.0 52.02999877929688 15.60099983215332 44.03300094604492
56.54299926757813 20.69099998474121 1.4609999656677246 0.0 54.68399810791016 17.208999633789062 45.79100036621094
53.77899932861328 20.60700035095215 1.4609999656677246 0.0 52.08399963378906 17.290000915527347 47.98799896240234
56.3759994506836 21.780000686645508 1.4609999656677246 0.0 55.08599853515625 18.334999084472656 48.86700057983398
55.78900146484375 21.19300079345703 1.4609999656677246 0.0 54.41600036621094 17.611000061035156 49.30699920654297
58.21900177001953 22.36599922180176 1.4609999656677246 0.0 56.82799911499024 18.41600036621093 48.428001403808594
57.38100051879883 21.863000869750977 1.4609999656677246 0.0 55.99700164794922 18.2549991607666 47.98799896240234
53.44400024414063 18.93199920654297 1.3329999446868896 0.0 51.97600173950195 15.8149995803833 47.10900115966797
57.88399887084961 20.857999801635746 2.569000005722046 0.0 55.99700164794922 17.101999282836914 46.01050186157226
58.21900177001953 20.857999801635746 2.569000005722046 0.0 55.51499938964844 16.833999633789062 45.13199996948242
55.53799819946289 21.025999069213867 1.3650000095367432 0.0 53.77199935913086 17.7189998626709 44.47299957275391
52.27099990844727 19.51799964904785 1.2150000333786009 0.0 50.71599960327149 16.325000762939453 43.8134994506836
51.18199920654297 19.01499938964844 1.2150000333786009 0.0 50.02000045776367 16.136999130249027 43.15399932861328
46.82600021362305 17.674999237060547 2.5269999504089355 0.0 44.14899826049805 14.555999755859377 42.49499893188477
48.584999084472656 18.51300048828125 1.3109999895095823 0.0 47.3390007019043 15.654999732971191 42.05550003051758
49.0880012512207 19.099000930786133 2.7929999828338623 0.0 46.4010009765625 15.574000358581545 41.83599853515625
47.83200073242188 19.099000930786133 1.5460000038146973 0.0 45.43600082397461 16.030000686645508 41.39599990844727
45.1510009765625 17.34000015258789 1.5460000038146973 0.0 43.02299880981445 14.475000381469728 40.73749923706055
47.32899856567383 17.926000595092773 2.740000009536743 0.0 44.92599868774414 14.555999755859377 40.51800155639648
40.3759994506836 15.496999740600586 1.4609999656677246 0.0 38.94900131225586 13.00100040435791 40.07799911499024
43.05699920654297 14.743000030517578 1.22599995136261 0.0 41.57600021362305 12.437999725341797 41.39599990844727
52.02000045776367 13.904999732971191 1.22599995136261 0.0 50.50199890136719 11.071000099182127 42.49499893188477
44.3129997253418 13.73799991607666 1.22599995136261 0.0 42.56800079345703 11.204999923706056 45.13199996948242
50.76300048828125 16.92099952697754 1.22599995136261 0.0 49.67100143432617 14.04599952697754 48.20800018310547
53.2760009765625 17.674999237060547 0.0 0.0 52.19100189208984 14.609000205993652 49.74599838256836
54.95199966430664 18.93199920654297 1.2580000162124634 0.0 53.85300064086914 15.76200008392334 49.96599960327149
57.29700088500977 21.61199951171875 1.246999979019165 0.0 55.51499938964844 18.0939998626709 51.06399917602539
57.79999923706055 22.0310001373291 1.246999979019165 0.0 56.26499938964844 18.36199951171875 53.04199981689453
57.29700088500977 22.28199958801269 1.5989999771118164 0.0 55.56800079345703 18.6299991607666 52.16299819946289
55.53799819946289 20.356000900268555 1.3220000267028809 0.0 53.42399978637695 16.806999206542972 50.84450149536133
57.04600143432617 21.11000061035156 1.2150000333786009 0.0 55.86299896240234 17.798999786376953 49.30699920654297
55.37099838256836 19.60199928283692 2.687000036239624 0.0 52.16400146484375 15.895999908447266 47.54899978637695
58.303001403808594 22.36599922180176 2.687000036239624 0.0 55.19300079345703 18.01300048828125 46.66999816894531
58.38600158691406 21.69599914550781 1.4709999561309814 0.0 56.23799896240234 18.066999435424805 45.57149887084961
51.60100173950195 19.183000564575195 2.687000036239624 0.0 49.32300186157226 16.136999130249027 44.9119987487793
52.43899917602539 19.684999465942383 1.3539999723434448 0.0 51.22600173950195 16.753999710083008 44.25299835205078
50.512001037597656 18.51300048828125 2.9210000038146973 0.0 47.1510009765625 15.038000106811523 43.59400177001953
50.428001403808594 18.93199920654297 1.7059999704360962 0.0 47.95500183105469 15.494000434875488 43.15399932861328
49.50699996948242 18.26099967956543 3.0920000076293945 0.0 46.803001403808594 14.824000358581545 42.275001525878906
49.84199905395508 19.43400001525879 2.6760001182556152 0.0 47.01699829101562 15.949000358581545 41.61600112915039
48.33399963378906 18.59600067138672 2.6760001182556152 0.0 46.07899856567383 15.38700008392334 40.95700073242188
48.16699981689453 18.010000228881836 2.5799999237060547 0.0 44.900001525878906 14.876999855041506 40.51800155639648
48.75299835205078 18.763999938964844 2.5799999237060547 0.0 46.374000549316406 15.413000106811523 40.07799911499024
38.70100021362305 12.64900016784668 1.3329999446868896 0.0 36.321998596191406 10.642000198364258 40.07799911499024
40.87900161743164 13.402999877929688 0.0 0.0 39.48500061035156 11.5 40.73749923706055
47.07799911499024 17.759000778198242 0.0 0.0 45.97200012207031 15.333000183105469 42.2755012512207
45.65399932861328 14.407999992370604 1.2150000333786009 0.0 44.36399841308594 12.08899974822998 44.91249847412109
49.00400161743164 15.161999702453612 1.246999979019165 0.0 47.76800155639648 12.652000427246096 47.98799896240234
52.52299880981445 17.843000411987305 0.0 0.0 51.65499877929688 14.770000457763672 50.18550109863281
52.94100189208984 17.926000595092773 0.0 0.0 51.92300033569336 15.0649995803833 51.94350051879883
51.93600082397461 17.674999237060547 1.22599995136261 0.0 50.79700088500977 14.876999855041506 54.36050033569336
55.62200164794922 21.277000427246094 1.22599995136261 0.0 54.09400177001953 17.476999282836914 55.67850112915039
54.44900131225586 21.11000061035156 1.2150000333786009 0.0 53.04899978637695 17.451000213623047 54.58050155639648
55.70600128173828 21.11000061035156 1.2150000333786009 0.0 54.41600036621094 17.423999786376953 51.7234992980957
52.68999862670898 19.85300064086914 1.343000054359436 0.0 50.66299819946289 16.431999206542972 49.30699920654297
49.84199905395508 17.089000701904293 2.569000005722046 0.0 48.11600112915039 13.965999603271484 47.54899978637695
55.78900146484375 20.10400009155273 2.569000005722046 0.0 53.02199935913086 16.270999908447266 46.22999954223633
56.79499816894531 20.77400016784668 2.569000005722046 0.0 53.34299850463867 16.645999908447266 44.9119987487793
52.52299880981445 19.684999465942383 2.569000005722046 0.0 49.99300003051758 16.19099998474121 44.03300094604492
47.1609992980957 16.334999084472653 0.0 0.0 46.64199829101562 14.314000129699709 43.374000549316406
47.07799911499024 16.836999893188473 1.3650000095367432 0.0 45.24800109863281 14.100000381469728 42.275001525878906
47.1609992980957 16.670000076293945 2.6549999713897705 0.0 44.09500122070313 13.590999603271484 41.39599990844727
45.48600006103516 15.83199977874756 2.719000101089477 0.0 43.02299880981445 13.161999702453612 40.51800155639648
39.37099838256836 13.234999656677244 2.5799999237060547 0.0 36.50899887084961 10.96399974822998 40.07799911499024
34.345001220703125 11.057000160217283 1.5570000410079956 0.0 33.15900039672852 9.409000396728516 39.19900131225586
44.81600189208984 16.419000625610348 2.8469998836517334 0.0 42.72800064086914 13.75100040435791 38.31999969482422
45.90499877929688 15.83199977874756 2.7079999446868896 0.0 43.18399810791016 12.946999549865724 37.88100051879883
44.81600189208984 16.083000183105472 1.4609999656677246 0.0 42.99599838256836 13.697999954223633 37.88100051879883
39.20299911499024 12.64900016784668 1.4609999656677246 0.0 37.233001708984375 10.642000198364258 39.41899871826172
48.83700180053711 17.590999603271484 0.0 0.0 48.0629997253418 15.413000106811523 41.39649963378906
46.57500076293945 14.659000396728516 0.0 0.0 45.75699996948242 12.491000175476074 43.8134994506836
52.94100189208984 17.926000595092773 0.0 0.0 52.35200119018555 15.251999855041506 47.32899856567383
54.70000076293945 19.60199928283692 0.0 0.0 54.06700134277344 16.726999282836914 49.96599960327149
56.62699890136719 20.69099998474121 0.0 0.0 55.78300094604492 17.584999084472653 51.7234992980957
56.04100036621094 21.11000061035156 0.0 0.0 55.11299896240234 17.77199935913086 54.14099884033203
55.11899948120117 20.69099998474121 0.0 0.0 54.22800064086914 17.691999435424805 55.67850112915039
55.95700073242188 21.69599914550781 0.0 0.0 55.05899810791016 18.28199958801269 53.70100021362305
55.87300109863281 21.61199951171875 1.3329999446868896 0.0 54.60300064086914 17.959999084472656 51.7234992980957
55.95700073242188 20.941999435424805 1.3329999446868896 0.0 54.49599838256836 17.63800048828125 50.18600082397461
51.51699829101562 17.926000595092773 0.0 0.0 50.87699890136719 15.199000358581545 48.428001403808594
53.946998596191406 18.34499931335449 2.505000114440918 0.0 52.27099990844727 15.22599983215332 47.10900115966797
56.04100036621094 21.277000427246094 2.505000114440918 0.0 54.38899993896485 17.7189998626709 45.79100036621094
55.53799819946289 21.44499969482422 2.505000114440918 0.0 52.80699920654297 17.691999435424805 44.9119987487793
53.946998596191406 20.52300071716309 2.494999885559082 0.0 51.54700088500977 16.968000411987305 44.47299957275391
50.59600067138672 18.847999572753903 2.494999885559082 0.0 49.10800170898438 16.136999130249027 43.59400177001953
48.75299835205078 18.010000228881836 2.494999885559082 0.0 47.07099914550781 15.4399995803833 42.93450164794922
47.83200073242188 18.34499931335449 2.5369999408721924 0.0 45.81100082397461 15.680999755859377 42.05550003051758
47.58000183105469 17.926000595092773 2.996000051498413 0.0 44.97999954223633 14.824000358581545 41.39599990844727
47.915000915527344 18.26099967956543 2.803999900817871 0.0 45.30199813842773 15.22599983215332 40.73749923706055
45.1510009765625 17.256000518798828 0.0 0.0 44.47100067138672 15.038000106811523 40.51800155639648
48.08300018310547 18.17799949645996 2.664999961853028 0.0 45.43600082397461 15.038000106811523 39.41899871826172
40.9630012512207 14.659000396728516 1.2690000534057615 0.0 39.45800018310547 12.760000228881836 38.97949981689453
37.10900115966797 12.145999908447266 1.2690000534057615 0.0 35.19599914550781 10.105999946594238 38.540000915527344
41.13000106811523 14.241000175476074 0.0 0.0 40.52999877929688 12.46500015258789 38.759498596191406
41.29800033569336 13.73799991607666 1.2369999885559082 0.0 40.18199920654297 12.062999725341797 39.41899871826172
42.21900177001953 14.324000358581545 1.2150000333786009 0.0 41.01300048828125 12.196999549865724 41.39599990844727
43.391998291015625 14.82699966430664 0.0 0.0 42.084999084472656 12.78600025177002 42.49499893188477
43.391998291015625 16.0 0.0 0.0 42.13899993896485 13.83199977874756 39.85850143432617
42.80500030517578 16.334999084472653 0.0 0.0 41.76300048828125 14.152999877929688 38.10049819946289
43.30799865722656 16.250999450683597 0.0 0.0 42.48699951171875 14.234000205993652 37.6609992980957
43.391998291015625 16.836999893188473 0.0 0.0 42.32600021362305 14.314000129699709 37.22150039672852
45.06700134277344 16.250999450683597 2.45199990272522 0.0 42.88899993896485 13.510000228881836 37.22150039672852
41.46500015258789 14.407999992370604 1.3329999446868896 0.0 40.31600189208984 12.357000350952148 36.5620002746582
40.54399871826172 13.067999839782717 0.0 0.0 39.45800018310547 10.90999984741211 35.68399810791016
44.48099899291992 14.659000396728516 2.7290000915527344 0.0 41.46799850463867 11.687000274658203 35.02450180053711
41.46500015258789 12.899999618530272 3.124000072479248 0.0 38.52000045776367 10.31999969482422 34.584999084472656
41.46500015258789 13.152000427246096 2.6010000705718994 0.0 39.56499862670898 11.071000099182127 34.14550018310547
40.62699890136719 13.487000465393065 3.0699999332427983 0.0 37.34000015258789 10.96399974822998 33.92599868774414
36.94200134277344 13.487000465393065 2.440999984741211 0.0 34.365001678466804 11.258000373840332 33.92599868774414
36.1879997253418 13.402999877929688 1.2899999618530271 0.0 34.41899871826172 11.526000022888184 33.70600128173828
37.277000427246094 13.152000427246096 2.8469998836517334 0.0 34.01599884033203 10.642000198364258 33.48600006103516
37.44400024414063 14.241000175476074 2.494999885559082 0.0 35.35699844360352 12.08899974822998 33.04700088500977
36.858001708984375 13.487000465393065 2.494999885559082 0.0 35.141998291015625 11.446000099182127 32.60699844360352
35.0989990234375 12.984000205993652 2.611999988555908 0.0 32.03300094604492 10.668999671936035 32.167999267578125
36.858001708984375 12.984000205993652 1.2899999618530271 0.0 35.03499984741211 11.232000350952148 32.167999267578125
37.61199951171875 13.73799991607666 0.0 0.0 36.42900085449219 11.982000350952148 32.167999267578125
33.50699996948242 10.805999755859377 1.2150000333786009 0.0 31.65800094604492 9.006999969482422 32.387500762939446
36.52299880981445 11.392000198364258 0.0 0.0 35.70500183105469 9.864999771118164 33.70600128173828
39.790000915527344 13.56999969482422 1.22599995136261 0.0 38.59999847412109 11.687000274658203 35.903499603271484
42.387001037597656 15.161999702453612 0.0 0.0 41.17399978637695 12.866999626159668 38.540000915527344
39.62200164794922 12.39799976348877 0.0 0.0 38.70800018310547 10.614999771118164 41.61600112915039
38.28200149536133 13.067999839782717 0.0 0.0 37.4739990234375 11.232000350952148 45.13150024414063
45.56999969482422 16.419000625610348 0.0 0.0 44.63199996948242 14.152999877929688 44.69250106811523
45.90499877929688 16.166999816894528 0.0 0.0 45.22100067138672 13.80500030517578 43.59349822998047
48.16699981689453 17.926000595092773 0.0 0.0 47.178001403808594 15.4399995803833 41.61600112915039
49.0880012512207 17.423999786376953 0.0 0.0 48.14300155639648 14.850000381469728 40.29800033569336
47.999000549316406 16.670000076293945 0.0 0.0 47.23199844360352 14.18000030517578 39.63899993896485
44.48099899291992 13.654000282287598 1.2899999618530271 0.0 42.70199966430664 11.258000373840332 38.10049819946289
47.83200073242188 15.07800006866455 2.505000114440918 0.0 45.35499954223633 11.954999923706056 37.44100189208984
48.33399963378906 16.50200080871582 2.687000036239624 0.0 45.81100082397461 13.321999549865724 36.5620002746582
47.24499893188477 16.92099952697754 2.687000036239624 0.0 45.35499954223633 13.993000030517578 35.68399810791016
46.99399948120117 16.419000625610348 2.664999961853028 0.0 44.38999938964844 13.321999549865724 35.02450180053711
43.97800064086914 16.334999084472653 2.5480000972747803 0.0 41.92399978637695 13.697999954223633 34.14550018310547
42.72200012207031 15.581000328063965 2.5480000972747803 0.0 41.76300048828125 13.402999877929688 33.26649856567383
43.89400100708008 16.0 2.5910000801086426 0.0 41.38800048828125 13.564000129699709 31.94849967956543
42.1349983215332 15.246000289916992 2.5910000801086426 0.0 39.512001037597656 12.894000053405762 31.28899955749512
43.30799865722656 16.0 1.4819999933242798 0.0 41.14699935913086 13.161999702453612 30.40999984741211
43.64300155639648 15.748000144958494 2.430999994277954 0.0 41.54899978637695 13.348999977111816 29.5310001373291
41.38100051879883 14.156999588012695 2.430999994277954 0.0 39.45800018310547 12.062999725341797 29.09199905395508
34.261001586914055 9.633000373840332 1.3539999723434448 0.0 32.35499954223633 8.095000267028809 28.65200042724609
34.345001220703125 9.968000411987305 1.3539999723434448 0.0 32.648998260498054 8.336999893188478 31.28949928283692
42.88899993896485 15.748000144958494 0.0 0.0 41.790000915527344 13.83199977874756 34.14550018310547
44.229000091552734 16.0 0.0 0.0 43.61299896240234 13.939000129699709 37.88050079345703
43.2239990234375 15.246000289916992 0.0 0.0 42.13899993896485 13.269000053405762 41.39649963378906
44.73199844360352 15.413000106811523 0.0 0.0 44.14899826049805 13.644000053405762 43.15449905395508
44.0620002746582 15.581000328063965 0.0 0.0 44.04199981689453 14.019000053405762 44.69250106811523
44.14599990844727 16.753999710083008 0.0 0.0 43.58599853515625 14.609000205993652 46.66949844360352
43.30799865722656 15.83199977874756 0.0 0.0 42.21900177001953 13.75100040435791 48.20800018310547
44.900001525878906 15.916000366210938 0.0 0.0 44.310001373291016 13.725000381469728 47.10900115966797
45.82099914550781 15.581000328063965 1.343000054359436 0.0 43.80099868774414 13.00100040435791 44.69250106811523
42.72200012207031 12.145999908447266 1.2369999885559082 0.0 41.30799865722656 10.052000045776367 42.49499893188477
42.21900177001953 12.984000205993652 2.5799999237060547 0.0 39.430999755859375 10.401000022888184 40.73749923706055
42.303001403808594 12.815999984741213 2.5799999237060547 0.0 39.61899948120117 9.972000122070312 38.7599983215332
44.0620002746582 13.56999969482422 2.6010000705718994 0.0 40.93199920654297 10.937000274658203 37.00199890136719
42.97299957275391 14.82699966430664 1.4709999561309814 0.0 41.20000076293945 12.973999977111816 36.12300109863281
42.97299957275391 14.91100025177002 2.687000036239624 0.0 39.99399948120117 11.928999900817873 34.80500030517578
39.874000549316406 14.072999954223633 1.3220000267028809 0.0 38.41299819946289 11.767999649047852 33.92599868774414
40.459999084472656 14.156999588012695 2.5369999408721924 0.0 37.52799987792969 11.633999824523926 33.04700088500977
37.77899932861328 13.319000244140623 1.684000015258789 0.0 36.402000427246094 11.232000350952148 32.167999267578125
35.76900100708008 11.979000091552734 2.664999961853028 0.0 33.613998413085945 10.024999618530272 31.72900009155273
38.03099822998047 13.56999969482422 2.664999961853028 0.0 36.29499816894531 11.151000022888184 30.85000038146973
40.29199981689453 13.904999732971191 2.803999900817871 0.0 37.448001861572266 11.446000099182127 30.40999984741211
41.96799850463867 14.241000175476074 2.803999900817871 0.0 39.67300033569336 11.928999900817873 29.7509994506836
39.874000549316406 12.899999618530272 2.6440000534057617 0.0 37.68899917602539 10.69499969482422 29.7509994506836
37.52799987792969 12.984000205993652 0.0 0.0 36.5629997253418 11.258000373840332 31.94849967956543
44.3129997253418 15.748000144958494 0.0 0.0 43.45199966430664 13.75100040435791 35.02450180053711
39.95700073242188 12.314000129699709 1.3539999723434448 0.0 38.78799819946289 10.347000122070312 38.97949981689453
41.04600143432617 12.480999946594238 0.0 0.0 39.53799819946289 10.560999870300291 42.71500015258789
44.900001525878906 15.246000289916992 0.0 0.0 43.854000091552734 13.081000328063965 44.69250106811523
44.0620002746582 15.07800006866455 0.0 0.0 43.53300094604492 13.081000328063965 46.01050186157226
43.72700119018555 15.664999961853027 0.0 0.0 42.83599853515625 13.482999801635742 47.98799896240234
42.1349983215332 15.413000106811523 0.0 0.0 40.85200119018555 13.269000053405762 49.5265007019043
42.88899993896485 15.581000328063965 0.0 0.0 42.084999084472656 13.697999954223633 47.54850006103516
44.81600189208984 15.916000366210938 1.3860000371932983 0.0 43.104000091552734 13.564000129699709 45.35200119018555
44.14599990844727 15.246000289916992 1.503000020980835 0.0 42.56800079345703 13.053999900817873 42.93450164794922
43.30799865722656 14.743000030517578 2.505000114440918 0.0 39.96699905395508 11.954999923706056 40.73749923706055
46.65900039672852 15.748000144958494 2.505000114440918 0.0 44.310001373291016 12.866999626159668 38.7599983215332
45.98899841308594 16.166999816894528 2.7720000743865967 0.0 43.479000091552734 13.402999877929688 36.78200149536133
44.900001525878906 16.0 2.7720000743865967 0.0 41.95100021362305 13.081000328063965 35.4640007019043
44.3129997253418 16.0 2.494999885559082 0.0 41.30799865722656 13.161999702453612 34.365001678466804
40.9630012512207 14.407999992370604 1.3109999895095823 0.0 39.27000045776367 12.062999725341797 33.26649856567383
41.79999923706055 14.91100025177002 2.5269999504089355 0.0 38.73400115966797 12.116000175476074 32.167999267578125
38.78499984741211 13.98900032043457 2.5269999504089355 0.0 36.08100128173828 11.71399974822998 31.72900009155273
36.94200134277344 12.39799976348877 2.5269999504089355 0.0 33.722000122070305 10.024999618530272 30.85000038146973
39.37099838256836 14.072999954223633 2.5269999504089355 0.0 36.9119987487793 11.767999649047852 29.97100067138672
40.79499816894531 14.576000213623049 2.5269999504089355 0.0 38.01100158691406 11.902000427246096 29.31150054931641
42.05199813842773 14.82699966430664 2.505000114440918 0.0 39.91400146484375 12.303999900817873 28.871999740600582
39.95700073242188 13.98900032043457 1.2150000333786009 0.0 38.27899932861328 11.821000099182127 29.09199905395508
37.946998596191406 13.234999656677244 2.430999994277954 0.0 35.946998596191406 10.90999984741211 31.50900077819824
38.78499984741211 13.821999549865724 0.0 0.0 37.98400115966797 12.142999649047852 34.584999084472656
33.005001068115234 10.052000045776367 0.0 0.0 32.24700164794922 8.819000244140625 38.540000915527344
34.17699813842773 11.140999794006348 0.0 0.0 33.45399856567383 10.024999618530272 41.17699813842773
36.52299880981445 11.5600004196167 0.0 0.0 35.678001403808594 10.105999946594238 43.15399932861328
34.59600067138672 11.140999794006348 0.0 0.0 33.56100082397461 9.91800022125244 44.9119987487793
39.790000915527344 13.402999877929688 0.0 0.0 38.84199905395508 11.392000198364258 47.32899856567383
42.387001037597656 14.994000434875488 0.0 0.0 41.20000076293945 12.78600025177002 47.98799896240234
41.71599960327149 14.82699966430664 0.0 0.0 40.50299835205078 12.545000076293944 45.57099914550781
46.74300003051758 15.161999702453612 1.246999979019165 0.0 44.92599868774414 12.571999549865724 43.374000549316406
45.56999969482422 14.576000213623049 1.246999979019165 0.0 44.38999938964844 12.142999649047852 41.83549880981445
43.55899810791016 12.5649995803833 2.494999885559082 0.0 41.040000915527344 9.972000122070312 40.29800033569336
43.81100082397461 12.062999725341797 2.45199990272522 0.0 41.36100006103516 9.461999893188477 38.31999969482422
46.2400016784668 14.407999992370604 2.45199990272522 0.0 43.96099853515625 11.767999649047852 36.34249877929688
42.05199813842773 13.234999656677244 2.5799999237060547 0.0 39.21699905395508 10.722000122070312 35.24399948120117
42.47000122070313 13.821999549865724 2.5799999237060547 0.0 40.31600189208984 11.33899974822998 33.92599868774414
42.63800048828125 13.402999877929688 2.5799999237060547 0.0 39.83300018310547 10.668999671936035 33.48600006103516
42.63800048828125 13.402999877929688 2.5799999237060547 0.0 39.83300018310547 10.668999671936035 33.48600006103516
42.63800048828125 13.402999877929688 2.5799999237060547 0.0 39.83300018310547 10.668999671936035 33.48600006103516
42.63800048828125 13.402999877929688 2.5799999237060547 0.0 39.83300018310547 10.668999671936035 33.48600006103516
42.63800048828125 13.402999877929688 2.5799999237060547 0.0 39.83300018310547 10.668999671936035 33.48600006103516
42.63800048828125 13.402999877929688 2.5799999237060547 0.0 39.83300018310547 10.668999671936035 33.48600006103516
42.63800048828125 13.402999877929688 2.5799999237060547 0.0 39.83300018310547 10.668999671936035 33.48600006103516
42.63800048828125 13.402999877929688 2.5799999237060547 0.0 39.83300018310547 10.668999671936035 33.48600006103516
42.63800048828125 13.402999877929688 2.5799999237060547 0.0 39.83300018310547 10.668999671936035 33.48600006103516
42.63800048828125 13.402999877929688 2.5799999237060547 0.0 39.83300018310547 10.668999671936035 33.48600006103516
42.63800048828125 13.402999877929688 2.5799999237060547 0.0 39.83300018310547 10.668999671936035 33.48600006103516
42.63800048828125 13.402999877929688 2.5799999237060547 0.0 39.83300018310547 10.668999671936035 33.48600006103516
42.63800048828125 13.402999877929688 2.5799999237060547 0.0 39.83300018310547 10.668999671936035 33.48600006103516
42.63800048828125 13.402999877929688 2.5799999237060547 0.0 39.83300018310547 10.668999671936035 33.48600006103516
42.63800048828125 13.402999877929688 2.5799999237060547 0.0 39.83300018310547 10.668999671936035 33.48600006103516
42.63800048828125 13.402999877929688 2.5799999237060547 0.0 39.83300018310547 10.668999671936035 33.48600006103516
42.63800048828125 13.402999877929688 2.5799999237060547 0.0 39.83300018310547 10.668999671936035 33.48600006103516
42.63800048828125 13.402999877929688 2.5799999237060547 0.0 39.83300018310547 10.668999671936035 33.48600006103516
42.63800048828125 13.402999877929688 2.5799999237060547 0.0 39.83300018310547 10.668999671936035 33.48600006103516
42.63800048828125 13.402999877929688 2.5799999237060547 0.0 39.83300018310547 10.668999671936035 33.48600006103516
42.63800048828125 13.402999877929688 2.5799999237060547 0.0 39.83300018310547 10.668999671936035 33.48600006103516
42.63800048828125 13.402999877929688 2.5799999237060547 0.0 39.83300018310547 10.668999671936035 33.48600006103516
42.63800048828125 13.402999877929688 2.5799999237060547 0.0 39.83300018310547 10.668999671936035 33.48600006103516
42.63800048828125 13.402999877929688 2.5799999237060547 0.0 39.83300018310547 10.668999671936035 33.48600006103516
41.632999420166016 13.234999656677244 1.22599995136261 0.0 40.12799835205078 11.204999923706056 36.12300109863281
41.29800033569336 13.152000427246096 2.440999984741211 0.0 39.08300018310547 10.668999671936035 35.903499603271484
38.78499984741211 12.145999908447266 2.7929999828338623 0.0 35.86600112915039 9.70400047302246 35.4640007019043
41.2140007019043 12.899999618530272 2.7929999828338623 0.0 38.14500045776367 10.239999771118164 34.80500030517578
39.62200164794922 12.314000129699709 2.760999917984009 0.0 37.5009994506836 10.185999870300291 34.584999084472656
37.19300079345703 11.810999870300291 0.0 0.0 36.24100112915039 10.052000045776367 34.14550018310547
40.125 12.899999618530272 2.697000026702881 0.0 37.39400100708008 10.347000122070312 33.70600128173828
40.125 12.815999984741213 2.697000026702881 0.0 37.34000015258789 10.480999946594238 33.70600128173828
36.104000091552734 9.717000007629396 2.697000026702881 0.0 34.042999267578125 7.665999889373777 34.804500579833984
41.54899978637695 13.904999732971191 0.0 0.0 40.69100189208984 11.821000099182127 36.34299850463867
37.69599914550781 10.220000267028809 0.0 0.0 36.777000427246094 8.550999641418457 38.97949981689453
39.95700073242188 11.225000381469728 0.0 0.0 38.92200088500977 9.32800006866455 41.83599853515625
44.3129997253418 13.654000282287598 0.0 0.0 43.26399993896485 11.553000450134276 44.03350067138672
44.73199844360352 14.82699966430664 0.0 0.0 43.63999938964844 12.571999549865724 45.79100036621094
44.983001708984375 15.496999740600586 0.0 0.0 44.33700180053711 13.107999801635742 47.98849868774414
44.81600189208984 14.994000434875488 0.0 0.0 43.82699966430664 12.894000053405762 48.647499084472656
47.66400146484375 16.083000183105472 1.3329999446868896 0.0 46.26699829101562 13.321999549865724 47.32899856567383
49.42300033569336 16.0 1.3329999446868896 0.0 47.3390007019043 13.081000328063965 45.13199996948242
48.75299835205078 15.748000144958494 2.611999988555908 0.0 47.23199844360352 12.84000015258789 43.8134994506836
45.06700134277344 13.067999839782717 2.5269999504089355 0.0 42.48699951171875 10.508000373840332 42.05550003051758
49.0880012512207 14.994000434875488 1.7910000085830688 0.0 47.23199844360352 12.116000175476074 40.73749923706055
46.2400016784668 13.487000465393065 3.0169999599456787 0.0 43.66699981689453 10.803000450134276 39.85850143432617
45.48600006103516 14.324000358581545 2.8469998836517334 0.0 43.53300094604492 11.847999572753904 38.97949981689453
42.97299957275391 13.402999877929688 0.0 0.0 42.21900177001953 11.5 38.540000915527344
40.79499816894531 12.5649995803833 2.878999948501587 0.0 38.14500045776367 9.972000122070312 38.10049819946289
40.9630012512207 12.732999801635742 2.6549999713897705 0.0 39.27000045776367 10.588000297546388 37.22150039672852
42.47000122070313 13.402999877929688 2.6549999713897705 0.0 39.37799835205078 10.776000022888184 36.78200149536133
41.96799850463867 13.234999656677244 2.719000101089477 0.0 39.37799835205078 10.642000198364258 35.903499603271484
39.874000549316406 12.64900016784668 2.719000101089477 0.0 36.59000015258789 10.052000045776367 35.4640007019043
40.04100036621094 13.152000427246096 2.9749999046325684 0.0 36.80400085449219 10.53499984741211 34.80500030517578
39.790000915527344 12.64900016784668 1.63100004196167 0.0 38.54700088500977 10.560999870300291 34.584999084472656
41.71599960327149 13.56999969482422 2.9530000686645512 0.0 38.52000045776367 11.043999671936035 34.365001678466804
35.60100173950195 9.717000007629396 0.0 0.0 34.713001251220696 8.496999740600586 35.24449920654297
41.71599960327149 14.156999588012695 0.0 0.0 41.09299850463867 12.222999572753904 36.78200149536133
39.874000549316406 11.392000198364258 0.0 0.0 39.13600158691406 9.515999794006348 39.85850143432617
41.29800033569336 12.062999725341797 0.0 0.0 40.58399963378906 10.159000396728516 43.374000549316406
46.49100112915039 14.659000396728516 0.0 0.0 45.32899856567383 12.383999824523926 46.01050186157226
47.58000183105469 15.246000289916992 0.0 0.0 46.5620002746582 12.812999725341797 48.20800018310547
45.56999969482422 15.07800006866455 0.0 0.0 44.63199996948242 12.84000015258789 48.4275016784668
47.66400146484375 16.334999084472653 0.0 0.0 46.6150016784668 13.965999603271484 49.30699920654297
47.74800109863281 16.083000183105472 0.0 0.0 46.749000549316406 13.67099952697754 49.30649948120117
46.57500076293945 14.82699966430664 1.2790000438690186 0.0 44.52399826049805 12.03600025177002 47.54899978637695
49.59099960327149 15.748000144958494 2.494999885559082 0.0 47.04399871826172 12.62600040435791 45.57149887084961
44.900001525878906 13.152000427246096 2.6549999713897705 0.0 42.70199966430664 10.45400047302246 43.8134994506836
47.915000915527344 15.07800006866455 1.2690000534057615 0.0 46.10599899291992 12.652000427246096 41.83599853515625
49.25600051879883 16.250999450683597 1.7380000352859497 0.0 47.04399871826172 13.456000328063965 40.29800033569336
42.80500030517578 13.152000427246096 2.5369999408721924 0.0 41.06600189208984 11.017000198364258 39.19900131225586
45.1510009765625 14.576000213623049 2.5369999408721924 0.0 43.18399810791016 12.008999824523926 38.31999969482422
43.89400100708008 13.904999732971191 2.5369999408721924 0.0 40.71799850463867 11.258000373840332 37.44100189208984
41.29800033569336 12.5649995803833 2.750999927520752 0.0 38.62699890136719 10.267000198364258 36.5620002746582
41.38100051879883 12.984000205993652 2.750999927520752 0.0 39.29700088500977 10.668999671936035 35.68399810791016
41.54899978637695 13.152000427246096 2.750999927520752 0.0 39.08300018310547 10.45400047302246 35.24399948120117
37.86299896240234 11.644000053405762 2.750999927520752 0.0 35.303001403808594 9.381999969482422 35.02450180053711
37.86299896240234 11.225000381469728 2.750999927520752 0.0 35.4370002746582 9.034000396728516 34.365001678466804
43.72700119018555 14.324000358581545 2.750999927520752 0.0 41.46799850463867 11.847999572753904 33.92599868774414
41.04600143432617 13.487000465393065 2.750999927520752 0.0 38.198001861572266 10.937000274658203 33.92599868774414
38.198001861572266 10.805999755859377 0.0 0.0 37.76900100708008 11.312000274658203 35.903499603271484
42.88899993896485 14.576000213623049 0.0 0.0 41.73699951171875 12.437999725341797 38.10049819946289
44.39699935913086 14.576000213623049 0.0 0.0 43.77399826049805 12.652000427246096 40.07799911499024
46.32400131225586 15.07800006866455 1.2150000333786009 0.0 45.30199813842773 12.84000015258789 43.374000549316406
42.88899993896485 13.487000465393065 0.0 0.0 42.13899993896485 11.607000350952148 46.23049926757813
43.97800064086914 13.56999969482422 0.0 0.0 42.83599853515625 11.472999572753904 47.76850128173828
43.81100082397461 14.407999992370604 0.0 0.0 42.99599838256836 12.491000175476074 48.86700057983398
42.387001037597656 13.904999732971191 0.0 0.0 41.65599822998047 12.008999824523926 46.66949844360352
44.56499862670898 14.91100025177002 0.0 0.0 43.29100036621094 12.652000427246096 47.10900115966797
48.25 15.161999702453612 1.375 0.0 46.66899871826172 12.383999824523926 46.45000076293945
50.84700012207031 16.50200080871582 2.8469998836517334 0.0 47.79499816894531 13.21500015258789 45.35200119018555
44.39699935913086 12.64900016784668 2.782999992370605 0.0 41.62900161743164 10.024999618530272 43.8134994506836
47.999000549316406 13.654000282287598 2.782999992370605 0.0 45.78400039672852 11.017000198364258 41.83599853515625
46.49100112915039 14.659000396728516 2.45199990272522 0.0 43.69300079345703 11.526000022888184 40.51800155639648
46.65900039672852 14.91100025177002 0.0 0.0 45.75699996948242 12.678999900817873 40.07799911499024
44.39699935913086 13.904999732971191 2.494999885559082 0.0 41.97800064086914 11.151000022888184 39.63899993896485
42.88899993896485 13.402999877929688 1.2790000438690186 0.0 40.39599990844727 10.776000022888184 38.7599983215332
43.391998291015625 13.402999877929688 2.494999885559082 0.0 40.23500061035156 10.74899959564209 37.88100051879883
41.88399887084961 13.487000465393065 3.252000093460083 0.0 39.72600173950195 10.883000373840332 37.44100189208984
41.38100051879883 12.984000205993652 3.252000093460083 0.0 39.32400131225586 10.642000198364258 37.00199890136719
41.632999420166016 13.319000244140623 2.8250000476837163 0.0 38.680999755859375 10.69499969482422 36.78200149536133
41.38100051879883 13.487000465393065 1.493000030517578 0.0 39.21699905395508 11.204999923706056 36.78200149536133
39.95700073242188 12.229999542236328 2.45199990272522 0.0 36.617000579833984 9.56999969482422 36.5620002746582
42.1349983215332 13.402999877929688 2.2920000553131104 0.0 39.99399948120117 10.989999771118164 36.12300109863281
37.10900115966797 9.550000190734863 2.2920000553131104 0.0 34.6870002746582 7.61299991607666 36.12300109863281
41.54899978637695 12.815999984741213 0.0 0.0 40.52999877929688 10.937000274658203 37.88100051879883
45.56999969482422 15.496999740600586 0.0 0.0 44.28300094604492 13.00100040435791 42.05550003051758
46.49100112915039 15.413000106811523 0.0 0.0 45.32899856567383 13.081000328063965 44.25299835205078
44.3129997253418 13.821999549865724 0.0 0.0 43.02299880981445 11.66100025177002 45.13199996948242
44.81600189208984 14.491999626159668 0.0 0.0 43.88100051879883 12.62600040435791 44.69250106811523
41.54899978637695 13.56999969482422 0.0 0.0 40.42300033569336 11.553000450134276 44.9119987487793
43.97800064086914 14.659000396728516 0.0 0.0 43.23799896240234 12.706000328063965 44.47299957275391
38.36600112915039 11.979000091552734 0.0 0.0 37.52799987792969 10.29300022125244 43.374000549316406
37.277000427246094 10.722000122070312 1.2150000333786009 0.0 35.972999572753906 9.140999794006348 42.275001525878906
47.41299819946289 14.072999954223633 2.4730000495910645 0.0 44.28300094604492 11.12399959564209 41.39599990844727
42.88899993896485 12.145999908447266 2.5480000972747803 0.0 39.77999877929688 9.220999717712402 40.29800033569336
43.14099884033203 12.145999908447266 1.5989999771118164 0.0 40.66400146484375 9.756999969482422 39.63899993896485
37.86299896240234 10.973999977111816 0.0 0.0 36.9379997253418 9.48900032043457 38.7599983215332
44.14599990844727 13.73799991607666 2.440999984741211 0.0 41.89699935913086 10.883000373840332 38.31999969482422
43.89400100708008 13.319000244140623 1.8760000467300413 0.0 41.06600189208984 10.69499969482422 37.44100189208984
37.277000427246094 10.973999977111816 3.16599988937378 0.0 35.089000701904304 8.979999542236328 36.34249877929688
40.9630012512207 12.39799976348877 2.5269999504089355 0.0 37.68899917602539 9.70400047302246 35.68399810791016
37.36100006103516 10.890000343322754 0.0 0.0 36.5629997253418 9.435999870300291 34.80500030517578
39.20299911499024 11.47599983215332 2.6440000534057617 0.0 36.1609992980957 9.16800022125244 33.92599868774414
36.104000091552734 10.55500030517578 2.6760001182556152 0.0 34.31100082397461 8.979999542236328 33.48600006103516
40.29199981689453 12.314000129699709 2.6760001182556152 1.2150000333786009 37.1259994506836 9.677000045776367 33.04700088500977
36.60699844360352 9.885000228881836 1.3969999551773071 0.0 34.391998291015625 8.041999816894531 32.60699844360352
39.2869987487793 11.644000053405762 0.0 0.0 38.43899917602539 9.91800022125244 32.387500762939446
36.52299880981445 11.140999794006348 1.2150000333786009 0.0 35.57099914550781 9.409000396728516 34.365001678466804
39.45500183105469 12.229999542236328 1.22599995136261 0.0 38.14500045776367 10.37399959564209 37.00199890136719
39.37099838256836 10.13599967956543 0.0 0.0 38.33200073242188 8.550999641418457 39.19900131225586
43.30799865722656 12.314000129699709 0.0 0.0 42.084999084472656 10.133000373840332 42.2755012512207
43.97800064086914 11.979000091552734 0.0 0.0 43.07699966430664 9.94499969482422 44.9119987487793
44.64799880981445 13.319000244140623 0.0 0.0 43.69300079345703 11.392000198364258 45.13199996948242
41.79999923706055 12.5649995803833 0.0 0.0 40.66400146484375 10.588000297546388 44.91249847412109
45.31800079345703 14.576000213623049 0.0 0.0 44.12200164794922 12.222999572753904 45.57149887084961
46.57500076293945 15.161999702453612 0.0 0.0 45.40900039672852 12.598999977111816 44.03300094604492
48.41799926757813 14.82699966430664 0.0 0.0 47.3390007019043 12.437999725341797 44.03300094604492
48.83700180053711 14.91100025177002 2.5160000324249268 0.0 46.2400016784668 11.875 43.374000549316406
44.48099899291992 11.895000457763672 2.5160000324249268 0.0 40.93199920654297 9.0600004196167 42.275001525878906
45.56999969482422 14.072999954223633 2.5369999408721924 0.0 43.66699981689453 11.418999671936035 41.39599990844727
49.50699996948242 16.0 2.5369999408721924 0.0 46.85599899291992 12.894000053405762 40.07799911499024
46.82600021362305 15.664999961853027 1.2580000162124634 0.0 44.229000091552734 12.678999900817873 39.63899993896485
44.14599990844727 14.82699966430664 2.4730000495910645 0.0 41.65599822998047 12.196999549865724 38.7599983215332
43.64300155639648 14.491999626159668 1.3109999895095823 0.0 41.415000915527344 12.116000175476074 38.31999969482422
39.95700073242188 13.152000427246096 0.0 0.0 39.45800018310547 11.312000274658203 38.31999969482422
40.125 13.234999656677244 1.3329999446868896 0.0 37.608001708984375 10.668999671936035 37.88100051879883
40.87900161743164 13.234999656677244 2.5910000801086426 0.0 38.35900115966797 10.560999870300291 37.22150039672852
40.125 13.402999877929688 1.2150000333786009 0.0 38.14500045776367 11.097999572753906 36.78200149536133
40.29199981689453 13.654000282287598 2.430999994277954 0.0 37.84999847412109 11.017000198364258 35.903499603271484
41.54899978637695 13.904999732971191 2.5269999504089355 0.0 38.65399932861328 11.204999923706056 34.584999084472656
39.11999893188477 12.899999618530272 0.0 0.0 38.0369987487793 11.071000099182127 33.48600006103516
35.60100173950195 10.722000122070312 2.463000059127808 0.0 33.238998413085945 8.470999717712402 32.38800048828125
40.79499816894531 13.98900032043457 0.0 0.0 39.64599990844727 12.03600025177002 31.728500366210927
34.0099983215332 9.717000007629396 0.0 0.0 33.722000122070305 8.041999816894531 31.728500366210927
34.512001037597656 9.29800033569336 1.22599995136261 0.0 33.31999969482422 7.800000190734862 31.94849967956543
38.617000579833984 11.392000198364258 1.2150000333786009 0.0 37.04600143432617 9.409000396728516 33.26649856567383
37.025001525878906 10.638999938964844 1.22599995136261 0.0 35.972999572753906 8.791999816894531 33.70600128173828
39.874000549316406 11.309000015258787 1.2369999885559082 0.0 38.65399932861328 9.140999794006348 32.607498168945305
40.87900161743164 12.145999908447266 1.2150000333786009 0.0 39.72600173950195 9.756999969482422 31.72900009155273
40.87900161743164 12.145999908447266 1.2150000333786009 0.0 38.70800018310547 9.623000144958496 31.28899955749512
47.58000183105469 13.56999969482422 2.440999984741211 0.0 44.44400024414063 10.45400047302246 31.28899955749512
45.98899841308594 13.152000427246096 2.440999984741211 0.0 44.06900024414063 10.45400047302246 30.85000038146973
38.36600112915039 8.628000259399414 2.440999984741211 0.0 35.7859992980957 6.138999938964844 29.97100067138672
41.632999420166016 11.140999794006348 3.6570000648498535 0.0 38.54700088500977 8.310000419616701 29.7509994506836
40.29199981689453 12.815999984741213 3.6570000648498535 1.662999987602234 37.6619987487793 10.07900047302246 29.5310001373291
40.29199981689453 13.152000427246096 3.2939999103546143 0.0 37.367000579833984 10.401000022888184 27.77300071716309
37.77899932861328 12.145999908447266 1.9299999475479128 0.0 36.08100128173828 9.864999771118164 27.11450004577637
39.0359992980957 12.5649995803833 3.16599988937378 0.0 35.893001556396484 9.838000297546388 26.894500732421875
38.53300094604492 12.062999725341797 2.5269999504089355 0.0 35.678001403808594 9.677000045776367 27.333999633789062
36.104000091552734 11.140999794006348 2.5269999504089355 0.0 33.775001525878906 8.845999717712402 27.11450004577637
37.61199951171875 11.810999870300291 2.664999961853028 0.0 34.49900054931641 9.220999717712402 26.894500732421875
33.757999420166016 10.470999717712402 1.4390000104904177 0.0 32.38100051879883 8.630999565124513 27.333999633789062
39.0359992980957 12.64900016784668 2.6760001182556152 0.0 35.8120002746582 9.972000122070312 27.77300071716309
39.45500183105469 12.5649995803833 3.0380001068115234 0.0 36.1609992980957 9.756999969482422 28.21299934387207
38.78499984741211 12.39799976348877 1.6529999971389768 0.0 36.96500015258789 10.159000396728516 28.21299934387207
38.78499984741211 11.727999687194824 1.684000015258789 0.0 35.73199844360352 9.32800006866455 28.65200042724609
40.29199981689453 13.234999656677244 1.2580000162124634 0.0 39.16299819946289 11.366000175476074 29.09199905395508
36.35499954223633 9.885000228881836 1.246999979019165 0.0 34.928001403808594 8.015000343322754 29.97100067138672
36.27199935913086 9.29800033569336 1.246999979019165 0.0 35.38399887084961 7.827000141143799 31.72900009155273
39.53799819946289 12.39799976348877 1.2899999618530271 0.0 38.35900115966797 10.347000122070312 33.26649856567383
40.125 13.402999877929688 1.246999979019165 0.0 38.573001861572266 11.151000022888184 35.02450180053711
40.79499816894531 13.654000282287598 1.246999979019165 0.0 39.61899948120117 11.418999671936035 37.44150161743164
41.2140007019043 14.156999588012695 1.246999979019165 0.0 40.12799835205078 11.66100025177002 38.759498596191406
37.025001525878906 11.309000015258787 1.246999979019165 0.0 35.33000183105469 9.194000244140623 38.97949981689453
42.63800048828125 13.98900032043457 2.463000059127808 0.0 40.15499877929688 11.178000450134276 37.6609992980957
41.88399887084961 13.319000244140623 2.463000059127808 0.0 38.78799819946289 10.53499984741211 35.903499603271484
40.29199981689453 11.979000091552734 2.463000059127808 0.0 37.31399917602539 9.515999794006348 34.584999084472656
44.81600189208984 14.576000213623049 2.463000059127808 0.0 41.52199935913086 11.446000099182127 33.70600128173828
44.14599990844727 14.407999992370604 2.463000059127808 0.0 41.76300048828125 11.633999824523926 32.82699966430664
37.946998596191406 12.39799976348877 2.463000059127808 0.0 35.70500183105469 9.91800022125244 32.387500762939446
40.20899963378906 13.234999656677244 2.4730000495910645 0.0 37.6349983215332 10.588000297546388 31.94849967956543
40.459999084472656 13.402999877929688 2.4730000495910645 1.2150000333786009 36.9379997253418 10.45400047302246 31.28899955749512
35.85300064086914 11.5600004196167 2.4730000495910645 0.0 33.21200180053711 9.16800022125244 30.85000038146973
37.36100006103516 12.062999725341797 2.4730000495910645 0.0 34.49900054931641 9.302000045776367 30.40999984741211
37.44400024414063 12.062999725341797 2.4730000495910645 0.0 35.007999420166016 9.623000144958496 29.97100067138672
36.77399826049805 11.644000053405762 2.4730000495910645 0.0 34.31100082397461 9.435999870300291 29.5310001373291
35.85300064086914 11.5600004196167 2.4730000495910645 0.0 33.10499954223633 9.274999618530272 29.5310001373291
36.858001708984375 10.973999977111816 2.4730000495910645 0.0 34.553001403808594 9.006999969482422 29.09199905395508
39.0359992980957 12.64900016784668 2.45199990272522 0.0 36.617000579833984 10.29300022125244 29.09199905395508
36.1879997253418 10.470999717712402 1.2150000333786009 0.0 35.33000183105469 8.791999816894531 30.40999984741211
39.874000549316406 11.47599983215332 0.0 0.0 38.680999755859375 9.54300022125244 31.94849967956543
36.94200134277344 9.04699993133545 1.2790000438690186 0.0 35.8390007019043 6.915999889373777 34.14550018310547
37.52799987792969 8.963000297546387 1.2150000333786009 0.0 36.64300155639648 7.372000217437744 35.68399810791016
41.632999420166016 11.895000457763672 0.0 0.0 40.66400146484375 10.052000045776367 38.759498596191406
41.96799850463867 12.984000205993652 1.2369999885559082 0.0 40.87900161743164 10.883000373840332 41.83549880981445
41.96799850463867 13.234999656677244 1.2369999885559082 0.0 40.74499893188477 10.803000450134276 44.69250106811523
42.47000122070313 13.319000244140623 1.2369999885559082 0.0 41.11999893188477 10.829999923706056 44.03300094604492
42.88899993896485 12.899999618530272 1.2150000333786009 0.0 40.71799850463867 10.185999870300291 43.8134994506836
45.65399932861328 14.324000358581545 2.440999984741211 0.0 43.23799896240234 11.392000198364258 42.05550003051758
45.1510009765625 13.402999877929688 2.440999984741211 0.0 42.29899978637695 10.31999969482422 40.29800033569336
43.81100082397461 11.5600004196167 3.720999956130981 1.2369999885559082 40.07500076293945 8.416999816894531 38.7599983215332
42.21900177001953 10.722000122070312 2.6440000534057617 0.0 39.37799835205078 8.069000244140625 37.00199890136719
46.071998596191406 13.73799991607666 2.6440000534057617 1.3860000371932983 42.67499923706055 10.427000045776367 36.12300109863281
43.97800064086914 13.319000244140623 2.6760001182556152 1.2150000333786009 40.69100189208984 10.185999870300291 35.4640007019043
41.04600143432617 12.145999908447266 2.687000036239624 0.0 38.78799819946289 9.595999717712402 35.24399948120117
40.71099853515625 12.39799976348877 2.687000036239624 1.2150000333786009 37.55500030517578 9.649999618530272 34.80500030517578
37.61199951171875 10.890000343322754 2.697000026702881 0.0 35.089000701904304 8.52400016784668 34.365001678466804
38.53300094604492 10.973999977111816 2.697000026702881 0.0 35.7859992980957 8.36299991607666 33.48600006103516
36.02000045776367 10.303000450134276 2.45199990272522 0.0 33.400001525878906 7.907999992370605 32.82699966430664
35.518001556396484 10.052000045776367 2.131999969482422 0.0 33.47999954223633 8.041999816894531 32.167999267578125
36.43899917602539 10.220000267028809 2.6549999713897705 0.0 34.01599884033203 8.175999641418457 31.72900009155273
40.459999084472656 11.225000381469728 2.6549999713897705 0.0 37.95700073242188 8.444000244140625 31.28899955749512
39.62200164794922 11.057000160217283 2.6549999713897705 0.0 37.2869987487793 8.765000343322754 31.28899955749512
38.198001861572266 9.21399974822998 1.22599995136261 0.0 36.96500015258789 7.425000190734862 33.04700088500977
41.88399887084961 12.815999984741213 1.2369999885559082 0.0 40.58399963378906 10.480999946594238 35.4640007019043
40.459999084472656 10.55500030517578 1.2369999885559082 0.0 39.11000061035156 8.550999641418457 38.97949981689453
42.63800048828125 14.241000175476074 1.2369999885559082 0.0 41.60300064086914 11.847999572753904 41.61600112915039
44.3129997253418 15.07800006866455 0.0 0.0 43.21099853515625 12.866999626159668 44.25299835205078
37.86299896240234 13.067999839782717 0.0 0.0 36.7239990234375 11.33899974822998 45.57099914550781
37.61199951171875 13.73799991607666 0.0 0.0 36.5629997253418 11.847999572753904 46.66949844360352
37.52799987792969 10.722000122070312 1.22599995136261 0.0 36.3489990234375 8.73900032043457 46.88949966430664
45.4020004272461 14.576000213623049 1.22599995136261 0.0 43.53300094604492 11.902000427246096 45.13199996948242
48.66899871826172 16.166999816894528 1.22599995136261 0.0 47.04399871826172 13.107999801635742 43.15449905395508
48.91999816894531 16.334999084472653 1.2580000162124634 0.0 46.85599899291992 13.135000228881836 42.275001525878906
45.1510009765625 12.732999801635742 2.6549999713897705 0.0 42.32600021362305 9.729999542236328 40.95700073242188
48.08300018310547 13.821999549865724 2.6549999713897705 1.246999979019165 44.65800094604492 10.614999771118164 40.07799911499024
48.584999084472656 15.496999740600586 3.134000062942505 0.0 45.56999969482422 12.170000076293944 39.63899993896485
46.99399948120117 15.329999923706056 3.134000062942505 0.0 44.63199996948242 12.196999549865724 39.19900131225586
45.73699951171875 14.91100025177002 3.134000062942505 0.0 42.94300079345703 11.847999572753904 38.7599983215332
41.632999420166016 13.152000427246096 3.134000062942505 0.0 39.21699905395508 10.401000022888184 37.6609992980957
42.55400085449219 13.487000465393065 3.134000062942505 1.3650000095367432 39.18999862670898 10.29300022125244 37.44150161743164
40.9630012512207 12.480999946594238 3.124000072479248 1.2150000333786009 38.11800003051758 9.784000396728516 36.78200149536133
42.303001403808594 13.402999877929688 3.124000072479248 0.0 38.73400115966797 10.668999671936035 36.5620002746582
41.88399887084961 13.234999656677244 2.559000015258789 1.2150000333786009 38.30500030517578 10.347000122070312 36.34249877929688
41.13000106811523 13.319000244140623 2.6549999713897705 0.0 38.680999755859375 10.776000022888184 35.68399810791016
41.13000106811523 13.402999877929688 3.869999885559082 0.0 38.14500045776367 10.588000297546388 35.24399948120117
42.63800048828125 14.072999954223633 2.45199990272522 0.0 40.66400146484375 11.847999572753904 35.02450180053711
36.68999862670898 10.220000267028809 2.45199990272522 0.0 34.1510009765625 8.203000068664549 34.804500579833984
38.617000579833984 10.805999755859377 1.2150000333786009 0.0 37.34000015258789 8.578000068664549 34.804500579833984
41.71599960327149 15.83199977874756 1.2150000333786009 0.0 39.86000061035156 13.269000053405762 36.34249877929688
46.40700149536133 8.878999710083008 1.2150000333786009 0.0 44.52399826049805 6.031000137329103 37.44100189208984
45.31800079345703 7.874000072479247 1.2150000333786009 0.0 44.12200164794922 5.548999786376953 38.97949981689453
43.391998291015625 7.539000034332275 1.2150000333786009 0.0 42.29899978637695 5.227000236511231 41.39599990844727
45.56999969482422 8.125 1.2150000333786009 0.0 44.229000091552734 5.602000236511231 43.59400177001953
46.57500076293945 9.04699993133545 1.2150000333786009 0.0 44.97999954223633 6.326000213623048 45.57149887084961
46.32400131225586 8.711999893188478 2.7720000743865967 0.0 43.77399826049805 5.978000164031982 44.69250106811523
48.83700180053711 8.963000297546387 2.7720000743865967 0.0 46.18600082397461 6.164999961853027 42.2755012512207
40.87900161743164 5.52899980545044 0.0 0.0 40.66400146484375 4.0209999084472665 39.41899871826172
44.81600189208984 12.480999946594238 3.9660000801086426 1.2150000333786009 40.98600006103516 9.0600004196167 37.88050079345703
45.4020004272461 12.732999801635742 2.750999927520752 0.0 43.21099853515625 10.052000045776367 37.22150039672852
47.58000183105469 15.581000328063965 2.750999927520752 0.0 44.63199996948242 12.383999824523926 36.5625
45.06700134277344 14.91100025177002 2.750999927520752 1.2150000333786009 41.97800064086914 11.633999824523926 36.34249877929688
41.46500015258789 13.821999549865724 2.750999927520752 1.2150000333786009 37.84999847412109 10.855999946594238 36.34249877929688
44.229000091552734 14.743000030517578 2.750999927520752 1.2690000534057615 40.71799850463867 11.446000099182127 36.34249877929688
40.125 13.402999877929688 2.750999927520752 0.0 38.49300003051758 11.017000198364258 36.12300109863281
41.71599960327149 13.821999549865724 2.750999927520752 1.2150000333786009 38.73400115966797 11.043999671936035 35.903499603271484
38.617000579833984 12.815999984741213 3.252000093460083 0.0 36.21500015258789 10.239999771118164 35.4640007019043
41.79999923706055 14.156999588012695 3.252000093460083 1.2150000333786009 38.11800003051758 11.043999671936035 35.24399948120117
40.71099853515625 13.654000282287598 3.240999937057495 1.2150000333786009 37.5009994506836 10.69499969482422 35.02450180053711
41.13000106811523 13.319000244140623 1.5889999866485596 0.0 39.80699920654297 11.312000274658203 34.584999084472656
42.21900177001953 13.56999969482422 2.8250000476837163 1.22599995136261 39.055999755859375 10.642000198364258 34.584999084472656
34.93099975585937 9.717000007629396 1.4390000104904177 0.0 33.613998413085945 8.121999740600586 34.365001678466804
38.36600112915039 12.314000129699709 1.4390000104904177 0.0 37.15299987792969 10.427000045776367 34.584999084472656
40.71099853515625 12.732999801635742 1.4390000104904177 0.0 39.27000045776367 10.53499984741211 34.80500030517578
44.56499862670898 14.407999992370604 1.4390000104904177 0.0 42.91600036621094 12.008999824523926 35.02450180053711
41.54899978637695 13.487000465393065 1.4390000104904177 0.0 40.66400146484375 11.5 35.4640007019043
40.04100036621094 12.899999618530272 1.3650000095367432 0.0 38.52000045776367 10.883000373840332 35.68349838256836
41.88399887084961 14.072999954223633 1.22599995136261 0.0 40.77199935913086 11.875 35.68349838256836
42.80500030517578 14.324000358581545 1.2150000333786009 0.0 41.54899978637695 11.982000350952148 36.34249877929688
43.05699920654297 14.072999954223633 1.2150000333786009 0.0 41.790000915527344 11.902000427246096 35.903499603271484
36.1879997253418 10.722000122070312 1.2150000333786009 0.0 34.87400054931641 9.006999969482422 34.365501403808594
36.77399826049805 11.392000198364258 2.430999994277954 0.0 34.12400054931641 9.194000244140623 33.70600128173828
41.38100051879883 11.5600004196167 3.486000061035156 0.0 38.49300003051758 8.791999816894531 32.60699844360352
41.632999420166016 11.979000091552734 3.4649999141693115 1.2790000438690186 38.49300003051758 9.006999969482422 31.94849967956543
46.2400016784668 15.329999923706056 2.740000009536743 0.0 43.58599853515625 12.222999572753904 31.069499969482425
43.2239990234375 14.241000175476074 2.803999900817871 0.0 40.95899963378906 11.579999923706056 31.069499969482425
39.20299911499024 12.64900016784668 2.740000009536743 1.3860000371932983 35.678001403808594 9.972000122070312 31.069499969482425
38.86800003051758 12.229999542236328 2.8250000476837163 1.3650000095367432 35.35699844360352 9.354999542236328 30.6299991607666
38.86800003051758 12.984000205993652 1.2580000162124634 0.0 37.4739990234375 10.855999946594238 30.6299991607666
39.874000549316406 12.899999618530272 2.494999885559082 1.22599995136261 36.321998596191406 10.133000373840332 30.40999984741211
39.70600128173828 12.984000205993652 2.6549999713897705 1.2150000333786009 36.5359992980957 10.213000297546388 29.5310001373291
38.53300094604492 12.062999725341797 2.6549999713897705 0.0 35.597999572753906 9.595999717712402 29.09199905395508
41.2140007019043 13.487000465393065 2.6549999713897705 1.2150000333786009 37.39400100708008 10.347000122070312 28.65200042724609
41.96799850463867 12.984000205993652 2.5160000324249268 0.0 39.16299819946289 10.239999771118164 28.65200042724609
40.125 12.815999984741213 2.5160000324249268 0.0 37.93000030517578 10.427000045776367 28.65200042724609
38.617000579833984 12.314000129699709 0.0 0.0 37.31399917602539 10.159000396728516 30.40999984741211
38.70100021362305 12.815999984741213 0.0 0.0 37.6619987487793 10.642000198364258 32.387500762939446
38.03099822998047 11.392000198364258 0.0 0.0 37.15299987792969 9.677000045776367 35.4640007019043
43.2239990234375 12.899999618530272 1.4390000104904177 0.0 41.81700134277344 10.508000373840332 38.97949981689453
44.0620002746582 13.98900032043457 0.0 0.0 43.104000091552734 11.633999824523926 41.61650085449219
46.15599822998047 15.748000144958494 1.2150000333786009 0.0 44.73899841308594 12.920000076293944 43.59349822998047
44.983001708984375 15.581000328063965 1.2150000333786009 0.0 43.63999938964844 12.920000076293944 44.47249984741211
41.29800033569336 13.98900032043457 1.2150000333786009 0.0 39.99399948120117 11.633999824523926 45.35150146484375
44.14599990844727 14.82699966430664 1.3009999990463257 0.0 43.23799896240234 12.357000350952148 44.25299835205078
48.584999084472656 16.083000183105472 1.2150000333786009 0.0 47.09799957275391 12.866999626159668 42.49499893188477
46.2400016784668 14.491999626159668 2.45199990272522 0.0 43.37200164794922 11.687000274658203 40.73749923706055
43.64300155639648 12.480999946594238 2.494999885559082 1.3109999895095823 40.52999877929688 9.32800006866455 38.97949981689453
48.66899871826172 16.419000625610348 3.7100000381469727 1.2369999885559082 45.40900039672852 12.84000015258789 37.88100051879883
46.74300003051758 15.413000106811523 2.483999967575073 1.2580000162124634 43.26399993896485 11.954999923706056 37.44100189208984
43.72700119018555 14.743000030517578 2.4730000495910645 1.246999979019165 41.25400161743164 11.795000076293944 36.78200149536133
42.80500030517578 13.73799991607666 3.688999891281128 0.0 40.04800033569336 10.90999984741211 36.5620002746582
41.71599960327149 13.152000427246096 2.5799999237060547 0.0 38.680999755859375 10.347000122070312 35.903499603271484
39.874000549316406 12.480999946594238 2.5799999237060547 0.0 37.2869987487793 10.159000396728516 34.80500030517578
39.70600128173828 12.984000205993652 2.5799999237060547 0.0 37.2869987487793 10.37399959564209 33.92599868774414
38.36600112915039 12.64900016784668 2.5799999237060547 0.0 35.33000183105469 9.94499969482422 33.26649856567383
39.45500183105469 13.319000244140623 2.5799999237060547 0.0 36.617000579833984 10.427000045776367 33.04700088500977
39.2869987487793 12.64900016784668 2.5799999237060547 0.0 36.59000015258789 10.185999870300291 32.82699966430664
41.04600143432617 12.5649995803833 2.483999967575073 0.0 38.89500045776367 10.133000373840332 32.167999267578125
40.29199981689453 12.815999984741213 2.483999967575073 0.0 38.06399917602539 10.401000022888184 32.167999267578125
36.52299880981445 9.633000373840332 2.483999967575073 0.0 35.007999420166016 7.747000217437744 33.26649856567383
40.62699890136719 11.810999870300291 1.2369999885559082 0.0 39.08300018310547 9.354999542236328 35.24399948120117
35.349998474121094 9.130999565124512 1.2369999885559082 0.0 33.667999267578125 7.184000015258789 38.759498596191406
37.10900115966797 11.392000198364258 1.2369999885559082 0.0 35.518001556396484 9.54300022125244 41.17699813842773
36.1879997253418 10.805999755859377 1.2369999885559082 0.0 34.766998291015625 8.819000244140625 43.59400177001953
39.790000915527344 13.067999839782717 0.0 0.0 38.97600173950195 11.043999671936035 45.13150024414063
36.52299880981445 11.140999794006348 1.2150000333786009 0.0 34.820999145507805 9.006999969482422 46.66949844360352
38.198001861572266 11.895000457763672 1.2150000333786009 0.0 37.0989990234375 9.677000045776367 47.32899856567383
43.30799865722656 13.654000282287598 1.2150000333786009 0.0 41.76300048828125 11.017000198364258 45.57099914550781
45.23500061035156 13.487000465393065 2.430999994277954 1.2580000162124634 42.43399810791016 10.45400047302246 43.374000549316406
49.3390007019043 14.994000434875488 3.7100000381469727 1.2369999885559082 45.67699813842773 11.232000350952148 41.17649841308594
44.81600189208984 12.899999618530272 3.7100000381469727 1.5140000581741333 42.35300064086914 9.784000396728516 39.85850143432617
48.91999816894531 14.241000175476074 3.1559998989105225 1.22599995136261 44.81900024414063 10.267000198364258 39.19900131225586
46.99399948120117 13.402999877929688 3.1559998989105225 1.2580000162124634 43.74700164794922 10.024999618530272 38.31999969482422
46.2400016784668 14.156999588012695 3.1559998989105225 1.2369999885559082 43.31800079345703 10.883000373840332 37.6609992980957
42.63800048828125 12.899999618530272 3.1559998989105225 1.3220000267028809 38.94900131225586 9.32800006866455 37.22150039672852
39.2869987487793 11.140999794006348 3.1559998989105225 0.0 37.0989990234375 8.657999992370605 36.5625
39.790000915527344 11.727999687194824 1.7480000257492063 0.0 37.95700073242188 9.248000144958496 36.12300109863281
39.20299911499024 11.5600004196167 1.7480000257492063 0.0 37.71599960327149 9.194000244140623 35.24399948120117
39.62200164794922 11.057000160217283 1.7480000257492063 0.0 37.34000015258789 8.416999816894531 34.365001678466804
37.946998596191406 10.55500030517578 1.7480000257492063 0.0 36.5629997253418 8.711999893188478 33.48600006103516
40.79499816894531 12.145999908447266 2.483999967575073 0.0 38.89500045776367 9.649999618530272 32.60699844360352
39.62200164794922 11.057000160217283 2.483999967575073 0.0 38.49300003051758 9.0600004196167 32.167999267578125
40.62699890136719 12.062999725341797 1.2150000333786009 0.0 39.59199905395508 10.239999771118164 31.94849967956543
38.03099822998047 10.470999717712402 1.2150000333786009 0.0 36.5629997253418 8.711999893188478 32.60699844360352
43.391998291015625 13.904999732971191 1.22599995136261 0.0 41.92399978637695 11.767999649047852 34.365001678466804
41.46500015258789 12.39799976348877 1.2150000333786009 0.0 40.31600189208984 10.07900047302246 34.80500030517578
42.88899993896485 11.810999870300291 1.2150000333786009 0.0 41.57600021362305 9.409000396728516 35.4640007019043
41.632999420166016 10.973999977111816 0.0 0.0 40.66400146484375 8.925999641418457 36.5620002746582
42.97299957275391 12.984000205993652 1.22599995136261 0.0 41.790000915527344 10.722000122070312 35.90299987792969
39.37099838256836 11.309000015258787 1.2369999885559082 0.0 37.55500030517578 9.302000045776367 35.903499603271484
38.86800003051758 11.392000198364258 0.0 0.0 37.79600143432617 9.48900032043457 34.584999084472656
42.303001403808594 12.5649995803833 1.22599995136261 0.0 40.95899963378906 10.560999870300291 34.365001678466804
43.97800064086914 12.899999618530272 1.2150000333786009 0.0 42.459999084472656 10.347000122070312 33.70600128173828
46.2400016784668 13.402999877929688 2.45199990272522 0.0 43.21099853515625 10.74899959564209 33.04700088500977
39.874000549316406 9.717000007629396 2.45199990272522 0.0 38.38600158691406 7.71999979019165 32.387500762939446
43.64300155639648 13.152000427246096 3.677999973297119 1.22599995136261 40.10100173950195 9.784000396728516 32.167999267578125
45.90499877929688 13.98900032043457 3.4649999141693115 1.2899999618530271 42.43399810791016 10.427000045776367 31.94849967956543
41.88399887084961 13.402999877929688 3.4649999141693115 1.2899999618530271 39.18999862670898 10.239999771118164 31.94849967956543
41.632999420166016 12.984000205993652 3.101999998092652 0.0 38.76100158691406 10.159000396728516 31.94849967956543
39.62200164794922 11.810999870300291 1.715999960899353 0.0 37.233001708984375 9.515999794006348 31.72900009155273
37.52799987792969 10.805999755859377 3.0699999332427983 1.4500000476837158 34.01599884033203 8.14900016784668 31.72900009155273
39.37099838256836 11.727999687194824 2.7290000915527344 0.0 36.26800155639648 9.086999893188477 31.50900077819824
36.52299880981445 10.470999717712402 2.7290000915527344 1.2150000333786009 32.97100067138672 7.934999942779541 30.6299991607666
36.68999862670898 10.55500030517578 2.7290000915527344 0.0 34.042999267578125 8.336999893188478 29.09149932861328
38.03099822998047 11.140999794006348 2.5910000801086426 0.0 34.820999145507805 8.685000419616701 29.09149932861328
38.86800003051758 11.140999794006348 2.5910000801086426 0.0 36.1609992980957 8.765000343322754 29.5310001373291
39.53799819946289 11.727999687194824 2.5910000801086426 0.0 36.9119987487793 9.302000045776367 29.7509994506836
36.52299880981445 9.717000007629396 1.3109999895095823 0.0 35.38399887084961 8.310000419616701 30.19050025939941
39.45500183105469 11.225000381469728 1.2150000333786009 0.0 38.38600158691406 9.54300022125244 28.65200042724609
34.0099983215332 7.037000179290772 0.0 0.0 33.077999114990234 5.896999835968018 27.55349922180176
35.93600082397461 14.072999954223633 0.0 0.0 33.775001525878906 7.692999839782715 27.11450004577637
35.43399810791016 10.55500030517578 2.7929999828338623 0.0 33.88199996948242 8.979999542236328 27.11450004577637
38.11399841308594 11.057000160217283 1.503000020980835 0.0 36.24100112915039 9.006999969482422 27.77300071716309
38.36600112915039 11.140999794006348 1.503000020980835 0.0 36.59000015258789 9.354999542236328 27.993000030517567
38.44900131225586 11.47599983215332 1.503000020980835 0.0 37.15299987792969 9.810999870300291 27.993000030517567
40.459999084472656 11.895000457763672 1.503000020980835 0.0 38.54700088500977 9.810999870300291 27.993000030517567
41.13000106811523 11.47599983215332 2.719000101089477 0.0 38.73400115966797 9.595999717712402 27.773500442504893
42.303001403808594 12.229999542236328 2.719000101089477 0.0 38.81499862670898 9.70400047302246 27.773500442504893
35.60100173950195 9.381999969482422 2.719000101089477 0.0 32.863998413085945 7.532000064849853 27.773500442504893
40.04100036621094 11.895000457763672 2.719000101089477 0.0 38.0369987487793 9.972000122070312 27.333999633789062
39.11999893188477 11.644000053405762 2.719000101089477 0.0 35.70500183105469 9.274999618530272 27.11450004577637
39.37099838256836 11.225000381469728 2.719000101089477 0.0 36.321998596191406 9.006999969482422 26.894500732421875
36.104000091552734 10.13599967956543 2.719000101089477 0.0 34.257999420166016 8.604999542236326 26.67499923706055
35.43399810791016 10.470999717712402 2.719000101089477 0.0 32.59600067138672 8.444000244140625 26.67499923706055
35.43399810791016 10.38700008392334 2.719000101089477 0.0 32.514999389648445 8.282999992370605 26.67499923706055
32.75299835205078 8.963000297546387 2.719000101089477 0.0 30.45100021362305 7.34499979019165 25.576499938964844
33.674999237060554 9.465999603271484 2.719000101089477 0.0 31.363000869750977 7.907999992370605 25.35650062561035
33.50699996948242 10.052000045776367 2.719000101089477 0.0 31.22900009155273 8.310000419616701 24.91699981689453
35.685001373291016 11.392000198364258 2.719000101089477 0.0 32.78300094604492 9.409000396728516 24.91699981689453
36.858001708984375 11.309000015258787 2.719000101089477 0.0 33.64099884033203 9.32800006866455 24.477500915527344
35.26599884033203 10.805999755859377 2.719000101089477 0.0 33.775001525878906 9.381999969482422 24.477500915527344
35.60100173950195 10.303000450134276 2.719000101089477 0.0 32.435001373291016 8.416999816894531 24.257999420166016
38.03099822998047 11.895000457763672 1.4819999933242798 0.0 36.42900085449219 10.37399959564209 24.257999420166016
40.20899963378906 12.39799976348877 1.4819999933242798 0.0 38.198001861572266 10.722000122070312 24.477500915527344
40.29199981689453 12.732999801635742 1.4819999933242798 0.0 38.70800018310547 10.96399974822998 24.91699981689453
39.790000915527344 12.732999801635742 1.4819999933242798 0.0 38.38600158691406 10.855999946594238 25.35650062561035
37.61199951171875 11.644000053405762 1.4819999933242798 0.0 36.5629997253418 10.239999771118164 25.79599952697754
34.847000122070305 10.052000045776367 1.4819999933242798 0.0 33.31999969482422 8.711999893188478 26.23550033569336
36.60699844360352 11.057000160217283 1.4819999933242798 0.0 35.38399887084961 9.677000045776367 26.67499923706055
39.37099838256836 12.64900016784668 1.4819999933242798 0.0 38.01100158691406 10.937000274658203 26.45499992370605
42.1349983215332 12.899999618530272 2.7079999446868896 0.0 38.680999755859375 10.31999969482422 26.23550033569336
43.14099884033203 13.654000282287598 3.954999923706055 0.0 39.512001037597656 11.017000198364258 26.67499923706055
38.70100021362305 11.140999794006348 3.869999885559082 1.2369999885559082 35.4640007019043 8.578000068664549 27.333999633789062
41.13000106811523 12.732999801635742 3.6570000648498535 0.0 37.71599960327149 10.347000122070312 27.993000030517567
41.88399887084961 12.984000205993652 4.872000217437744 0.0 37.98400115966797 10.347000122070312 28.65200042724609
40.62699890136719 13.067999839782717 3.5820000171661377 1.2150000333786009 36.858001708984375 10.45400047302246 29.09199905395508
38.95199966430664 12.815999984741213 4.914999961853027 1.4390000104904177 34.391998291015625 9.99899959564209 29.5310001373291
38.36600112915039 12.145999908447266 3.4649999141693115 0.0 34.01599884033203 9.56999969482422 29.7509994506836
37.025001525878906 11.225000381469728 2.803999900817871 0.0 33.025001525878906 8.979999542236328 29.97100067138672
37.69599914550781 11.47599983215332 4.030000209808351 1.2150000333786009 34.01599884033203 9.11400032043457 29.97100067138672
35.60100173950195 10.722000122070312 3.4440000057220463 0.0 31.97900009155273 8.444000244140625 29.97100067138672
36.858001708984375 11.47599983215332 4.679999828338623 0.0 33.13199996948242 9.140999794006348 29.7509994506836
37.10900115966797 11.225000381469728 3.4219999313354488 0.0 34.17699813842773 9.274999618530272 29.5310001373291
37.025001525878906 11.810999870300291 3.4219999313354488 0.0 34.17699813842773 9.838000297546388 29.5310001373291
38.28200149536133 11.979000091552734 3.4219999313354488 0.0 34.65999984741211 9.409000396728516 29.5310001373291
36.104000091552734 10.890000343322754 3.2090001106262207 0.0 32.91699981689453 8.657999992370605 30.19050025939941
37.277000427246094 11.979000091552734 1.7799999713897705 0.0 35.49100112915039 10.427000045776367 31.72900009155273
39.2869987487793 11.644000053405762 1.7799999713897705 0.0 37.76900100708008 9.864999771118164 34.14550018310547
40.125 12.314000129699709 1.7799999713897705 0.0 38.11800003051758 10.45400047302246 37.44150161743164
40.125 11.979000091552734 1.7799999713897705 0.0 38.38600158691406 10.185999870300291 38.10049819946289
40.29199981689453 13.234999656677244 1.7799999713897705 0.0 38.76100158691406 11.33899974822998 38.10049819946289
39.37099838256836 12.899999618530272 1.7799999713897705 0.0 37.84999847412109 11.12399959564209 37.6609992980957
36.52299880981445 11.140999794006348 1.7799999713897705 0.0 34.87400054931641 9.354999542236328 39.19900131225586
42.80500030517578 13.654000282287598 1.7799999713897705 0.0 40.95899963378906 11.366000175476074 39.41899871826172
45.4020004272461 13.73799991607666 4.243000030517578 1.2580000162124634 41.06600189208984 10.239999771118164 39.63850021362305
45.90499877929688 14.407999992370604 4.243000030517578 1.2580000162124634 41.57600021362305 10.855999946594238 38.31999969482422
42.1349983215332 11.057000160217283 5.427000045776367 1.2790000438690186 36.7509994506836 7.61299991607666 36.5620002746582
42.21900177001953 12.64900016784668 2.6010000705718994 0.0 38.92200088500977 10.024999618530272 35.68399810791016
44.3129997253418 13.152000427246096 5.117000102996826 1.22599995136261 39.83300018310547 9.838000297546388 34.80500030517578
40.9630012512207 12.229999542236328 3.785000085830689 1.2790000438690186 36.10699844360352 9.354999542236328 33.92599868774414
39.790000915527344 11.810999870300291 1.7910000085830688 0.0 37.84999847412109 10.105999946594238 33.48600006103516
41.46500015258789 12.229999542236328 4.392000198364259 1.2580000162124634 36.80400085449219 9.32800006866455 32.60699844360352
37.52799987792969 10.722000122070312 4.1579999923706055 1.2580000162124634 33.15900039672852 8.36299991607666 32.167999267578125
38.95199966430664 10.890000343322754 4.1579999923706055 0.0 35.35699844360352 8.685000419616701 31.28899955749512
38.28200149536133 10.973999977111816 3.5720000267028813 0.0 35.625 8.899999618530273 30.40999984741211
38.11399841308594 11.140999794006348 3.5720000267028813 0.0 34.472000122070305 8.73900032043457 29.97100067138672
37.69599914550781 11.309000015258787 3.4219999313354488 0.0 34.49900054931641 9.0600004196167 29.31150054931641
38.28200149536133 11.057000160217283 4.690999984741211 0.0 34.44499969482422 8.604999542236326 28.871999740600582
40.54399871826172 12.5649995803833 4.690999984741211 1.22599995136261 36.1609992980957 9.94499969482422 28.65200042724609
38.36600112915039 10.38700008392334 3.3159999847412114 0.0 35.38399887084961 8.203000068664549 29.97100067138672
39.37099838256836 12.145999908447266 3.3159999847412114 0.0 37.15299987792969 9.810999870300291 32.167999267578125
37.025001525878906 8.878999710083008 2.0999999046325684 0.0 35.16899871826172 6.888999938964844 35.68349838256836
40.20899963378906 9.885000228881836 2.0999999046325684 0.0 37.71599960327149 7.77400016784668 38.7599983215332
42.88899993896485 12.062999725341797 2.0999999046325684 0.0 40.61100006103516 9.972000122070312 41.17699813842773
41.46500015258789 12.64900016784668 2.0999999046325684 0.0 39.45800018310547 10.31999969482422 42.93450164794922
41.2140007019043 12.815999984741213 2.0999999046325684 0.0 38.86800003051758 10.401000022888184 44.69250106811523
39.790000915527344 12.39799976348877 2.0999999046325684 0.0 37.31399917602539 9.864999771118164 45.79100036621094
43.391998291015625 13.487000465393065 3.4119999408721924 1.2690000534057615 40.02099990844727 10.239999771118164 44.03350067138672
42.88899993896485 12.64900016784668 4.541999816894531 1.3539999723434448 39.32400131225586 9.677000045776367 41.61600112915039
43.47600173950195 12.229999542236328 4.541999816894531 1.3539999723434448 38.30500030517578 8.604999542236326 38.97949981689453
42.1349983215332 11.5600004196167 4.59499979019165 1.5889999866485596 37.20600128173828 8.175999641418457 37.00199890136719
44.3129997253418 12.815999984741213 4.6479997634887695 1.2690000534057615 39.21699905395508 9.194000244140623 35.68399810791016
42.303001403808594 13.067999839782717 4.6479997634887695 1.2690000534057615 37.448001861572266 9.248000144958496 34.80500030517578
41.29800033569336 12.39799976348877 4.6479997634887695 2.483999967575073 36.26800155639648 8.979999542236328 33.92599868774414
39.11999893188477 11.140999794006348 4.6479997634887695 2.483999967575073 34.766998291015625 8.14900016784668 33.04700088500977
39.95700073242188 12.229999542236328 4.6479997634887695 2.483999967575073 36.45600128173828 9.140999794006348 32.167999267578125
39.37099838256836 11.727999687194824 4.6479997634887695 2.5369999408721924 34.31100082397461 8.390000343322754 31.28899955749512
38.53300094604492 10.890000343322754 4.169000148773193 1.3009999990463257 34.097000122070305 7.88100004196167 30.40999984741211
35.518001556396484 9.800999641418455 4.169000148773193 1.3009999990463257 31.22900009155273 7.1040000915527335 29.5310001373291
37.10900115966797 10.722000122070312 3.901999950408936 1.2369999885559082 33.077999114990234 8.282999992370605 28.65200042724609
36.43899917602539 10.638999938964844 2.3989999294281006 0.0 33.85599899291992 8.336999893188478 28.4325008392334
41.29800033569336 11.979000091552734 3.6459999084472656 1.2150000333786009 36.80400085449219 8.873000144958496 28.21299934387207
41.46500015258789 12.64900016784668 3.6459999084472656 1.2580000162124634 37.18000030517578 9.381999969482422 28.21299934387207
36.02000045776367 8.376999855041504 3.6459999084472656 1.684000015258789 32.060001373291016 5.763000011444093 29.31150054931641
40.29199981689453 12.145999908447266 2.3559999465942383 0.0 37.742000579833984 9.756999969482422 30.85000038146973
35.85300064086914 8.376999855041504 2.3559999465942383 0.0 33.93600082397461 6.486999988555907 33.925498962402344
38.03099822998047 10.722000122070312 2.3559999465942383 0.0 35.4640007019043 8.255999565124513 37.22150039672852
41.88399887084961 12.899999618530272 2.3559999465942383 0.0 39.56499862670898 10.159000396728516 38.97949981689453
40.62699890136719 13.402999877929688 2.3559999465942383 0.0 38.25199890136719 10.642000198364258 39.41899871826172
38.95199966430664 13.067999839782717 2.3559999465942383 1.22599995136261 36.29499816894531 10.159000396728516 40.51800155639648
41.71599960327149 14.072999954223633 2.3559999465942383 1.22599995136261 39.21699905395508 11.204999923706056 41.39599990844727
44.14599990844727 14.82699966430664 3.5820000171661377 1.2369999885559082 40.58399963378906 11.418999671936035 40.51750183105469
46.57500076293945 15.664999961853027 6.0980000495910645 2.5269999504089355 40.52999877929688 11.097999572753906 38.31999969482422
44.900001525878906 13.98900032043457 5.96999979019165 2.5269999504089355 39.08300018310547 9.810999870300291 36.12300109863281
39.62200164794922 10.38700008392334 4.797999858856201 2.5269999504089355 34.713001251220696 7.130000114440918 34.584999084472656
40.9630012512207 11.895000457763672 4.958000183105469 2.5269999504089355 35.946998596191406 8.14900016784668 33.48600006103516
45.31800079345703 14.156999588012695 6.248000144958496 2.5269999504089355 39.08300018310547 9.784000396728516 32.60699844360352
40.9630012512207 12.899999618530272 4.787000179290772 2.5269999504089355 35.73199844360352 9.302000045776367 31.72900009155273
36.858001708984375 10.890000343322754 4.797999858856201 2.5269999504089355 32.35499954223633 7.747000217437744 30.85000038146973
36.858001708984375 12.062999725341797 4.829999923706055 1.3109999895095823 30.961000442504893 7.452000141143799 29.7509994506836
38.11399841308594 11.895000457763672 4.829999923706055 1.246999979019165 33.26599884033203 8.711999893188478 28.65200042724609
35.685001373291016 10.973999977111816 3.3580000400543213 1.2899999618530271 33.21200180053711 8.604999542236326 27.77300071716309
39.20299911499024 11.979000091552734 4.605999946594238 1.343000054359436 33.80199813842773 8.578000068664549 27.333999633789062
38.44900131225586 12.229999542236328 4.285999774932861 1.343000054359436 33.748001098632805 8.925999641418457 26.23550033569336
39.62200164794922 12.480999946594238 4.285999774932861 1.343000054359436 35.16899871826172 9.56999969482422 25.79599952697754
39.874000549316406 12.39799976348877 5.554999828338623 1.2369999885559082 35.089000701904304 9.248000144958496 25.35650062561035
38.11399841308594 11.5600004196167 3.997999906539917 1.375 33.82899856567383 8.95300006866455 25.136999130249023
34.847000122070305 9.04699993133545 2.750999927520752 0.0 32.623001098632805 7.263999938964844 27.333999633789062
40.62699890136719 12.815999984741213 2.750999927520752 0.0 38.22499847412109 10.560999870300291 29.5310001373291
35.518001556396484 8.461000442504883 2.750999927520752 0.0 33.21200180053711 6.540999889373777 33.70600128173828
39.45500183105469 10.052000045776367 2.750999927520752 0.0 36.9379997253418 7.854000091552732 37.00199890136719
38.617000579833984 10.220000267028809 2.750999927520752 0.0 36.5359992980957 8.416999816894531 39.63850021362305
41.2140007019043 12.815999984741213 2.750999927520752 0.0 38.92200088500977 10.642000198364258 40.73749923706055
40.125 12.314000129699709 2.750999927520752 0.0 37.52799987792969 9.756999969482422 41.83599853515625
40.29199981689453 13.319000244140623 2.750999927520752 0.0 37.98400115966797 10.508000373840332 42.93450164794922
42.55400085449219 13.487000465393065 2.750999927520752 1.3009999990463257 39.35100173950195 10.480999946594238 41.17699813842773
44.0620002746582 13.821999549865724 4.051000118255615 1.3009999990463257 39.72600173950195 10.159000396728516 38.97949981689453
44.3129997253418 13.319000244140623 3.4119999408721924 1.5460000038146973 39.61899948120117 9.890999794006348 36.34249877929688
41.46500015258789 10.722000122070312 4.958000183105469 1.5460000038146973 36.321998596191406 7.34499979019165 33.92599868774414
46.071998596191406 14.407999992370604 4.958000183105469 1.5460000038146973 40.39599990844727 10.31999969482422 32.167999267578125
45.65399932861328 13.98900032043457 5.223999977111816 1.5779999494552612 40.18199920654297 9.99899959564209 31.28899955749512
41.29800033569336 12.64900016784668 3.954999923706055 1.5779999494552612 37.233001708984375 9.461999893188477 30.6299991607666
38.70100021362305 11.5600004196167 5.203000068664551 1.5779999494552612 33.90900039672852 8.36299991607666 29.97100067138672
36.60699844360352 11.309000015258787 5.2129998207092285 1.4709999561309814 31.76499938964844 8.255999565124513 29.5310001373291
38.86800003051758 11.727999687194824 5.171000003814697 1.4709999561309814 34.28499984741211 8.604999542236326 28.871999740600582
38.86800003051758 11.392000198364258 4.85099983215332 1.3009999990463257 34.01599884033203 8.310000419616701 28.21299934387207
38.03099822998047 11.057000160217283 4.872000217437744 1.3009999990463257 33.64099884033203 8.175999641418457 27.77300071716309
34.93099975585937 10.220000267028809 4.872000217437744 1.246999979019165 31.14800071716309 7.747000217437744 27.55349922180176
40.29199981689453 11.895000457763672 4.861999988555908 1.2150000333786009 35.19599914550781 8.819000244140625 27.55349922180176
41.29800033569336 12.39799976348877 5.736000061035156 1.246999979019165 36.13399887084961 8.979999542236328 27.333999633789062
40.62699890136719 12.314000129699709 3.763000011444092 1.2150000333786009 37.1259994506836 9.32800006866455 27.11450004577637
37.44400024414063 10.638999938964844 2.4730000495910645 0.0 34.472000122070305 8.175999641418457 27.55349922180176
41.29800033569336 12.984000205993652 2.302999973297119 0.0 38.81499862670898 10.37399959564209 28.871999740600582
37.025001525878906 9.381999969482422 2.302999973297119 0.0 34.632999420166016 7.290999889373777 30.6299991607666
37.277000427246094 9.465999603271484 2.302999973297119 0.0 35.222999572753906 7.692999839782715 33.925498962402344
39.11999893188477 11.392000198364258 2.302999973297119 0.0 37.15299987792969 9.354999542236328 35.68349838256836
41.2140007019043 13.067999839782717 2.302999973297119 0.0 38.70800018310547 10.883000373840332 36.34249877929688
37.946998596191406 12.145999908447266 2.302999973297119 0.0 35.972999572753906 9.864999771118164 36.12300109863281
40.87900161743164 13.487000465393065 2.302999973297119 0.0 38.70800018310547 10.855999946594238 35.24399948120117
41.13000106811523 12.899999618530272 2.302999973297119 0.0 38.49300003051758 10.37399959564209 34.365001678466804
44.48099899291992 13.152000427246096 4.755000114440918 1.2580000162124634 39.45800018310547 9.56999969482422 33.26649856567383
46.65900039672852 13.654000282287598 4.755000114440918 1.2580000162124634 41.01300048828125 9.756999969482422 32.60699844360352
41.13000106811523 11.225000381469728 4.679999828338623 1.2580000162124634 36.66999816894531 8.14900016784668 31.72900009155273
44.81600189208984 13.821999549865724 5.671999931335449 1.2580000162124634 40.12799835205078 10.159000396728516 31.069499969482425
44.48099899291992 13.73799991607666 5.491000175476074 1.2580000162124634 39.45800018310547 9.838000297546388 30.40999984741211
40.3759994506836 12.480999946594238 4.072999954223634 1.2580000162124634 36.321998596191406 9.32800006866455 29.97100067138672
40.459999084472656 12.815999984741213 4.679999828338623 1.375 35.49100112915039 9.302000045776367 29.5310001373291
38.36600112915039 11.727999687194824 4.317999839782715 1.375 34.12400054931641 8.470999717712402 28.871999740600582
37.277000427246094 11.057000160217283 4.317999839782715 2.611999988555908 32.91699981689453 7.854000091552732 28.21299934387207
37.77899932861328 11.225000381469728 4.339000225067139 1.2150000333786009 32.648998260498054 7.77400016784668 27.77300071716309
33.005001068115234 9.465999603271484 4.339000225067139 1.2150000333786009 29.29899978637696 6.861999988555907 27.11450004577637
38.53300094604492 12.145999908447266 4.1579999923706055 1.246999979019165 33.990001678466804 8.711999893188478 26.67499923706055
34.512001037597656 10.470999717712402 4.061999797821045 1.3220000267028809 30.3439998626709 7.3979997634887695 26.45549964904785
37.946998596191406 10.805999755859377 5.330999851226807 1.3220000267028809 33.025001525878906 7.532000064849853 26.23550033569336
39.53799819946289 11.309000015258787 2.888999938964844 0.0 36.777000427246094 8.925999641418457 25.79599952697754
