5.827000141 2.009000063 4.203000069 1.340000033 1.598999977 0.4620000124 30.53100014
5.69299984 2.075999975 4.142000198 1.371000051 1.491999984 0.425999999 27.78700066
5.157000065 1.741000056 3.77699995 1.218000054 1.279000044 0.3549999893 27.78700066
5.090000153 1.942000031 3.806999922 1.279000044 1.279000044 0.3910000026 25.04400063
5.357999802 1.942000031 3.868000031 1.279000044 1.491999984 0.4620000124 21.94799995
5.625999928 2.142999887 4.051000118 1.371000051 1.527999997 0.5329999924 21.17399979
7.166999817 2.947000027 5.026000023 1.85800004 2.131999969 0.7820000052 22.79199982
7.434999943 3.282000065 5.086999893 2.223999977 2.309999943 1.031000018 23.1439991
5.559000015 3.013999939 2.954999924 1.432000041 2.451999903 1.172999978 21.66699982
4.554999828 2.545000076 2.680000067 1.371000051 1.91900003 0.8169999719 17.44599915
4.956999779 2.545000076 2.954999924 1.491999984 1.99000001 0.8529999852 19.97900009
5.760000229 2.545000076 3.441999912 1.491999984 2.203000069 0.8529999852 20.11899948
4.68900013 2.545000076 2.832999945 1.523000002 1.812000036 0.8529999852 19.20499992
4.68900013 2.678999901 3.107000113 1.613999963 1.77699995 1.243999958 18.5720005
5.090000153 2.947000027 2.559000015 1.432000041 2.451999903 1.350000024 19.55599976
5.090000153 3.148000002 2.588999987 1.523000002 2.486999989 1.350000024 17.30500031
4.21999979 2.411000013 2.618999958 1.491999984 1.70599997 0.7820000052 19.48600006
4.756000042 2.344000101 3.075999975 1.491999984 1.63499999 0.7110000253 19.13400078
5.625999928 2.880000114 3.075999975 1.491999984 2.523000002 1.207999945 20.68199921
5.492000103 3.013999939 3.015000105 1.552999973 2.451999903 1.207999945 18.71199989
5.357999802 3.013999939 2.862999916 1.523000002 2.451999903 1.207999945 17.86800003
5.090000153 2.947000027 2.680000067 1.523000002 2.381000042 1.207999945 18.00900078
4.822999954 2.947000027 2.618999958 1.523000002 2.203000069 1.172999978 18.00900078
4.622000217 2.880000114 2.467000008 1.491999984 2.131999969 1.136999965 19.76799965
5.223999977 3.08100009 2.437000036 1.523000002 2.700999975 1.315000057 21.10400009
5.157000065 3.013999939 2.345000029 1.432000041 2.878000021 1.350000024 19.6970005
5.157000065 3.148000002 2.28399992 1.432000041 2.878000021 1.491999984 20.04899979
5.157000065 3.08100009 2.193000078 1.401000023 2.914000034 1.491999984 20.75200081
4.554999828 3.08100009 2.193000078 1.401000023 2.451999903 1.491999984 21.38500023
5.425000191 3.282000065 2.437000036 1.462000012 3.092000008 1.70599997 22.22999954
5.492000103 3.282000065 2.984999895 1.462000012 2.523000002 1.491999984 20.26000023
5.625999928 3.214999914 3.075999975 1.523000002 2.486999989 1.491999984 21.10400009
5.559000015 3.282000065 2.924000025 1.523000002 2.594000101 1.669999957 20.61199951
5.223999977 3.214999914 2.680000067 1.462000012 2.559000015 1.56400001 18.36100006
9.913000107 4.956999779 3.046000004 1.552999973 6.644999981 3.305000067 20.96299934
11.78800011 5.425000191 3.686000109 1.674999952 8.173000336 2.523000002 19.41600037
9.645000458 4.956999779 3.107000113 1.827999949 6.751999855 2.131999969 20.82299995
10.38199997 5.760000229 2.984999895 1.76699996 7.461999893 2.559000015 20.19000053
8.774000168 4.68900013 2.894000053 1.91900003 6.111999989 2.025000095 21.31500053
10.44900036 5.157000065 2.772000074 1.735999942 6.965000153 2.451999903 22.0189991
9.845999718 4.822999954 2.894000053 1.76699996 7.035999775 2.664999962 20.68199921
9.913000107 4.822999954 3.229000092 1.735999942 6.894000053 2.415999889 25.4659996
10.64999962 4.68900013 3.381000042 1.797000051 6.928999901 2.451999903 25.88800049
10.11400032 4.354000092 3.107000113 1.735999942 6.644999981 1.812000036 27.85700035
9.979999542 4.152999878 3.411000013 1.76699996 6.573999882 1.953999996 27.29500008
9.31000042 4.21999979 3.229000092 1.85800004 6.005000114 2.131999969 22.22999954
9.444000244 4.622000217 2.954999924 1.85800004 6.965000153 2.167999983 21.94799995
9.444000244 4.287000179 2.588999987 1.735999942 6.822999954 2.559000015 27.29500008
10.38199997 5.425000191 2.954999924 1.674999952 7.604000092 2.309999943 29.33499908
9.779000282 5.223999977 2.650000095 1.674999952 6.71600008 2.842999935 26.02799988
10.38199997 4.68900013 2.984999895 1.85800004 7.320000172 2.203000069 24.34000015
9.779000282 4.152999878 2.528000116 1.674999952 6.822999954 1.99000001 26.45000076
10.71700001 4.756000042 2.650000095 1.797000051 7.355999947 2.806999922 25.95800018
10.31499958 4.68900013 2.924000025 1.85800004 7.390999794 2.451999903 24.05900002
12.59200001 5.223999977 3.71600008 1.949000001 8.670999527 2.203000069 25.32500076
11.11900043 4.622000217 3.625 1.91900003 7.888999939 2.842999935 23.63699913
10.64999962 4.421000004 3.594000101 1.91900003 7.035999775 2.025000095 26.37999916
10.04699993 4.21999979 3.686000109 1.949000001 6.43200016 1.669999957 27.36499977
11.72099972 5.090000153 3.563999891 1.85800004 7.888999939 2.559000015 28.06800079
12.12300014 5.357999802 4.081999779 1.91900003 8.065999985 2.486999989 29.47500038
9.979999542 5.022999763 3.289999962 1.85800004 6.857999802 2.559000015 26.80200005
9.243000031 4.956999779 3.137000084 1.888000011 6.289999962 2.630000114 29.96800041
10.18099976 5.425000191 3.075999975 1.888000011 7.177999973 3.019999981 30.38999939
9.645000458 5.425000191 3.015000105 1.827999949 7.106999874 2.664999962 31.16399956
9.779000282 4.889999866 3.075999975 2.00999999 6.502999783 2.984999895 29.75699997
11.11900043 5.157000065 3.806999922 1.980000019 7.320000172 2.914000034 32.28900146
11.05200005 4.956999779 3.686000109 1.980000019 7.390999794 2.523000002 31.93799973
10.7840004 4.889999866 3.594000101 1.888000011 7.214000225 2.486999989 28.56100082
11.18599987 4.889999866 3.960000038 1.91900003 7.177999973 2.345000029 21.52599907
10.44900036 4.889999866 3.806999922 2.040999889 6.610000134 2.309999943 22.22999954
9.578000069 5.760000229 3.259000063 1.888000011 6.787000179 3.127000093 19.41600037
9.31000042 5.760000229 3.167999983 1.888000011 6.610000134 3.055999994 18.5720005
9.913000107 5.894000053 3.015000105 1.85800004 6.254000187 2.630000114 21.66699982
8.975000381 4.956999779 2.862999916 1.827999949 6.289999962 2.664999962 25.5359993
8.640000343 4.822999954 2.924000025 1.827999949 6.147999763 2.594000101 27.85700035
9.175999641 5.492000103 2.862999916 1.85800004 5.578999996 2.381000042 27.9279995
9.109000206 4.822999954 2.772000074 1.797000051 5.650000095 2.523000002 24.62100029
9.845999718 5.559000015 3.107000113 1.888000011 5.96999979 2.948999882 23.84799957
11.5880003 5.425000191 3.806999922 1.980000019 7.390999794 2.806999922 23.0739994
11.78800011 6.09499979 3.898999929 2.040999889 7.214000225 2.984999895 22.51099968
10.58300018 5.960999966 3.654999971 2.071000099 7.143000126 2.914000034 21.66699982
11.5880003 6.296000004 3.471999884 2.00999999 7.568999767 3.055999994 25.39500046
11.92199993 6.229000092 3.746000051 1.949000001 7.710999966 3.055999994 25.18400002
12.32400036 5.559000015 4.203000069 1.980000019 8.421999931 3.233999968 29.54599953
10.38199997 5.894000053 3.563999891 1.949000001 6.857999802 2.630000114 29.47500038
10.04699993 5.425000191 3.319999933 1.949000001 6.751999855 3.019999981 29.26399994
10.51599979 6.027999878 3.137000084 1.91900003 7.106999874 3.375999928 30.95299911
10.71700001 6.09499979 3.167999983 2.00999999 6.787000179 3.019999981 31.72599983
9.979999542 5.022999763 3.441999912 2.040999889 6.502999783 2.559000015 33.13299942
11.31999969 5.090000153 3.868000031 2.040999889 7.355999947 2.451999903 28.9829998
11.38700008 4.956999779 4.295000076 2.193000078 7.355999947 2.451999903 28.9829998
9.376999855 3.88499999 2.467000008 1.187999964 6.894000053 2.239000082 31.72599983
10.11400032 4.085999966 2.954999924 1.462000012 7.143000126 2.239000082 25.18400002
10.38199997 4.822999954 3.503000021 2.00999999 6.894000053 2.309999943 30.53100014
9.645000458 4.889999866 3.259000063 1.91900003 6.610000134 1.91900003 27.64599991
12.72599983 6.497000217 3.167999983 1.980000019 9.345999718 3.482000113 25.4659996
11.98900032 5.625999928 3.197999954 1.980000019 8.777000427 2.948999882 25.95800018
12.52499962 6.296000004 3.137000084 2.00999999 8.954999924 3.163000107 25.95800018
12.32400036 6.296000004 2.984999895 1.91900003 8.812999725 3.375999928 26.02799988
10.71700001 5.425000191 2.832999945 1.85800004 8.065999985 2.878000021 28.91300011
11.31999969 5.625999928 3.046000004 1.888000011 7.676000118 2.630000114 30.45999908
10.85099983 4.68900013 3.319999933 2.040999889 6.822999954 1.883000016 31.375
13.32900047 5.425000191 4.081999779 1.949000001 8.883999825 2.736000061 32.7820015
11.45400047 5.223999977 3.654999971 2.00999999 7.853000164 2.772000074 31.72599983
11.05200005 5.960999966 3.563999891 2.101999998 7.461999893 3.127000093 30.31999969
10.98499966 6.027999878 3.411000013 2.040999889 7.532999992 2.700999975 30.45999908
12.79300022 5.960999966 3.838000059 2.163000107 8.56400013 3.447000027 32.92200089
13.39599991 6.429999828 4.598999977 2.253999949 8.741999626 3.482000113 31.09300041
11.25300026 5.425000191 3.594000101 2.00999999 7.676000118 2.736000061 25.67700005
9.913000107 4.554999828 3.319999933 1.91900003 6.681000233 2.309999943 27.15399933
10.18099976 5.357999802 3.319999933 2.071000099 7.320000172 2.486999989 28.77199936
10.85099983 5.223999977 3.319999933 1.949000001 7.249000072 2.415999889 30.60099983
10.04699993 5.022999763 3.167999983 2.253999949 6.894000053 2.736000061 32.00799942
11.92199993 5.425000191 4.386000156 2.101999998 7.923999786 2.878000021 33.13299942
11.45400047 4.956999779 3.99000001 2.040999889 7.461999893 2.345000029 31.51499939
10.85099983 4.68900013 3.806999922 1.949000001 7.071000099 2.345000029 31.02300072
11.18599987 4.622000217 3.898999929 1.888000011 7.284999847 2.203000069 31.44499969
10.64999962 4.68900013 3.806999922 2.00999999 6.894000053 2.167999983 31.72599983
9.979999542 4.354000092 3.563999891 1.980000019 6.644999981 1.91900003 30.95299911
11.85499954 5.760000229 3.259000063 1.949000001 7.81799984 2.700999975 30.45999908
10.38199997 5.090000153 3.015000105 1.827999949 6.467000008 2.842999935 28.91300011
10.71700001 5.425000191 2.832999945 1.91900003 7.498000145 2.309999943 30.38999939
10.85099983 5.357999802 2.832999945 1.85800004 7.81799984 2.878000021 31.51499939
9.779000282 5.157000065 3.167999983 2.131999969 5.96999979 2.345000029 31.23399925
9.376999855 4.487999916 3.015000105 2.040999889 6.254000187 2.273999929 30.53100014
11.38700008 5.559000015 3.259000063 2.345000029 7.853000164 2.842999935 30.10899925
11.85499954 4.487999916 3.868000031 1.85800004 8.208999634 2.096999884 30.31999969
12.52499962 6.162000179 3.532999992 1.888000011 9.131999969 3.625 29.61599922
12.72599983 6.362999916 3.71600008 1.980000019 9.345999718 3.375999928 30.53100014
11.11900043 4.756000042 3.349999905 1.980000019 7.177999973 2.131999969 32.99300003
11.78800011 4.889999866 3.563999891 1.85800004 8.031000137 2.451999903 30.24900055
13.12800026 4.956999779 3.99000001 1.91900003 8.670999527 2.772000074 30.24900055
10.58300018 4.756000042 2.954999924 1.644999981 7 2.061000109 30.67099953
10.31499958 5.290999889 3.046000004 1.70599997 7.498000145 2.345000029 31.58600044
9.444000244 5.022999763 2.650000095 1.644999981 6.965000153 2.203000069 31.93799973
10.44900036 4.21999979 2.710999966 1.583999991 7 2.381000042 28.9829998
9.845999718 4.085999966 2.710999966 1.552999973 7.071000099 1.91900003 27.71699905
10.98499966 4.756000042 3.289999962 1.644999981 7.639999866 2.630000114 30.67099953
10.71700001 4.287000179 3.319999933 1.644999981 7.320000172 2.096999884 24.34000015
9.175999641 3.549999952 3.107000113 1.613999963 6.005000114 1.56400001 29.68600082
9.645000458 4.152999878 3.411000013 1.735999942 6.254000187 1.457000017 30.24900055
8.505999565 2.880000114 3.532999992 1.827999949 5.436999798 0.7459999919 29.96800041
10.51599979 3.348999977 3.259000063 1.644999981 7.106999874 1.279000044 29.54599953
13.39599991 4.68900013 3.259000063 1.674999952 10.23400021 2.381000042 28.49099922
12.59200001 5.157000065 2.772000074 1.613999963 9.204000473 2.309999943 28.56100082
14.19999981 6.229000092 2.559000015 1.552999973 11.19400024 3.447000027 28.77199936
12.59200001 6.229000092 2.528000116 1.523000002 10.9090004 3.696000099 27.71699905
14.2670002 6.362999916 2.832999945 1.674999952 11.12199974 3.872999907 28.13899994
12.59200001 5.090000153 2.680000067 1.827999949 9.204000473 2.772000074 27.36499977
13.73099995 5.625999928 3.229000092 1.76699996 10.66100025 2.984999895 26.73200035
15.13700008 5.760000229 3.319999933 1.644999981 11.22900009 2.948999882 26.37999916
14.2670002 5.960999966 3.381000042 1.797000051 10.80300045 3.197999954 25.39500046
12.52499962 5.090000153 3.075999975 1.797000051 9.31000042 3.055999994 27.9279995
12.32400036 5.559000015 3.015000105 1.674999952 8.670999527 2.842999935 28.9829998
13.26200008 6.09499979 3.441999912 1.76699996 9.807999611 2.842999935 29.75699997
12.32400036 4.956999779 3.99000001 1.735999942 8.244000435 2.559000015 30.60099983
9.645000458 3.617000103 3.046000004 1.523000002 6.787000179 1.598999977 32.64099884
10.51599979 4.554999828 2.802000046 1.552999973 7.390999794 2.131999969 35.38499832
9.376999855 3.818000078 2.650000095 1.552999973 6.573999882 1.56400001 37.2840004
9.109000206 3.684000015 2.588999987 2.131999969 6.610000134 1.598999977 38.47999954
9.243000031 3.415999889 2.984999895 1.552999973 6.538000107 1.70599997 36.79100037
10.44900036 4.21999979 3.229000092 1.523000002 7.320000172 2.096999884 34.11800003
11.05200005 4.287000179 3.471999884 1.674999952 7.604000092 1.99000001 33.8370018
10.11400032 4.085999966 3.259000063 1.644999981 6.857999802 1.953999996 33.27399826
11.11900043 4.152999878 3.746000051 1.674999952 7.427000046 1.91900003 32.92200089
10.44900036 3.282000065 3.594000101 1.70599997 7.106999874 1.279000044 33.62599945
10.51599979 3.88499999 3.167999983 1.674999952 7.355999947 1.598999977 32.64099884
11.85499954 5.357999802 3.075999975 1.552999973 8.883999825 3.197999954 31.58600044
11.85499954 4.756000042 2.954999924 1.523000002 8.883999825 2.984999895 31.09300041
10.38199997 4.756000042 2.497999907 1.340000033 7.994999886 2.630000114 30.74200058
11.18599987 5.223999977 2.375999928 1.401000023 8.706000328 2.594000101 29.33499908
10.24800014 4.554999828 2.437000036 1.491999984 7.747000217 2.736000061 28.77199936
10.91800022 4.085999966 2.315000057 1.462000012 8.244000435 2.594000101 29.12400055
12.6590004 5.223999977 2.894000053 1.613999963 9.416999817 2.700999975 29.26399994
13.59700012 5.425000191 3.471999884 1.644999981 9.737000465 2.984999895 29.40500069
10.38199997 4.085999966 3.289999962 1.644999981 7.214000225 2.025000095 28.91300011
9.979999542 4.554999828 3.289999962 1.797000051 6.71600008 2.273999929 29.89699936
9.645000458 4.019000053 3.015000105 1.644999981 6.894000053 2.594000101 30.53100014
11.72099972 4.756000042 3.381000042 1.735999942 7.994999886 2.167999983 30.67099953
11.78800011 4.21999979 3.928999901 1.827999949 8.031000137 2.131999969 30.67099953
10.44900036 4.085999966 3.167999983 1.674999952 7.355999947 1.812000036 31.09300041
10.18099976 3.415999889 3.046000004 1.613999963 6.857999802 1.741000056 30.88199997
12.92700005 5.022999763 5.696000099 2.223999977 6.751999855 1.527999997 32.71099854
10.18099976 4.21999979 3.015000105 1.644999981 6.573999882 1.741000056 34.75099945
9.444000244 3.549999952 2.924000025 1.613999963 6.610000134 1.279000044 34.40000153
10.31499958 4.085999966 3.229000092 1.644999981 7.177999973 2.096999884 34.32899857
10.71700001 3.88499999 3.563999891 1.674999952 7.106999874 1.741000056 33.62599945
10.18099976 3.617000103 3.594000101 1.674999952 6.467000008 1.421000004 33.55599976
11.85499954 4.085999966 4.263999939 1.85800004 7.639999866 1.56400001 32.7820015
12.72599983 4.354000092 4.295000076 1.76699996 8.244000435 2.131999969 32.14899826
14.06599998 5.357999802 3.77699995 1.70599997 9.666000366 2.239000082 31.23399925
18.15200043 8.840999603 5.81799984 3.046000004 12.40200043 4.19299984 30.53100014
14.60200024 5.960999966 3.259000063 1.76699996 11.30000019 3.339999914 30.95299911
14.53499985 6.162000179 3.046000004 1.644999981 11.69099998 3.90899992 30.31999969
14.40100002 6.296000004 2.802000046 1.613999963 11.72700024 3.944000006 29.40500069
13.9989996 6.497000217 2.710999966 1.674999952 10.94499969 3.197999954 28.70199966
14.06599998 6.296000004 2.832999945 2.00999999 11.30000019 3.482000113 28.77199936
14.2670002 5.425000191 3.319999933 1.76699996 10.8380003 3.019999981 28.91300011
14.60200024 5.69299984 3.289999962 1.735999942 10.8739996 3.055999994 28.27899933
9.109000206 2.611999989 2.740999937 1.523000002 6.395999908 1.065999985 28.63100052
11.45400047 3.415999889 3.137000084 1.76699996 8.279999733 1.101999998 28.77199936
9.779000282 3.549999952 3.289999962 1.644999981 6.005000114 1.70599997 29.96800041
10.85099983 4.21999979 3.471999884 1.797000051 6.573999882 1.243999958 29.75699997
10.51599979 3.48300004 3.868000031 1.735999942 6.610000134 1.350000024 30.31999969
9.779000282 3.617000103 3.229000092 1.70599997 5.899000168 0.8529999852 31.44499969
10.24800014 3.750999928 3.046000004 1.552999973 6.610000134 1.243999958 30.74200058
9.645000458 4.019000053 3.046000004 1.552999973 6.822999954 1.56400001 31.65600014
9.578000069 3.818000078 3.075999975 1.613999963 6.361000061 1.491999984 32.28900146
11.98900032 4.152999878 5.604000092 2.193000078 6.43200016 1.527999997 32.85200119
10.7840004 3.818000078 3.868000031 1.888000011 6.644999981 1.207999945 32.07799911
10.11400032 3.415999889 3.686000109 2.040999889 6.254000187 1.207999945 31.86700058
9.444000244 3.148000002 3.411000013 1.644999981 5.96999979 1.101999998 31.375
11.31999969 3.48300004 4.051000118 1.674999952 7.427000046 1.812000036 30.88199997
13.52999973 4.756000042 3.898999929 1.462000012 9.522999763 2.700999975 30.88199997
12.45800018 5.827000141 3.503000021 1.583999991 8.918999672 3.552999973 29.96800041
13.32900047 5.357999802 3.289999962 1.552999973 9.593999863 2.451999903 29.96800041
15.27099991 6.229000092 5.482999802 2.00999999 9.737000465 2.736000061 29.47500038
15.53899956 6.09499979 5.208000183 2.040999889 10.51799965 3.163000107 29.33499908
15.13700008 6.362999916 4.934000015 1.91900003 9.630000114 3.233999968 29.82699966
14.40100002 5.894000053 4.934000015 1.980000019 8.493000031 2.984999895 29.12400055
14.13300037 5.157000065 4.965000153 1.949000001 8.598999977 2.451999903 28.56100082
13.9989996 4.354000092 5.269000053 2.040999889 8.706000328 2.131999969 28.63100052
14.93700027 5.625999928 5.81799984 2.101999998 9.026000023 1.91900003 27.78700066
13.32900047 4.554999828 5.573999882 2.193000078 7.710999966 1.457000017 27.50600052
10.85099983 4.554999828 3.197999954 1.76699996 7.320000172 2.203000069 28.06800079
9.845999718 4.287000179 3.167999983 1.70599997 6.857999802 1.812000036 29.61599922
10.24800014 3.951999903 3.381000042 1.797000051 6.857999802 1.70599997 29.47500038
11.85499954 4.019000053 4.142000198 1.735999942 7.604000092 1.812000036 29.0529995
8.572999954 3.282000065 2.984999895 1.523000002 5.578999996 1.136999965 29.47500038
8.640000343 3.08100009 2.710999966 1.432000041 5.507999897 1.031000018 29.12400055
8.305999756 2.411000013 2.924000025 1.523000002 5.188000202 0.7110000253 29.68600082
8.774000168 3.348999977 2.528000116 1.432000041 6.147999763 1.350000024 31.02300072
8.038000107 2.545000076 2.467000008 1.340000033 5.614999771 0.8880000114 31.16399956
9.175999641 2.746000051 3.229000092 1.432000041 6.289999962 1.136999965 30.67099953
9.444000244 3.214999914 3.167999983 1.523000002 6.395999908 1.421000004 29.96800041
8.505999565 2.880000114 2.710999966 1.309999943 5.791999817 1.101999998 30.17900085
10.04699993 3.08100009 3.167999983 1.309999943 6.857999802 1.279000044 29.47500038
9.711999893 2.075999975 3.289999962 1.309999943 6.395999908 0.6039999723 29.40500069
9.979999542 3.08100009 2.862999916 1.309999943 7 1.315000057 28.20899963
9.979999542 3.549999952 2.680000067 1.279000044 7.214000225 1.883000016 29.12400055
13.59700012 5.357999802 4.873000145 1.797000051 8.989999771 2.700999975 28.56100082
13.59700012 4.889999866 4.568999767 1.674999952 8.493000031 1.91900003 29.19400024
12.12300014 4.085999966 4.598999977 1.674999952 7.071000099 1.77699995 28.56100082
11.98900032 3.951999903 4.477000237 1.735999942 7.568999767 1.598999977 29.26399994
11.98900032 4.21999979 4.355999947 1.91900003 7.568999767 1.598999977 29.0529995
12.99400043 4.421000004 4.568999767 1.674999952 7.853000164 1.598999977 28.91300011
13.79800034 4.085999966 5.269000053 1.76699996 8.137999535 2.096999884 29.82699966
12.99400043 4.152999878 5.208000183 1.888000011 8.173000336 2.025000095 29.82699966
9.979999542 3.818000078 2.894000053 1.432000041 7.249000072 1.56400001 29.19400024
10.11400032 3.88499999 2.772000074 1.371000051 6.644999981 1.669999957 30.88199997
9.845999718 3.348999977 2.405999899 1.491999984 6.787000179 1.812000036 31.23399925
10.98499966 3.617000103 3.503000021 1.371000051 7.143000126 1.598999977 32.21900177
8.371999741 2.812999964 2.680000067 1.218000054 5.507999897 0.5690000057 32.99300003
8.907999992 2.880000114 2.588999987 1.187999964 5.791999817 0.7459999919 33.9070015
9.041999817 3.013999939 2.588999987 1.279000044 6.289999962 0.9950000048 34.75099945
9.243000031 3.214999914 2.680000067 1.156999946 6.361000061 1.031000018 34.75099945
8.23900032 2.812999964 2.528000116 1.248999953 5.721000195 1.243999958 34.8219986
8.975000381 2.880000114 3.015000105 1.248999953 5.934000015 1.243999958 34.89199829
8.505999565 2.344000101 2.894000053 1.156999946 5.578999996 0.7459999919 33.34400177
7.836999893 2.075999975 2.588999987 1.126999974 5.223999977 0.5329999924 31.65600014
9.175999641 1.942000031 2.894000053 0.9750000238 6.183000088 0.6039999723 33.48500061
9.175999641 2.009000063 2.954999924 0.9750000238 6.218999863 0.6039999723 32.64099884
8.371999741 3.013999939 2.437000036 0.9440000057 6.289999962 1.207999945 32.5
10.91800022 3.549999952 2.131999969 0.8830000162 9.026000023 2.309999943 33.06299973
11.52099991 3.549999952 1.980000019 0.8220000267 9.593999863 2.309999943 33.48500061
11.52099991 4.152999878 1.735999942 0.6700000167 9.593999863 2.700999975 33.69599915
12.12300014 4.554999828 1.827999949 0.7919999957 10.3409996 3.482000113 33.55599976
11.92199993 4.085999966 1.797000051 0.8220000267 10.16300011 2.948999882 33.34400177
11.72099972 3.818000078 1.797000051 0.8220000267 9.522999763 2.451999903 32.99300003
11.11900043 3.348999977 2.101999998 0.8830000162 8.918999672 2.415999889 33.34400177
11.11900043 3.818000078 2.559000015 1.036000013 8.635000229 1.84800005 33.9070015
9.444000244 2.27699995 2.00999999 0.7310000062 6.894000053 1.386000037 33.20399857
8.706999779 3.08100009 2.375999928 1.065999985 6.681000233 1.598999977 34.18899918
8.907999992 2.411000013 2.405999899 0.9750000238 6.467000008 1.527999997 35.9469986
10.11400032 2.678999901 2.862999916 1.187999964 6.965000153 1.421000004 36.36899948
10.85099983 3.013999939 3.349999905 1.126999974 7.320000172 1.77699995 36.08800125
9.376999855 1.875 2.894000053 1.156999946 6.005000114 0.9589999914 36.08800125
9.779000282 2.344000101 2.862999916 1.097000003 6.254000187 0.4970000088 36.22900009
9.51099968 2.009000063 2.862999916 1.218000054 6.467000008 0.9589999914 38.4090004
9.243000031 2.812999964 2.618999958 1.309999943 6.822999954 0.8880000114 39.60499954
8.774000168 1.942000031 2.710999966 1.126999974 6.111999989 0.4620000124 40.09799957
9.645000458 2.678999901 3.075999975 1.156999946 6.395999908 1.136999965 40.52000046
9.109000206 2.142999887 3.107000113 1.097000003 5.96999979 0.6039999723 37.84700012
8.572999954 1.875 3.075999975 1.065999985 5.507999897 0.4620000124 37.35400009
10.85099983 2.142999887 3.746000051 1.097000003 7.143000126 0.5329999924 36.01800156
10.98499966 2.142999887 3.746000051 1.065999985 7.284999847 0.6039999723 36.15800095
12.79300022 2.746000051 3.259000063 0.9139999747 9.807999611 1.70599997 36.01800156
16.00799942 5.69299984 2.832999945 1.004999995 13.11200047 3.482000113 36.22900009
19.15600014 6.229000092 5.026000023 1.523000002 13.71700001 4.014999866 36.50999832
16.81200027 5.894000053 4.873000145 1.462000012 12.18900013 3.411000013 36.72100067
17.61599922 5.960999966 4.721000195 1.491999984 12.72200012 3.588999987 36.58000183
16.34300041 5.760000229 4.477000237 1.491999984 11.37100029 2.948999882 37.70600128
18.01799965 7.099999905 4.477000237 1.523000002 13.46800041 3.90899992 37.70600128
18.15200043 7.032999992 4.659999847 1.523000002 13.39700031 4.086999893 37.63600159
16.20899963 4.822999954 5.056000233 1.552999973 10.51799965 2.700999975 37.00299835
13.4630003 4.085999966 5.238999844 1.827999949 8.065999985 1.457000017 38.54999924
10.31499958 3.415999889 2.802000046 1.462000012 6.928999901 1.315000057 38.05799866
8.840999603 3.148000002 2.040999889 1.126999974 6.751999855 1.457000017 37.00299835
10.24800014 3.282000065 3.107000113 1.309999943 6.610000134 1.172999978 37.00299835
8.572999954 2.009000063 2.163000107 1.065999985 6.502999783 0.8529999852 29.82699966
8.774000168 2.142999887 2.650000095 1.004999995 5.721000195 0.425999999 32.85200119
9.51099968 1.60800004 2.862999916 1.097000003 6.040999889 0.425999999 36.15800095
8.774000168 2.075999975 2.375999928 1.004999995 6.040999889 0.8169999719 35.80699921
9.31000042 2.142999887 2.924000025 1.126999974 6.218999863 0.9950000048 37.77600098
8.305999756 2.27699995 2.618999958 1.097000003 5.721000195 0.9240000248 39.53499985
8.975000381 2.27699995 3.015000105 1.279000044 5.96999979 0.7820000052 38.26900101
8.840999603 2.142999887 3.107000113 1.126999974 5.721000195 0.6039999723 34.75099945
9.041999817 2.344000101 3.441999912 1.126999974 5.862999916 0.6039999723 33.76699829
11.25300026 2.611999989 4.111999989 1.187999964 7.177999973 0.8529999852 32.85200119
11.98900032 3.415999889 3.928999901 1.187999964 8.598999977 2.167999983 33.13299942
12.52499962 3.818000078 3.259000063 0.9750000238 9.630000114 1.598999977 34.32899857
13.59700012 4.622000217 3.107000113 1.065999985 10.97999954 2.842999935 35.38499832
14.60200024 5.357999802 2.862999916 1.036000013 11.19400024 2.878000021 34.54000092
13.4630003 4.554999828 2.467000008 0.8830000162 10.8739996 2.984999895 32.71099854
12.25699997 3.88499999 2.467000008 0.9440000057 9.522999763 2.131999969 33.9070015
12.25699997 4.68900013 2.253999949 0.9139999747 10.66100025 2.984999895 34.68099976
11.5880003 3.684000015 2.101999998 0.8830000162 8.847999573 1.70599997 35.66600037
11.92199993 3.348999977 2.101999998 0.8830000162 9.274999619 1.99000001 34.47000122
11.52099991 3.684000015 2.528000116 0.9440000057 9.559000015 2.273999929 35.31399918
8.774000168 2.678999901 2.315000057 1.065999985 5.862999916 1.136999965 33.8370018
7.971000195 3.08100009 2.375999928 1.279000044 5.96999979 1.598999977 35.8769989
8.305999756 2.411000013 2.375999928 1.156999946 5.862999916 1.279000044 35.52500153
9.376999855 2.344000101 2.802000046 1.248999953 6.502999783 1.172999978 36.58000183
10.04699993 3.148000002 3.167999983 1.097000003 6.857999802 0.7820000052 37.35400009
8.23900032 2.075999975 2.588999987 1.036000013 5.68599987 0.3910000026 34.61100006
8.305999756 2.27699995 2.650000095 0.9750000238 6.005000114 0.8529999852 33.8370018
7.903999805 2.210000038 2.467000008 1.036000013 5.401000023 0.7820000052 33.20399857
12.18999958 4.68900013 2.253999949 0.9139999747 10.02099991 2.559000015 34.68099976
7.836999893 1.541000009 2.467000008 1.279000044 5.295000076 0.6750000119 36.72100067
7.903999805 1.60800004 3.167999983 1.126999974 4.619999886 -0.1070000008 34.75099945
6.429999828 0.9380000234 2.467000008 1.126999974 3.980000019 -0.2840000093 24.90299988
7.836999893 1.340000033 2.710999966 1.065999985 5.188000202 0.03599999845 32.85200119
8.975000381 1.406999946 3.259000063 0.9750000238 5.68599987 0.03599999845 33.13299942
8.305999756 0.6700000167 3.107000113 0.9750000238 5.223999977 -0.425999999 29.96800041
8.104999542 0.80400002 2.650000095 0.8830000162 5.436999798 -0.3199999928 30.38999939
10.11400032 2.545000076 2.588999987 0.9139999747 7.639999866 1.136999965 31.375
13.19499969 4.019000053 4.782000065 1.462000012 8.421999931 2.096999884 31.30400085
13.32900047 4.287000179 4.447000027 1.309999943 8.279999733 1.953999996 32.64099884
13.86499977 4.354000092 4.263999939 1.309999943 8.989999771 1.812000036 33.34400177
11.98900032 3.214999914 4.142000198 1.340000033 7.710999966 1.421000004 33.34400177
11.85499954 3.415999889 4.234000206 1.432000041 7.106999874 0.7820000052 34.61100006
11.85499954 2.678999901 4.386000156 1.340000033 7.498000145 0.9589999914 33.9070015
11.11900043 2.009000063 4.873000145 1.462000012 6.361000061 0.6039999723 34.54000092
11.98900032 2.947000027 4.994999886 1.674999952 6.005000114 0.7820000052 35.38499832
8.975000381 2.344000101 2.559000015 1.279000044 6.183000088 0.8880000114 34.32899857
9.51099968 3.013999939 2.375999928 1.097000003 7.035999775 1.953999996 31.58600044
10.11400032 3.549999952 2.954999924 1.432000041 6.965000153 1.56400001 31.375
10.31499958 3.617000103 3.289999962 1.097000003 7.320000172 1.101999998 30.74200058
8.640000343 2.27699995 2.588999987 0.9750000238 5.721000195 0.3910000026 31.58600044
8.907999992 2.477999926 2.618999958 1.126999974 6.111999989 0.8169999719 31.375
9.31000042 2.545000076 2.528000116 1.156999946 6.361000061 0.8169999719 31.02300072
8.171999931 2.27699995 2.223999977 1.097000003 5.791999817 1.065999985 25.81699944
7.836999893 2.210000038 2.680000067 1.156999946 5.507999897 0.7820000052 24.90299988
8.505999565 2.210000038 3.229000092 1.401000023 5.578999996 0.4970000088 18.00900078
7.234000206 1.340000033 2.588999987 1.097000003 4.619999886 0 22.44099998
6.96600008 1.139000058 2.467000008 0.9750000238 4.441999912 -0.03599999845 16.88299942
7.166999817 1.139000058 2.437000036 0.8529999852 4.762000084 0 22.0890007
8.371999741 2.947000027 2.437000036 1.036000013 6.218999863 1.207999945 24.1989994
9.109000206 2.210000038 2.00999999 0.8830000162 7.568999767 0.9589999914 25.74699974
8.907999992 2.678999901 1.949000001 0.8830000162 7.639999866 1.527999997 26.52099991
8.505999565 2.210000038 1.644999981 0.8529999852 6.644999981 0.7820000052 26.94300079
10.04699993 3.08100009 1.735999942 0.8220000267 8.031000137 1.669999957 27.36499977
10.85099983 3.750999928 1.462000012 0.7609999776 8.741999626 1.99000001 28.35000038
8.907999992 2.947000027 1.491999984 0.7919999957 7.639999866 1.598999977 28.06800079
9.51099968 2.009000063 1.371000051 0.6700000167 7.320000172 1.065999985 28.35000038
9.578000069 2.477999926 1.644999981 0.6700000167 7.853000164 0.9589999914 27.9279995
9.645000458 2.210000038 2.163000107 0.7310000062 7.604000092 0.7820000052 27.71699905
6.229000092 1.875 2.131999969 1.004999995 4.122000217 0.3549999893 29.89699936
6.96600008 2.746000051 2.101999998 1.065999985 4.93900013 0.7110000253 30.17900085
7.301000118 1.60800004 2.101999998 0.9750000238 5.117000103 0.3199999928 31.44499969
8.840999603 2.27699995 2.588999987 1.126999974 6.395999908 0.9589999914 33.20399857
9.243000031 2.142999887 3.015000105 1.156999946 6.43200016 0.9950000048 33.41500092
6.429999828 1.273000002 2.345000029 1.004999995 4.263999939 0.2840000093 32.71099854
6.697999954 2.27699995 2.253999949 1.036000013 4.547999859 0.3549999893 32.85200119
7.769999981 2.678999901 2.193000078 1.097000003 4.93900013 1.207999945 33.20399857
8.104999542 2.344000101 2.193000078 1.065999985 5.828000069 1.065999985 34.04800034
7.099999905 2.142999887 2.131999969 1.065999985 5.329999924 1.350000024 35.52500153
7.836999893 2.210000038 2.528000116 1.036000013 5.366000175 0.9589999914 34.47000122
7.301000118 1.741000056 2.528000116 1.097000003 4.477000237 0.3549999893 35.59600067
6.697999954 1.20599997 2.405999899 1.004999995 4.229000092 -0.03599999845 33.62599945
7.836999893 1.20599997 2.862999916 0.9750000238 4.974999905 0 32.14899826
7.434999943 1.273000002 2.650000095 0.9750000238 4.584000111 -0.3549999893 32.00799942
8.104999542 2.009000063 2.253999949 0.8529999852 6.005000114 0.9589999914 31.72599983
7.836999893 1.807999969 2.071000099 0.8830000162 5.366000175 0.7820000052 30.88199997
10.18099976 2.746000051 1.91900003 0.8529999852 8.598999977 1.669999957 31.30400085
10.04699993 2.947000027 1.827999949 0.8830000162 8.173000336 1.598999977 31.23399925
9.779000282 3.08100009 1.735999942 0.8220000267 7.747000217 2.131999969 31.72599983
8.43900013 2.27699995 1.583999991 0.7609999776 6.787000179 1.207999945 31.23399925
9.041999817 1.942000031 1.552999973 0.7009999752 7.604000092 1.491999984 31.86700058
9.31000042 2.210000038 1.85800004 0.9750000238 7.568999767 1.243999958 32.21900177
11.45400047 3.214999914 2.437000036 0.7919999957 8.883999825 1.421000004 31.72599983
7.703000069 2.009000063 2.375999928 1.065999985 5.68599987 0.7110000253 32.28900146
7.836999893 2.210000038 2.345000029 1.036000013 5.650000095 0.7459999919 34.25899887
7.769999981 2.142999887 2.650000095 1.248999953 5.366000175 1.101999998 33.97800064
9.175999641 3.08100009 2.894000053 1.218000054 6.43200016 1.172999978 34.47000122
9.645000458 2.477999926 3.107000113 1.004999995 6.610000134 1.350000024 35.24399948
7.636000156 1.807999969 2.405999899 0.9750000238 5.188000202 0.248999998 36.29899979
8.038000107 1.541000009 2.437000036 1.036000013 5.010000229 0.4970000088 36.72100067
8.371999741 2.411000013 2.193000078 0.9750000238 6.147999763 1.031000018 38.3390007
8.371999741 2.344000101 2.345000029 1.065999985 5.899000168 0.8529999852 40.02700043
7.703000069 2.142999887 2.223999977 0.9750000238 5.472000122 1.065999985 37.98699951
8.505999565 2.545000076 2.710999966 1.126999974 5.791999817 1.172999978 39.11299896
8.305999756 1.942000031 2.710999966 1.097000003 5.543000221 0.5329999924 37.00299835
8.104999542 1.674000025 2.710999966 1.065999985 5.366000175 0.3199999928 35.24399948
9.913000107 1.674000025 3.381000042 0.9750000238 6.395999908 0.2840000093 34.18899918
10.24800014 0.5360000134 3.289999962 0.9139999747 6.502999783 -0.7459999919 33.8370018
12.45800018 3.684000015 2.528000116 0.8220000267 9.807999611 2.131999969 33.48500061
14.2670002 4.287000179 2.467000008 0.7609999776 11.65499973 2.878000021 33.48500061
14.53499985 3.951999903 4.568999767 1.340000033 10.16300011 2.061000109 34.61100006
15.8739996 5.157000065 4.355999947 1.309999943 11.37100029 2.772000074 33.9070015
15.13700008 4.152999878 4.447000027 1.401000023 10.09200001 2.167999983 33.55599976
14.46800041 4.21999979 4.324999809 1.462000012 9.593999863 2.131999969 34.89199829
12.18999958 3.282000065 4.172999859 1.340000033 7.923999786 0.8880000114 34.9620018
12.79300022 2.746000051 4.416999817 1.371000051 8.244000435 0.9589999914 34.8219986
13.19499969 2.947000027 4.751999855 1.401000023 8.635000229 1.031000018 34.68099976
13.59700012 4.152999878 4.903999805 1.674999952 8.635000229 1.279000044 36.58000183
9.913000107 2.545000076 2.588999987 1.126999974 7.710999966 1.207999945 34.40000153
8.104999542 1.942000031 2.375999928 1.309999943 6.111999989 0.6039999723 36.08800125
8.975000381 2.880000114 2.772000074 1.279000044 6.43200016 0.8529999852 36.22900009
9.31000042 3.08100009 3.229000092 1.279000044 6.43200016 1.031000018 36.29899979
7.636000156 1.674000025 2.437000036 1.036000013 5.046000004 0.2840000093 35.9469986
8.23900032 2.075999975 2.345000029 0.9139999747 5.68599987 0.6399999857 37.35400009
8.706999779 2.009000063 2.437000036 1.004999995 6.43200016 0.7459999919 38.54999924
7.903999805 2.27699995 2.832999945 1.126999974 5.436999798 0.6750000119 38.05799866
8.43900013 1.741000056 2.802000046 1.156999946 5.578999996 0.4620000124 35.52500153
8.505999565 2.075999975 3.015000105 1.309999943 5.472000122 0.4970000088 35.66600037
8.371999741 1.942000031 3.289999962 1.340000033 5.543000221 0.3910000026 33.13299942
8.171999931 1.741000056 2.832999945 1.036000013 5.329999924 0.3199999928 33.62599945
10.51599979 2.075999975 3.686000109 1.126999974 6.822999954 0.4970000088 35.24399948
11.45400047 1.674000025 3.563999891 1.156999946 8.065999985 0.1780000031 33.55599976
12.45800018 3.415999889 2.862999916 0.8830000162 9.949999809 1.77699995 33.9070015
12.05599976 3.348999977 2.437000036 0.8830000162 10.05599976 1.77699995 33.69599915
13.59700012 4.085999966 2.315000057 0.8529999852 11.37100029 2.486999989 33.76699829
13.79800034 4.085999966 1.827999949 0.6700000167 11.30000019 3.163000107 33.62599945
12.72599983 4.354000092 1.827999949 0.6700000167 10.8380003 2.486999989 33.48500061
11.38700008 3.214999914 1.70599997 0.7310000062 9.593999863 2.381000042 33.13299942
12.52499962 4.152999878 1.70599997 1.004999995 10.5539999 2.203000069 32.92200089
12.05599976 3.08100009 1.888000011 0.7310000062 10.23400021 1.812000036 31.65600014
10.7840004 2.545000076 2.253999949 0.9139999747 8.777000427 1.065999985 32.85200119
8.572999954 2.075999975 2.315000057 1.065999985 6.147999763 0.2840000093 32.21900177
8.706999779 2.545000076 2.618999958 1.126999974 5.578999996 1.56400001 31.72599983
9.645000458 2.678999901 2.559000015 1.309999943 6.894000053 0.8880000114 32.64099884
9.645000458 2.477999926 3.107000113 1.036000013 6.751999855 0.7820000052 32.14899826
9.51099968 2.545000076 3.259000063 1.126999974 6.183000088 0.7820000052 27.50600052
7.703000069 1.807999969 2.253999949 0.8529999852 4.903999805 0.3549999893 29.26399994
7.903999805 1.741000056 2.223999977 0.8529999852 5.223999977 0.425999999 31.44499969
7.501999855 1.473999977 2.040999889 0.8529999852 5.791999817 0.7110000253 31.51499939
9.578000069 2.746000051 1.980000019 0.9139999747 6.894000053 0.9950000048 32.07799911
7.903999805 2.075999975 2.740999937 1.279000044 5.507999897 0.8529999852 32.07799911
8.371999741 1.875 2.924000025 1.218000054 5.472000122 0.3910000026 33.8370018
7.836999893 1.674000025 2.710999966 1.065999985 4.974999905 0.1780000031 34.04800034
7.636000156 1.541000009 2.618999958 1.065999985 5.081999779 0.2129999995 33.69599915
9.645000458 1.541000009 3.319999933 1.065999985 6.361000061 0.4620000124 33.48500061
9.578000069 1.875 3.015000105 1.036000013 6.183000088 0.2840000093 32.71099854
8.43900013 1.807999969 2.345000029 0.7310000062 5.934000015 0.7459999919 32.64099884
10.64999962 2.411000013 2.163000107 0.7009999752 8.065999985 1.279000044 32.43000031
13.52999973 4.019000053 4.568999767 1.401000023 8.208999634 1.56400001 32.00799942
13.32900047 3.48300004 4.295000076 1.371000051 8.847999573 1.63499999 31.65600014
12.25699997 2.947000027 4.234000206 1.279000044 7.960000038 1.598999977 31.375
11.18599987 3.214999914 4.142000198 1.279000044 7.214000225 1.243999958 31.58600044
11.78800011 1.942000031 4.203000069 1.309999943 7 0.8169999719 32.43000031
12.25699997 2.411000013 4.447000027 1.371000051 7.177999973 0.8169999719 31.79700089
13.12800026 3.415999889 4.903999805 1.491999984 8.031000137 1.065999985 33.20399857
11.11900043 2.880000114 5.026000023 1.644999981 6.218999863 0.248999998 34.68099976
8.038000107 2.142999887 2.618999958 1.097000003 5.791999817 0.9950000048 34.40000153
8.706999779 3.08100009 2.802000046 1.248999953 6.254000187 1.279000044 36.93199921
10.38199997 2.812999964 2.710999966 1.156999946 7.071000099 1.243999958 33.48500061
10.18099976 2.880000114 3.503000021 1.097000003 6.894000053 1.136999965 33.62599945
8.038000107 1.942000031 2.528000116 0.9440000057 5.650000095 0.3910000026 33.20399857
8.706999779 2.210000038 2.802000046 1.065999985 5.96999979 0.2129999995 33.27399826
9.376999855 2.210000038 2.680000067 1.187999964 6.71600008 1.065999985 35.52500153
9.376999855 2.545000076 2.710999966 1.279000044 6.395999908 0.7110000253 35.03300095
8.505999565 2.075999975 2.650000095 1.279000044 5.791999817 0.6750000119 35.66600037
8.975000381 2.142999887 2.984999895 1.126999974 5.899000168 0.6399999857 33.69599915
9.041999817 1.807999969 2.862999916 1.156999946 5.721000195 0.2840000093 34.40000153
8.505999565 2.210000038 3.046000004 1.065999985 5.578999996 0.4970000088 36.79100037
11.98900032 2.27699995 4.507999897 1.248999953 7.498000145 0.3549999893 35.9469986
11.98900032 1.875 4.172999859 1.097000003 7.923999786 -0.1420000046 35.38499832
15.27099991 4.085999966 3.625 1.036000013 11.19400024 2.203000069 34.32899857
14.93700027 4.085999966 3.046000004 1.156999946 10.9090004 2.345000029 35.73600006
15.20400047 4.622000217 2.802000046 0.9750000238 12.04599953 2.700999975 34.89199829
16.94599915 5.357999802 2.588999987 0.9139999747 14.67599964 4.122000217 35.31399918
15.20400047 4.889999866 2.163000107 0.8830000162 12.79300022 3.163000107 35.31399918
13.93200016 5.090000153 2.131999969 0.8830000162 11.90400028 3.197999954 35.8769989
13.73099995 4.085999966 2.040999889 0.8220000267 11.05099964 2.273999929 35.52500153
13.52999973 3.148000002 2.193000078 0.8220000267 11.37100029 1.669999957 34.47000122
14.19999981 3.88499999 2.437000036 0.8830000162 11.76200008 1.91900003 34.25899887
13.79800034 4.21999979 2.559000015 1.097000003 11.37100029 1.883000016 37.2140007
13.93200016 4.554999828 2.954999924 1.248999953 10.97999954 2.984999895 40.94200134
12.92700005 4.554999828 2.772000074 1.279000044 9.593999863 2.167999983 38.76100159
10.91800022 3.617000103 3.349999905 1.340000033 7.427000046 1.812000036 35.24399948
11.52099991 3.348999977 3.319999933 1.248999953 8.031000137 1.491999984 33.06299973
9.376999855 2.477999926 2.862999916 1.004999995 5.899000168 0.1420000046 32.28900146
10.04699993 2.411000013 3.015000105 1.036000013 7.106999874 0.6399999857 33.20399857
9.913000107 2.411000013 2.832999945 0.9750000238 7.035999775 0.7820000052 33.55599976
8.23900032 1.340000033 2.071000099 0.7609999776 5.96999979 0.5690000057 35.31399918
8.23900032 2.075999975 2.131999969 0.9440000057 6.111999989 0.6750000119 36.72100067
9.376999855 2.210000038 3.349999905 1.401000023 6.218999863 0.6039999723 36.86199951
9.444000244 2.880000114 3.441999912 1.371000051 5.934000015 0.3910000026 34.9620018
8.907999992 1.60800004 3.167999983 1.097000003 5.68599987 0.1780000031 37.35400009
12.59200001 2.142999887 4.598999977 1.156999946 7.853000164 0.3910000026 36.58000183
14.53499985 3.88499999 4.842999935 1.248999953 10.44699955 1.84800005 35.03300095
14.19999981 3.951999903 4.142000198 1.065999985 10.44699955 2.451999903 36.72100067
15.06999969 5.022999763 3.806999922 1.097000003 11.12199974 3.092000008 36.86199951
17.81699944 6.162000179 5.81799984 1.583999991 11.97500038 3.588999987 36.65100098
18.15200043 6.296000004 5.269000053 1.491999984 13.07699966 3.696000099 36.15800095
16.27599907 6.09499979 4.965000153 1.462000012 11.19400024 4.19299984 36.01800156
15.27099991 5.290999889 4.813000202 1.401000023 9.772000313 2.451999903 35.66600037
12.52499962 3.684000015 4.630000114 1.371000051 7.782000065 1.99000001 35.52500153
13.32900047 4.421000004 4.873000145 1.401000023 8.31499958 2.025000095 36.86199951
12.85999966 4.487999916 4.903999805 1.491999984 8.102000237 2.096999884 35.03300095
12.32400036 4.019000053 4.903999805 1.76699996 7.427000046 2.486999989 38.62099838
10.51599979 3.818000078 2.832999945 1.156999946 7.888999939 2.239000082 38.19800186
11.92199993 4.889999866 2.832999945 1.218000054 8.847999573 2.948999882 37.2140007
11.5880003 3.214999914 3.289999962 1.401000023 7.568999767 1.527999997 37.35400009
11.5880003 3.08100009 3.77699995 1.279000044 7.676000118 1.136999965 37.63600159
10.51599979 2.611999989 3.259000063 1.065999985 7.355999947 0.8880000114 37.00299835
11.5880003 2.142999887 3.746000051 1.248999953 7.249000072 0.7820000052 37.49499893
11.38700008 2.812999964 3.471999884 1.156999946 8.031000137 0.9589999914 39.18299866
11.11900043 2.142999887 3.137000084 1.218000054 7.320000172 0.8529999852 39.67599869
10.11400032 3.282000065 3.349999905 1.401000023 6.71600008 0.7110000253 39.04299927
10.51599979 2.812999964 3.806999922 1.401000023 7.106999874 1.065999985 40.16799927
9.845999718 2.344000101 3.71600008 1.248999953 6.610000134 0.9950000048 37.2140007
9.845999718 2.009000063 3.563999891 1.218000054 6.361000061 0.3910000026 39.04299927
14.2670002 2.746000051 5.421999931 1.309999943 8.741999626 0.6399999857 38.69100189
14.66899967 1.942000031 5.513000011 1.279000044 8.847999573 0.4970000088 37.2840004
16.47699928 4.152999878 4.568999767 1.004999995 11.54899979 2.273999929 36.86199951
14.80300045 2.947000027 4.203000069 1.126999974 9.949999809 1.172999978 37.63600159
14.53499985 3.282000065 3.563999891 0.9440000057 10.9090004 3.872999907 36.65100098
13.66399956 4.354000092 3.259000063 0.9139999747 10.5539999 2.096999884 37.84700012
12.85999966 3.951999903 2.924000025 0.9440000057 9.843000412 2.309999943 37.91699982
13.32900047 4.152999878 2.680000067 0.8830000162 10.73200035 2.061000109 36.79100037
12.6590004 4.019000053 2.650000095 1.004999995 9.522999763 1.70599997 35.17399979
11.72099972 3.282000065 2.650000095 0.9750000238 8.954999924 1.883000016 35.17399979
11.31999969 3.282000065 2.772000074 1.065999985 8.777000427 1.031000018 36.72100067
11.92199993 4.019000053 2.680000067 1.126999974 9.31000042 2.381000042 38.90200043
10.11400032 3.214999914 3.015000105 1.248999953 7.071000099 1.136999965 41.22299957
11.11900043 3.549999952 3.046000004 1.523000002 7.960000038 1.491999984 40.73099899
11.18599987 2.678999901 3.806999922 1.371000051 7.81799984 1.101999998 39.95700073
11.78800011 2.880000114 4.111999989 1.279000044 7.782000065 0.9950000048 37.2840004
11.85499954 3.013999939 3.868000031 1.218000054 7.284999847 0.425999999 36.58000183
12.72599983 3.013999939 4.142000198 1.097000003 7.923999786 0.8880000114 38.83200073
12.45800018 2.411000013 4.234000206 1.218000054 7.853000164 0.9589999914 40.02700043
12.12300014 2.210000038 3.77699995 1.126999974 7.81799984 0.7820000052 41.01200104
11.11900043 2.746000051 3.71600008 1.248999953 7.355999947 0.9589999914 41.22299957
11.31999969 3.214999914 3.898999929 1.279000044 7.710999966 1.065999985 40.37900162
11.25300026 2.880000114 3.928999901 1.309999943 7.214000225 0.9240000248 38.83200073
11.25300026 2.344000101 3.928999901 1.065999985 7.355999947 0.8169999719 39.11299896
13.59700012 2.477999926 3.746000051 0.7310000062 9.913999557 0.8169999719 38.83200073
16.07500076 3.48300004 5.96999979 1.340000033 10.02099991 0.6750000119 38.4090004
16.40999985 3.88499999 5.026000023 1.156999946 11.22900009 1.207999945 38.26900101
16.20899963 3.951999903 4.690999985 1.126999974 11.44200039 1.63499999 38.19800186
17.07999992 5.559000015 6.671000004 1.674999952 10.23400021 2.451999903 38.26900101
18.21899986 4.889999866 6.427000046 1.674999952 12.04599953 2.131999969 38.4090004
18.62000084 5.357999802 5.81799984 1.491999984 11.93999958 2.167999983 37.63600159
17.75 5.357999802 5.604000092 1.613999963 11.37100029 2.700999975 37.84700012
15.06999969 4.956999779 5.513000011 1.613999963 10.23400021 2.345000029 37.63600159
16.1420002 4.756000042 5.482999802 1.70599997 10.66100025 1.812000036 37.70600128
15.13700008 4.354000092 5.361000061 1.613999963 9.701000214 1.669999957 38.3390007
15.53899956 4.956999779 5.329999924 1.735999942 9.807999611 2.273999929 40.73099899
11.11900043 3.750999928 3.167999983 1.279000044 8.031000137 1.527999997 42.41899872
11.72099972 4.085999966 3.107000113 1.309999943 8.208999634 1.598999977 42.63000107
12.25699997 3.415999889 3.868000031 1.309999943 8.670999527 2.203000069 40.52000046
12.92700005 3.415999889 4.507999897 1.340000033 8.741999626 1.491999984 39.95700073
12.79300022 2.477999926 4.203000069 1.126999974 8.670999527 1.031000018 38.12799835
14.19999981 3.750999928 4.813000202 1.279000044 9.416999817 1.491999984 39.95700073
13.19499969 2.678999901 4.659999847 1.340000033 8.706000328 1.065999985 41.57500076
12.52499962 3.617000103 4.172999859 1.248999953 8.527999878 0.9950000048 44.1780014
12.25699997 3.282000065 4.051000118 1.218000054 8.279999733 1.315000057 44.45899963
12.18999958 3.214999914 4.234000206 1.340000033 8.031000137 1.243999958 45.44400024
11.78800011 2.812999964 4.172999859 1.309999943 7.604000092 0.9589999914 45.09199905
13.19499969 3.415999889 4.630000114 1.401000023 8.598999977 1.491999984 41.99700165
16.94599915 3.88499999 6.275000095 1.491999984 10.73200035 1.77699995 40.52000046
17.2140007 3.348999977 6.610000134 1.583999991 10.625 0.7459999919 40.37900162
18.21899986 5.157000065 5.482999802 1.279000044 12.79300022 2.309999943 39.74599838
17.95100021 5.022999763 5.086999893 1.309999943 12.89900017 2.736000061 40.09799957
16.74500084 4.554999828 4.751999855 1.279000044 12.11699963 2.559000015 39.95700073
16.27599907 4.152999878 4.111999989 1.187999964 11.79800034 2.415999889 40.73099899
16.1420002 5.090000153 3.898999929 1.156999946 11.72700024 2.486999989 40.37900162
15.13700008 4.085999966 3.471999884 1.248999953 11.12199974 2.381000042 39.74599838
13.19499969 2.947000027 2.984999895 1.036000013 9.737000465 1.243999958 38.76100159
12.6590004 3.282000065 2.862999916 1.004999995 9.204000473 1.527999997 39.11299896
12.59200001 3.08100009 3.075999975 1.218000054 8.635000229 0.8169999719 39.60499954
5.022999763 1.741000056 3.137000084 1.340000033 1.457000017 0.3199999928 41.15299988
3.214999914 1.340000033 3.046000004 1.309999943 0.1070000008 -0.07100000232 43.26300049
3.549999952 1.473999977 3.441999912 1.371000051 0.1070000008 0 42.8409996
4.019000053 1.273000002 3.838000059 1.218000054 0.1420000046 0 42.13800049
5.960999966 -0.40200001 4.324999809 1.126999974 2.559000015 -2.025000095 39.88700104
13.93200016 1.674000025 4.386000156 1.156999946 8.918999672 0.3199999928 40.87200165
14.73600006 0.7369999886 4.965000153 1.248999953 9.593999863 -1.527999997 41.64500046
13.66399956 0.06700000167 4.659999847 1.218000054 9.097000122 -1.741000056 41.64500046
13.86499977 0.1340000033 4.416999817 1.097000003 9.06099987 -1.953999996 43.89699936
12.85999966 0.2680000067 4.234000206 1.248999953 8.598999977 -1.527999997 43.61500168
12.45800018 0.1340000033 4.051000118 1.187999964 8.493000031 -1.63499999 45.65499878
12.12300014 0 4.111999989 1.248999953 8.137999535 -1.812000036 43.68500137
13.26200008 0.3350000083 4.659999847 1.401000023 8.635000229 -1.63499999 41.36399841
17.61599922 1.139000058 6.548999786 1.523000002 11.15799999 -1.243999958 40.59000015
17.75 0.80400002 6.487999916 1.613999963 11.22900009 -1.527999997 40.6609993
17.34799957 1.473999977 5.635000229 1.371000051 11.79800034 -0.7110000253 39.25400162
16.07500076 1.541000009 4.782000065 1.156999946 11.40699959 -0.8169999719 40.30899811
17.88400078 2.27699995 6.730999947 1.674999952 11.01599979 -0.3549999893 39.53499985
18.41900063 2.611999989 6.487999916 1.644999981 11.76200008 -0.248999998 39.04299927
15.8739996 1.741000056 6.183000088 1.70599997 9.87899971 -0.5329999924 39.25400162
16.00799942 1.807999969 5.787000179 1.644999981 10.27000046 -1.207999945 38.4090004
12.92700005 0.80400002 5.452000141 1.491999984 7.427000046 -2.167999983 39.11299896
12.92700005 0.9380000234 5.269000053 1.432000041 7.639999866 -2.167999983 37.2840004
12.99400043 1.273000002 5.117000103 1.644999981 8.065999985 -0.9950000048 38.26900101
13.79800034 1.60800004 5.117000103 1.735999942 8.065999985 -1.243999958 40.52000046
11.05200005 0.6029999852 2.862999916 1.248999953 8.456999779 -1.350000024 40.94200134
11.65499973 0.6700000167 2.862999916 1.126999974 8.421999931 -0.7820000052 39.11299896
13.32900047 0.8709999919 3.503000021 1.126999974 9.522999763 -0.9950000048 39.95700073
14.33399963 0.9380000234 4.081999779 1.065999985 9.559000015 -1.491999984 38.90200043
14.93700027 0.6700000167 4.538000107 1.097000003 9.737000465 -0.3910000026 39.32400131
15.73999977 0.7369999886 5.208000183 1.309999943 9.87899971 -1.741000056 40.02700043
15.40499973 0.5360000134 5.026000023 1.248999953 9.701000214 -1.953999996 40.73099899
13.59700012 0.6700000167 4.477000237 1.097000003 9.23900032 -1.598999977 42.49000168
13.32900047 0.6029999852 4.295000076 1.248999953 8.989999771 -0.8880000114 44.74100113
13.12800026 1.473999977 4.447000027 1.309999943 8.670999527 -0.6750000119 45.02199936
12.79300022 1.072000027 4.386000156 1.371000051 8.350999832 -0.7459999919 42.8409996
13.93200016 1.273000002 5.026000023 1.401000023 8.918999672 -0.7110000253 41.7859993
18.75399971 2.611999989 6.883999825 1.491999984 11.86900043 0.03599999845 41.29399872
16.81200027 1.473999977 6.883999825 1.523000002 10.80300045 -0.8529999852 41.22299957
17.48200035 3.08100009 5.725999832 1.371000051 11.69099998 0.6399999857 40.87200165
17.41500092 3.282000065 5.300000191 1.279000044 11.65499973 0.6399999857 40.52000046
16.6779995 2.545000076 4.842999935 1.187999964 11.65499973 0.6399999857 39.67599869
14.40100002 2.678999901 4.386000156 1.126999974 10.23400021 0.5329999924 38.4090004
14.46800041 1.807999969 4.051000118 1.065999985 10.23400021 0.5690000057 38.62099838
14.2670002 2.210000038 3.746000051 1.097000003 10.12699986 0.3549999893 37.91699982
14.06599998 2.075999975 3.349999905 1.004999995 10.23400021 0.3910000026 40.30899811
12.6590004 2.27699995 3.229000092 0.9750000238 9.522999763 0.3199999928 39.81600189
13.19499969 1.807999969 3.137000084 1.097000003 9.559000015 -0.2840000093 37.70600128
11.65499973 1.473999977 3.349999905 1.371000051 7.853000164 -0.1780000031 40.09799957
12.12300014 1.741000056 3.411000013 1.340000033 8.031000137 -0.6039999723 42.20800018
12.6590004 1.807999969 3.654999971 1.340000033 8.31499958 -0.3549999893 40.02700043
14.93700027 2.075999975 4.355999947 1.432000041 9.807999611 0 39.46500015
15.47200012 1.541000009 4.994999886 1.309999943 10.30500031 -0.03599999845 38.69100189
16.27599907 2.009000063 5.208000183 1.309999943 10.3409996 -0.7110000253 38.19800186
16.61100006 1.942000031 5.635000229 1.340000033 10.3760004 -0.6039999723 38.76100159
16.07500076 1.942000031 5.208000183 1.340000033 10.3760004 -0.3549999893 39.25400162
15.13700008 1.875 4.751999855 1.279000044 10.51799965 -0.2129999995 41.36399841
12.99400043 1.406999946 4.111999989 1.279000044 8.954999924 -0.2840000093 42.98199844
12.85999966 1.139000058 4.172999859 1.126999974 8.706000328 -0.6039999723 44.66999817
12.72599983 0.9380000234 4.295000076 1.279000044 8.350999832 -0.8880000114 41.57500076
14.13300037 1.20599997 5.147999763 1.371000051 9.131999969 -0.8169999719 39.81600189
19.15600014 2.344000101 7.097000122 1.583999991 12.08199978 -0.1780000031 40.02700043
18.2859993 1.60800004 6.671000004 1.552999973 11.61999989 -0.7820000052 39.74599838
19.42399979 2.27699995 5.725999832 1.279000044 13.32600021 0.3549999893 40.37900162
19.29000092 3.684000015 5.147999763 1.218000054 14.71100044 1.065999985 39.60499954
21.43400002 3.818000078 7.126999855 1.70599997 14.17800045 0.4970000088 39.32400131
19.55800056 3.951999903 6.730999947 1.735999942 13.07699966 0.5690000057 40.30899811
18.95499992 3.684000015 6.366000175 1.613999963 12.47299957 1.031000018 40.73099899
16.81200027 2.477999926 5.940000057 1.674999952 10.8739996 -0.03599999845 41.7159996
17.28100014 2.812999964 5.696000099 1.523000002 11.58399963 0.3549999893 39.39400101
17.07999992 3.415999889 5.604000092 1.644999981 11.72700024 0.6039999723 38.62099838
14.66899967 1.674000025 5.90899992 1.85800004 8.954999924 -1.065999985 39.11299896
14.93700027 2.545000076 5.604000092 1.85800004 8.847999573 0 41.43399811
11.11900043 1.541000009 3.289999962 1.309999943 7.888999939 -0.6399999857 41.92699814
12.39099979 1.60800004 3.625 1.309999943 8.706000328 -0.1420000046 38.19800186
14.2670002 2.27699995 4.172999859 1.371000051 9.593999863 -0.1420000046 38.05799866
14.2670002 1.875 4.751999855 1.371000051 9.593999863 -0.2840000093 38.3390007
15.60599995 0.80400002 5.117000103 1.279000044 9.772000313 -1.101999998 38.76100159
16.20899963 2.075999975 5.725999832 1.371000051 11.26500034 -0.3910000026 40.37900162
16.07500076 1.807999969 5.452000141 1.401000023 10.23400021 -0.6399999857 39.95700073
15.40499973 1.674000025 5.086999893 1.340000033 10.16300011 -0.5690000057 43.1230011
13.9989996 1.473999977 4.630000114 1.279000044 9.416999817 -0.3910000026 44.59999847
13.52999973 1.406999946 4.782000065 1.401000023 8.706000328 -0.7459999919 44.95199966
12.99400043 1.340000033 4.507999897 1.462000012 8.527999878 -0.6039999723 43.33399963
13.86499977 2.746000051 4.994999886 1.462000012 9.593999863 0.5329999924 41.92699814
18.95499992 3.415999889 7.097000122 1.552999973 11.76200008 0.6039999723 40.73099899
18.41900063 2.611999989 6.791999817 1.432000041 11.65499973 0.248999998 39.95700073
17.48200035 3.818000078 6.031000137 1.432000041 11.54899979 0.8880000114 39.32400131
17.41500092 3.415999889 5.421999931 1.309999943 12.43700027 1.56400001 38.83200073
17.2140007 4.152999878 5.056000233 1.309999943 12.57900047 1.812000036 39.67599869
15.00399971 3.148000002 4.538000107 1.187999964 10.66100025 0.8529999852 38.4090004
15.3380003 3.617000103 4.081999779 1.126999974 10.9090004 1.99000001 40.59000015
13.59700012 3.08100009 3.960000038 1.248999953 9.416999817 1.457000017 38.62099838
12.92700005 2.947000027 3.471999884 1.156999946 9.416999817 1.136999965 38.12799835
13.79800034 2.344000101 3.349999905 1.097000003 9.949999809 0.3199999928 38.4090004
11.31999969 2.611999989 3.411000013 1.371000051 7.923999786 0.4970000088 38.76100159
12.79300022 3.214999914 3.381000042 1.340000033 9.380999565 1.457000017 41.15299988
11.31999969 2.812999964 3.471999884 1.432000041 7.747000217 0.6750000119 42.77099991
13.12800026 3.415999889 3.77699995 1.340000033 9.416999817 1.243999958 41.08300018
14.53499985 2.947000027 4.386000156 1.432000041 9.487999916 0.8880000114 41.64500046
13.52999973 2.947000027 3.868000031 0.9750000238 9.949999809 1.136999965 41.08300018
15.80700016 2.880000114 5.300000191 1.371000051 10.19900036 0.5329999924 40.02700043
16.87899971 2.477999926 5.84800005 1.523000002 10.4119997 0.8529999852 40.87200165
15.60599995 2.545000076 5.604000092 1.401000023 10.30500031 0.6399999857 43.68500137
15.20400047 2.477999926 5.208000183 1.371000051 9.807999611 0.6750000119 46.00699997
14.60200024 3.148000002 5.117000103 1.552999973 9.522999763 0.8529999852 44.59999847
13.9989996 3.08100009 4.873000145 1.491999984 9.168000221 0.8169999719 44.10800171
13.06099987 2.210000038 4.568999767 1.371000051 8.493000031 0.3199999928 40.16799927
13.9989996 2.411000013 5.056000233 1.340000033 9.026000023 0.2129999995 37.84700012
19.15600014 1.674000025 7.34100008 1.644999981 11.83300018 -1.101999998 39.74599838
19.0890007 1.139000058 7.218999863 1.644999981 11.93999958 -1.527999997 39.32400131
20.29500008 2.947000027 6.610000134 1.552999973 14.49800014 0.1780000031 39.88700104
19.35700035 2.812999964 5.96999979 1.491999984 13.75199986 -0.07100000232 40.45000076
21.56800079 3.684000015 7.888999939 1.980000019 13.75199986 0.2129999995 40.87200165
21.03199959 3.684000015 7.40199995 1.797000051 13.75199986 0.425999999 41.01200104
19.55800056 2.545000076 6.974999905 1.888000011 12.82800007 -0.03599999845 40.52000046
19.02199936 2.075999975 6.395999908 1.70599997 11.90400028 0.1420000046 40.59000015
17.61599922 3.013999939 6.214000225 1.76699996 11.40699959 -0.3199999928 39.18299866
17.01300049 2.545000076 6.06099987 1.827999949 11.12199974 -0.3910000026 39.60499954
16.40999985 2.344000101 5.940000057 1.827999949 10.4119997 -0.248999998 39.18299866
16.47699928 4.421000004 5.879000187 1.980000019 10.4829998 1.101999998 41.36399841
14.60200024 4.085999966 3.806999922 1.552999973 10.27000046 0.8880000114 44.31900024
13.26200008 2.746000051 4.295000076 1.552999973 9.168000221 0.425999999 44.38899994
15.3380003 3.617000103 4.568999767 1.432000041 10.625 1.279000044 43.82600021
16.34300041 3.549999952 5.300000191 1.583999991 10.66100025 0.7820000052 45.23300171
17.28100014 3.282000065 5.664999962 1.401000023 10.94499969 0.8169999719 44.03699875
17.75 2.746000051 6.152999878 1.491999984 11.30000019 0.7820000052 43.68500137
17.2140007 3.549999952 5.940000057 1.491999984 11.37100029 0.6399999857 44.52999878
16.47699928 2.678999901 5.482999802 1.462000012 10.27000046 0.3910000026 44.88100052
15.00399971 2.880000114 5.026000023 1.401000023 9.984999657 0.7459999919 44.38899994
14.40100002 2.344000101 4.994999886 1.432000041 9.23900032 0.425999999 43.1230011
13.86499977 2.210000038 4.994999886 1.371000051 8.954999924 0.2840000093 40.80099869
11.11900043 2.009000063 1.888000011 0.7310000062 9.131999969 0.425999999 37.91699982
17.34799957 1.072000027 4.234000206 0.9750000238 12.89900017 -0.6750000119 35.59600067
17.54899979 0.201000005 4.538000107 1.065999985 12.97000027 -1.812000036 39.32400131
19.29000092 3.282000065 3.960000038 0.9440000057 15.70600033 0.6039999723 38.19800186
20.96500015 3.684000015 5.300000191 1.309999943 16.41699982 1.243999958 37.91699982
21.36700058 3.617000103 4.659999847 1.248999953 16.34600067 0.5329999924 38.26900101
21.36700058 3.617000103 4.659999847 1.248999953 16.34600067 0.5329999924 38.26900101
21.36700058 3.617000103 4.659999847 1.248999953 16.34600067 0.5329999924 38.26900101
21.36700058 3.617000103 4.659999847 1.248999953 16.34600067 0.5329999924 38.26900101
21.36700058 3.617000103 4.659999847 1.248999953 16.34600067 0.5329999924 38.26900101
21.36700058 3.617000103 4.659999847 1.248999953 16.34600067 0.5329999924 38.26900101
21.36700058 3.617000103 4.659999847 1.248999953 16.34600067 0.5329999924 38.26900101
21.36700058 3.617000103 4.659999847 1.248999953 16.34600067 0.5329999924 38.26900101
21.36700058 3.617000103 4.659999847 1.248999953 16.34600067 0.5329999924 38.26900101
21.36700058 3.617000103 4.659999847 1.248999953 16.34600067 0.5329999924 38.26900101
21.36700058 3.617000103 4.659999847 1.248999953 16.34600067 0.5329999924 38.26900101
21.36700058 3.617000103 4.659999847 1.248999953 16.34600067 0.5329999924 38.26900101
21.36700058 3.617000103 4.659999847 1.248999953 16.34600067 0.5329999924 38.26900101
21.36700058 3.617000103 4.659999847 1.248999953 16.34600067 0.5329999924 38.26900101
21.36700058 3.617000103 4.659999847 1.248999953 16.34600067 0.5329999924 38.26900101
21.36700058 3.617000103 4.659999847 1.248999953 16.34600067 0.5329999924 38.26900101
21.36700058 3.617000103 4.659999847 1.248999953 16.34600067 0.5329999924 38.26900101
21.36700058 3.617000103 4.659999847 1.248999953 16.34600067 0.5329999924 38.26900101
21.36700058 3.617000103 4.659999847 1.248999953 16.34600067 0.5329999924 38.26900101
21.36700058 3.617000103 4.659999847 1.248999953 16.34600067 0.5329999924 38.26900101
21.36700058 3.617000103 4.659999847 1.248999953 16.34600067 0.5329999924 38.26900101
21.36700058 3.617000103 4.659999847 1.248999953 16.34600067 0.5329999924 38.26900101
21.36700058 3.617000103 4.659999847 1.248999953 16.34600067 0.5329999924 38.26900101
21.36700058 3.617000103 4.659999847 1.248999953 16.34600067 0.5329999924 38.26900101
20.49600029 3.818000078 4.659999847 1.156999946 15.92000008 1.279000044 36.22900009
19.69199944 3.951999903 4.263999939 1.065999985 15.45800018 1.457000017 35.80699921
18.08499908 2.545000076 3.898999929 1.065999985 13.68099976 0.2840000093 35.80699921
18.21899986 2.812999964 3.77699995 1.218000054 14.71100044 0.7459999919 35.66600037
15.80700016 1.541000009 3.197999954 1.065999985 12.54399967 0.2840000093 34.18899918
16.07500076 2.477999926 3.075999975 0.9750000238 13.71700001 0.425999999 33.8370018
18.01799965 3.214999914 3.259000063 1.248999953 14.17800045 0.8169999719 33.8370018
15.94099998 5.157000065 3.107000113 1.248999953 12.72200012 2.664999962 34.75099945
14.53499985 3.750999928 3.471999884 1.401000023 10.66100025 1.172999978 35.45500183
11.98900032 2.142999887 3.197999954 1.218000054 8.102000237 0.4970000088 34.61100006
13.12800026 2.812999964 3.746000051 1.309999943 8.598999977 0.7110000253 34.75099945
13.39599991 2.746000051 4.386000156 1.248999953 8.847999573 0.3199999928 35.17399979
14.73600006 2.344000101 4.630000114 1.309999943 9.274999619 0.4620000124 34.8219986
15.60599995 2.812999964 5.208000183 1.279000044 10.05599976 0.6039999723 36.29899979
15.06999969 3.214999914 4.782000065 1.248999953 9.593999863 0.5690000057 36.93199921
13.73099995 2.142999887 4.386000156 1.248999953 9.487999916 0.248999998 38.12799835
12.72599983 2.27699995 4.234000206 1.248999953 8.493000031 0.3910000026 40.02700043
12.6590004 2.411000013 4.051000118 1.309999943 8.598999977 0.6039999723 39.11299896
10.71700001 1.473999977 4.051000118 1.279000044 6.610000134 -0.1780000031 38.4090004
11.98900032 1.674000025 4.172999859 1.279000044 7.853000164 0 37.56499863
18.01799965 1.273000002 6.395999908 1.462000012 11.72700024 -1.243999958 37.14300156
19.29000092 1.541000009 6.456999779 1.462000012 13.46800041 -1.031000018 35.31399918
18.5529995 1.674000025 5.544000149 1.371000051 13.11200047 -0.425999999 35.52500153
19.95999908 3.88499999 5.361000061 1.432000041 14.99600029 1.101999998 36.15800095
22.30400085 3.214999914 7.218999863 1.980000019 15.13799953 0.3549999893 35.66600037
20.83099937 3.684000015 6.671000004 1.70599997 14.35599995 0.7110000253 35.45500183
21.29999924 3.88499999 6.395999908 1.644999981 14.56900024 0.8169999719 35.9469986
19.29000092 4.956999779 6.214000225 1.76699996 13.36100006 1.99000001 36.08800125
19.0890007 5.022999763 5.725999832 1.613999963 13.46800041 2.381000042 35.59600067
18.41900063 5.157000065 5.664999962 1.735999942 12.97000027 2.131999969 34.9620018
16.61100006 4.354000092 5.725999832 1.76699996 11.05099964 1.279000044 34.18899918
16.07500076 4.554999828 4.903999805 1.70599997 11.22900009 2.273999929 34.89199829
13.26200008 4.21999979 3.289999962 1.552999973 10.19900036 2.203000069 36.08800125
12.6590004 2.411000013 3.441999912 1.371000051 9.168000221 0.425999999 36.50999832
13.4630003 3.214999914 4.386000156 1.523000002 9.380999565 0.9589999914 37.2140007
14.2670002 2.411000013 4.782000065 1.432000041 9.487999916 0.3199999928 38.97200012
14.80300045 2.411000013 4.873000145 1.309999943 9.843000412 0.5329999924 38.90200043
14.46800041 2.210000038 4.751999855 1.309999943 9.843000412 0.6039999723 39.53499985
12.05599976 1.473999977 4.172999859 1.340000033 7.994999886 -0.2129999995 38.97200012
11.18599987 2.545000076 3.71600008 1.371000051 7.390999794 0.2840000093 36.65100098
10.44900036 1.875 3.806999922 1.309999943 6.894000053 0.1780000031 36.43999863
10.98499966 2.210000038 3.563999891 1.248999953 6.894000053 0.3549999893 32.71099854
8.640000343 1.541000009 2.984999895 1.156999946 5.68599987 0.03599999845 33.55599976
9.51099968 0.80400002 3.167999983 0.8830000162 6.361000061 -0.3199999928 34.8219986
12.99400043 1.541000009 4.568999767 1.036000013 8.56400013 0 35.38499832
11.5880003 0.7369999886 4.142000198 1.126999974 7.355999947 -0.7820000052 32.71099854
12.6590004 2.009000063 3.625 1.036000013 8.635000229 0.4620000124 34.75099945
15.00399971 3.013999939 3.319999933 1.004999995 11.58399963 1.172999978 33.34400177
14.66899967 3.549999952 2.924000025 0.9440000057 11.97500038 1.598999977 31.09300041
13.79800034 3.148000002 2.740999937 0.9750000238 10.6960001 1.421000004 31.30400085
9.578000069 1.20599997 2.315000057 0.9750000238 7.284999847 0.3549999893 33.55599976
9.376999855 0.9380000234 2.131999969 0.7310000062 7.177999973 0 32.36000061
9.578000069 1.340000033 2.131999969 0.8220000267 7.568999767 0.1420000046 31.02300072
8.371999741 0.2680000067 2.223999977 0.7609999776 6.289999962 -0.9589999914 32.5
9.913000107 0.6700000167 2.650000095 0.8220000267 7.143000126 -0.5690000057 32.64099884
9.779000282 1.807999969 2.315000057 0.8220000267 7.427000046 0.248999998 31.79700089
6.631000042 0.5360000134 2.437000036 1.036000013 4.051000118 -1.136999965 30.38999939
6.96600008 1.20599997 2.772000074 1.097000003 4.65500021 -0.1420000046 30.45999908
4.622000217 -0.40200001 2.680000067 1.004999995 1.953999996 -2.096999884 28.49099922
3.013999939 1.004999995 2.954999924 0.9139999747 0 0 28.9829998
2.27699995 1.004999995 2.375999928 0.9139999747 0 0 30.88199997
2.411000013 0.9380000234 2.467000008 0.8529999852 0 0 32.5
2.545000076 0.9380000234 2.497999907 0.8830000162 0 0 31.93799973
2.27699995 0.9380000234 2.437000036 0.9440000057 0 -0.07100000232 31.93799973
5.357999802 2.344000101 2.375999928 0.8529999852 2.948999882 1.350000024 32.57099915
8.640000343 3.750999928 3.046000004 1.097000003 5.650000095 2.381000042 34.32899857
8.43900013 4.287000179 2.954999924 0.8830000162 5.366000175 2.559000015 33.06299973
8.171999931 3.348999977 2.618999958 0.7310000062 5.543000221 2.381000042 33.13299942
10.64999962 3.951999903 3.411000013 0.7609999776 7.249000072 2.700999975 32.36000061
9.243000031 3.148000002 2.954999924 0.7609999776 6.573999882 1.953999996 30.53100014
8.706999779 4.085999966 2.375999928 0.7310000062 6.183000088 2.700999975 31.44499969
8.572999954 4.956999779 2.467000008 0.8529999852 7.106999874 3.802000046 31.44499969
9.444000244 4.622000217 1.91900003 0.7009999752 6.928999901 2.736000061 31.86700058
9.041999817 4.68900013 2.163000107 0.7609999776 7.035999775 3.055999994 32.28900146
8.43900013 3.750999928 1.949000001 0.8220000267 6.361000061 3.411000013 32.07799911
8.23900032 4.354000092 1.980000019 0.8529999852 6.289999962 3.019999981 32.36000061
7.903999805 3.951999903 1.70599997 1.004999995 5.366000175 2.309999943 32.07799911
8.305999756 4.019000053 2.253999949 0.8529999852 5.756999969 2.309999943 30.95299911
8.774000168 4.287000179 2.650000095 0.8529999852 6.644999981 2.594000101 31.93799973
8.640000343 4.68900013 2.467000008 1.004999995 5.721000195 3.482000113 32.14899826
8.706999779 4.822999954 2.467000008 0.9440000057 6.040999889 3.588999987 32.07799911
9.109000206 4.21999979 2.223999977 0.9139999747 6.254000187 2.772000074 34.18899918
10.85099983 4.622000217 2.862999916 0.8830000162 7.960000038 3.197999954 35.73600006
8.907999992 4.21999979 3.594000101 1.126999974 5.614999771 2.061000109 35.03300095
8.23900032 3.48300004 2.710999966 1.004999995 5.650000095 2.239000082 33.8370018
8.104999542 3.750999928 2.315000057 0.8220000267 5.899000168 2.309999943 30.67099953
7.434999943 3.282000065 2.253999949 0.8830000162 5.578999996 2.486999989 31.23399925
8.104999542 3.951999903 2.405999899 0.9139999747 5.721000195 2.594000101 32.57099915
7.636000156 3.951999903 2.315000057 0.9440000057 5.046000004 2.736000061 34.75099945
8.305999756 3.951999903 2.559000015 0.9139999747 5.721000195 2.664999962 35.59600067
8.23900032 3.88499999 2.862999916 1.126999974 5.472000122 2.559000015 36.29899979
8.104999542 3.684000015 2.772000074 1.004999995 5.223999977 2.381000042 35.59600067
10.91800022 3.684000015 3.563999891 0.8830000162 7.461999893 2.345000029 33.06299973
9.979999542 3.951999903 3.349999905 1.004999995 6.538000107 2.345000029 32.64099884
10.7840004 4.085999966 2.832999945 0.9750000238 8.137999535 2.948999882 33.27399826
12.52499962 6.09499979 2.497999907 0.9440000057 10.8380003 4.300000191 32.43000031
13.79800034 6.027999878 2.131999969 0.8220000267 11.86900043 4.690999985 32.85200119
11.65499973 5.492000103 2.101999998 0.8220000267 9.630000114 3.76699996 33.69599915
13.86499977 6.09499979 2.040999889 0.8529999852 11.01599979 4.903999805 33.13299942
11.45400047 5.625999928 2.071000099 0.8529999852 9.843000412 3.980000019 33.76699829
13.39599991 6.027999878 2.00999999 0.8529999852 10.8739996 4.300000191 34.18899918
12.12300014 5.625999928 2.223999977 0.8529999852 9.737000465 3.980000019 33.48500061
14.2670002 6.027999878 2.437000036 0.7609999776 12.11699963 4.441999912 33.69599915
13.4630003 6.96600008 2.618999958 1.156999946 11.19400024 4.833000183 35.8769989
10.85099983 5.894000053 2.650000095 1.340000033 8.208999634 4.263999939 35.66600037
9.979999542 5.157000065 2.954999924 1.523000002 7.249000072 3.375999928 34.11800003
11.11900043 4.756000042 3.319999933 1.401000023 7.427000046 3.197999954 34.04800034
10.98499966 5.223999977 3.441999912 1.371000051 7.214000225 3.411000013 35.24399948
8.23900032 3.818000078 2.772000074 1.036000013 5.791999817 2.630000114 35.59600067
9.041999817 4.487999916 2.862999916 1.004999995 6.324999809 2.273999929 34.11800003
8.907999992 4.554999828 2.437000036 1.036000013 6.254000187 2.842999935 33.55599976
9.041999817 3.818000078 2.315000057 1.065999985 6.005000114 2.203000069 35.38499832
8.43900013 4.019000053 2.588999987 1.097000003 5.791999817 2.630000114 35.80699921
9.243000031 4.085999966 3.046000004 1.279000044 6.040999889 2.842999935 34.54000092
8.23900032 3.750999928 2.802000046 1.248999953 5.436999798 2.772000074 34.18899918
8.038000107 3.415999889 2.588999987 0.8529999852 5.401000023 2.239000082 34.32899857
10.51599979 3.549999952 3.229000092 0.7919999957 7.214000225 2.381000042 33.20399857
9.376999855 3.617000103 2.924000025 0.8220000267 6.43200016 2.451999903 33.27399826
11.25300026 5.157000065 2.710999966 0.9139999747 8.38599968 3.660000086 32.64099884
12.52499962 5.559000015 2.437000036 1.156999946 9.593999863 3.411000013 33.20399857
14.60200024 5.760000229 4.873000145 1.491999984 9.31000042 3.588999987 32.85200119
13.4630003 6.362999916 4.477000237 1.432000041 9.593999863 3.90899992 32.99300003
13.39599991 5.960999966 4.203000069 1.371000051 9.87899971 4.19299984 32.36000061
13.06099987 5.894000053 4.234000206 1.340000033 9.026000023 3.838000059 33.8370018
13.12800026 6.296000004 4.234000206 1.491999984 8.989999771 3.447000027 33.9070015
13.93200016 6.296000004 4.507999897 1.401000023 9.416999817 3.411000013 33.62599945
13.79800034 6.229000092 4.873000145 1.340000033 9.23900032 3.233999968 33.48500061
12.52499962 6.027999878 4.659999847 1.552999973 7.461999893 3.197999954 34.18899918
9.243000031 5.492000103 2.467000008 1.036000013 6.751999855 3.233999968 37.77600098
9.711999893 5.357999802 2.467000008 1.065999985 7.320000172 3.305000067 38.3390007
11.38700008 4.756000042 3.015000105 1.065999985 7.676000118 3.233999968 38.62099838
11.5880003 4.822999954 3.289999962 1.036000013 7.568999767 3.055999994 39.32400131
10.04699993 4.487999916 2.924000025 1.036000013 6.822999954 3.055999994 37.63600159
10.11400032 4.622000217 3.167999983 0.9750000238 7.604000092 2.700999975 39.53499985
9.913000107 4.085999966 2.894000053 1.036000013 7.461999893 2.664999962 40.23799896
9.645000458 4.554999828 3.167999983 1.156999946 7.071000099 2.984999895 38.54999924
9.779000282 4.68900013 3.229000092 1.156999946 6.681000233 3.019999981 38.90200043
10.04699993 4.554999828 3.289999962 1.218000054 6.751999855 2.772000074 38.47999954
9.645000458 4.421000004 3.107000113 1.126999974 6.502999783 2.806999922 37.63600159
9.913000107 3.88499999 3.289999962 1.126999974 6.538000107 2.381000042 36.86199951
13.86499977 4.554999828 4.690999985 1.065999985 9.23900032 2.664999962 35.03300095
12.32400036 4.287000179 4.051000118 1.097000003 8.279999733 2.345000029 34.61100006
12.25699997 4.956999779 3.381000042 1.004999995 8.883999825 3.055999994 34.18899918
12.05599976 5.357999802 3.167999983 1.065999985 9.026000023 3.696000099 33.8370018
11.98900032 5.559000015 2.772000074 0.9440000057 9.345999718 3.625 33.69599915
11.38700008 5.357999802 2.497999907 0.8529999852 9.204000473 3.625 34.47000122
10.85099983 5.492000103 2.223999977 0.8529999852 9.026000023 3.944000006 34.18899918
9.243000031 5.090000153 2.163000107 0.8220000267 7.143000126 3.339999914 34.47000122
9.645000458 4.889999866 2.101999998 1.156999946 7.071000099 3.375999928 33.13299942
9.175999641 4.287000179 2.345000029 0.8220000267 7.035999775 3.305000067 33.41500092
10.44900036 5.223999977 2.253999949 0.6700000167 8.706000328 3.625 32.99300003
10.98499966 5.625999928 2.28399992 0.8529999852 8.670999527 3.980000019 33.13299942
8.305999756 5.357999802 2.223999977 0.9139999747 6.610000134 4.086999893 34.04800034
9.913000107 4.756000042 2.894000053 1.187999964 7.143000126 3.482000113 35.24399948
11.05200005 5.022999763 3.137000084 1.126999974 7.710999966 3.092000008 34.04800034
11.45400047 5.492000103 3.686000109 1.097000003 7.81799984 3.019999981 34.25899887
11.05200005 4.152999878 3.503000021 1.156999946 7.106999874 2.948999882 35.31399918
11.98900032 5.022999763 3.838000059 1.065999985 7.888999939 3.447000027 34.8219986
11.72099972 5.090000153 3.77699995 1.218000054 8.173000336 3.163000107 35.8769989
11.92199993 5.492000103 3.532999992 1.218000054 8.244000435 3.305000067 36.50999832
10.64999962 4.756000042 3.381000042 1.156999946 6.822999954 3.197999954 36.86199951
10.91800022 4.622000217 3.898999929 1.248999953 7.177999973 3.092000008 37.2140007
9.979999542 4.487999916 3.71600008 1.065999985 6.502999783 2.806999922 36.36899948
10.7840004 4.085999966 3.71600008 1.036000013 7.071000099 2.559000015 36.72100067
15.40499973 5.223999977 5.390999794 1.309999943 10.12699986 3.339999914 34.18899918
14.2670002 5.090000153 4.903999805 1.187999964 9.274999619 3.411000013 34.89199829
13.19499969 5.69299984 4.142000198 1.156999946 9.168000221 3.625 34.18899918
14.86999989 6.229000092 3.563999891 1.036000013 11.33600044 4.229000092 34.11800003
15.47200012 4.822999954 3.197999954 1.004999995 12.04599953 3.305000067 33.55599976
14.40100002 6.631000042 2.984999895 1.036000013 11.72700024 4.690999985 33.69599915
12.6590004 6.162000179 2.740999937 1.004999995 10.4829998 4.157999992 33.48500061
12.59200001 5.960999966 2.528000116 0.9440000057 9.913999557 4.051000118 33.27399826
12.72599983 6.229000092 2.497999907 0.9139999747 10.05599976 4.122000217 33.13299942
13.39599991 5.559000015 2.497999907 0.8529999852 10.58899975 4.725999832 32.64099884
13.26200008 5.894000053 2.710999966 1.036000013 10.4829998 4.513000011 31.93799973
11.65499973 5.827000141 2.984999895 1.248999953 9.204000473 4.086999893 33.41500092
10.24800014 5.223999977 2.680000067 1.126999974 7.143000126 3.233999968 33.20399857
9.645000458 4.622000217 2.862999916 1.156999946 6.502999783 3.019999981 32.99300003
11.92199993 5.625999928 3.503000021 1.309999943 7.747000217 3.305000067 34.04800034
12.12300014 5.559000015 3.654999971 1.218000054 8.173000336 3.588999987 34.54000092
11.45400047 4.554999828 3.503000021 1.218000054 8.137999535 2.878000021 33.76699829
12.18999958 4.354000092 3.625 1.065999985 7.853000164 2.700999975 33.97800064
11.78800011 5.492000103 3.503000021 1.218000054 8.279999733 3.411000013 35.31399918
12.05599976 5.625999928 3.654999971 1.156999946 8.38599968 3.482000113 35.80699921
11.31999969 5.492000103 3.686000109 1.218000054 7.747000217 3.802000046 38.19800186
11.18599987 5.357999802 3.654999971 1.309999943 7.498000145 3.339999914 36.43999863
10.31499958 4.756000042 3.625 1.309999943 6.71600008 2.984999895 36.86199951
11.45400047 4.622000217 3.838000059 1.126999974 7.604000092 2.914000034 36.50999832
16.6779995 3.951999903 5.725999832 1.552999973 10.80300045 1.598999977 35.59600067
17.01300049 5.625999928 5.300000191 1.309999943 11.76200008 3.197999954 35.10300064
18.21899986 5.559000015 4.568999767 1.248999953 13.71700001 3.127000093 34.89199829
17.81699944 5.090000153 4.081999779 1.218000054 13.36100006 2.984999895 34.25899887
20.62999916 6.296000004 6.183000088 1.735999942 14.28499985 3.305000067 33.13299942
19.55800056 5.760000229 5.664999962 1.674999952 13.50300026 3.019999981 33.8370018
19.22299957 5.827000141 5.300000191 1.613999963 13.57400036 3.019999981 33.55599976
17.95100021 8.23900032 5.300000191 1.613999963 12.43700027 4.762000084 33.41500092
17.81699944 7.434999943 5.026000023 1.613999963 12.26000023 4.833000183 32.71099854
18.01799965 8.038000107 4.934000015 1.523000002 12.40200043 4.65500021 32.21900177
18.88800049 6.362999916 5.513000011 1.735999942 12.86400032 3.552999973 33.06299973
18.21899986 6.429999828 5.361000061 1.827999949 12.26000023 3.127000093 34.54000092
13.4630003 5.223999977 3.197999954 1.371000051 10.66100025 3.447000027 33.34400177
11.38700008 5.223999977 2.894000053 1.340000033 8.031000137 3.375999928 34.04800034
12.52499962 6.027999878 3.471999884 1.401000023 8.670999527 4.051000118 33.48500061
11.92199993 5.827000141 3.838000059 1.340000033 8.208999634 2.984999895 33.34400177
12.12300014 5.223999977 3.71600008 1.218000054 8.031000137 3.163000107 33.13299942
12.92700005 4.956999779 4.081999779 1.279000044 8.244000435 3.092000008 34.18899918
12.12300014 5.559000015 4.051000118 1.371000051 8.350999832 3.588999987 35.59600067
11.45400047 5.559000015 3.441999912 1.279000044 7.853000164 3.055999994 35.59600067
11.25300026 5.357999802 3.532999992 1.279000044 7.568999767 3.375999928 36.58000183
10.91800022 5.157000065 3.381000042 1.340000033 7.568999767 3.375999928 35.80699921
10.11400032 4.554999828 3.471999884 1.248999953 6.822999954 2.878000021 36.22900009
10.31499958 4.354000092 3.532999992 1.126999974 6.787000179 2.772000074 34.89199829
14.06599998 4.554999828 5.056000233 1.218000054 9.097000122 2.700999975 31.51499939
14.13300037 5.022999763 4.477000237 1.097000003 10.66100025 3.411000013 32.14899826
15.8739996 6.09499979 3.928999901 1.065999985 11.69099998 4.370999813 32.07799911
15.3380003 6.09499979 3.654999971 1.097000003 11.30000019 3.90899992 32.14899826
17.88400078 7.703000069 3.289999962 1.065999985 14.03600025 4.903999805 31.23399925
16.54400063 6.497000217 2.832999945 0.9139999747 13.07699966 4.762000084 31.375
16.40999985 6.56400013 2.710999966 0.9440000057 13.21899986 5.258999825 31.44499969
14.80300045 7.032999992 2.618999958 1.004999995 12.72200012 4.974999905 31.30400085
14.66899967 6.831999779 2.559000015 0.9750000238 12.01099968 4.65500021 30.31999969
14.93700027 6.429999828 2.802000046 1.004999995 12.57900047 4.833000183 31.375
16.94599915 6.497000217 3.015000105 1.065999985 13.00599957 4.93900013 30.95299911
15.53899956 7.636000156 2.924000025 1.248999953 12.93500042 5.329999924 31.02300072
14.19999981 7.099999905 3.319999933 1.340000033 10.66100025 4.796999931 32.5
11.65499973 3.684000015 3.563999891 1.462000012 8.244000435 1.70599997 32.36000061
11.72099972 5.022999763 4.020999908 1.432000041 7.994999886 3.269000053 32.92200089
12.6590004 5.223999977 4.142000198 1.462000012 8.065999985 3.127000093 33.34400177
11.72099972 4.554999828 4.081999779 1.432000041 7.888999939 2.914000034 33.34400177
13.39599991 5.357999802 4.324999809 1.371000051 8.208999634 2.842999935 33.8370018
13.06099987 5.69299984 4.142000198 1.309999943 8.56400013 3.872999907 34.75099945
12.25699997 4.956999779 3.868000031 1.279000044 8.279999733 3.127000093 35.59600067
11.92199993 5.625999928 3.868000031 1.523000002 7.853000164 3.552999973 35.10300064
11.5880003 5.492000103 3.99000001 1.552999973 7.710999966 3.802000046 33.55599976
10.7840004 4.889999866 3.99000001 1.432000041 6.894000053 2.878000021 32.43000031
11.85499954 4.487999916 4.203000069 1.218000054 7.747000217 2.700999975 31.72599983
17.01300049 3.818000078 6.122000217 1.340000033 10.9090004 1.56400001 31.16399956
15.80700016 4.287000179 5.544000149 1.309999943 10.3760004 1.812000036 30.38999939
15.3380003 4.354000092 4.598999977 1.097000003 10.7670002 2.167999983 30.10899925
15.20400047 4.956999779 4.598999977 1.340000033 10.02099991 2.239000082 29.68600082
16.54400063 7.234000206 6.518000126 1.797000051 10.16300011 4.300000191 29.33499908
14.66899967 6.362999916 6.031000137 1.644999981 8.989999771 4.157999992 29.40500069
14.86999989 6.56400013 5.81799984 1.70599997 8.38599968 4.370999813 29.61599922
14.93700027 6.96600008 5.664999962 1.797000051 8.954999924 4.690999985 29.12400055
14.46800041 7.301000118 5.513000011 1.76699996 8.350999832 4.300000191 28.77199936
13.06099987 6.631000042 5.421999931 1.583999991 7.853000164 3.872999907 28.49099922
14.60200024 5.960999966 5.482999802 1.735999942 8.812999725 4.122000217 28.35000038
10.04699993 5.357999802 3.167999983 1.432000041 6.894000053 3.838000059 29.33499908
11.25300026 6.229000092 3.289999962 1.491999984 7.782000065 3.696000099 29.47500038
11.38700008 5.157000065 3.532999992 1.432000041 8.031000137 3.517999887 30.17900085
12.72599983 5.960999966 3.99000001 1.462000012 8.635000229 3.305000067 31.375
13.86499977 4.019000053 4.538000107 1.401000023 8.883999825 1.953999996 31.44499969
13.73099995 4.956999779 4.538000107 1.340000033 8.847999573 3.339999914 31.375
14.73600006 5.69299984 5.208000183 1.462000012 9.31000042 2.878000021 32.14899826
14.53499985 6.09499979 4.751999855 1.401000023 9.097000122 3.269000053 32.99300003
13.26200008 5.425000191 4.507999897 1.432000041 9.06099987 3.197999954 34.40000153
12.45800018 5.492000103 4.172999859 1.279000044 8.38599968 3.76699996 35.38499832
11.45400047 5.022999763 4.263999939 1.462000012 7.284999847 3.019999981 35.31399918
6.631000042 2.210000038 4.111999989 1.371000051 2.486999989 0.6750000119 33.48500061
10.24800014 3.617000103 4.111999989 1.097000003 6.183000088 2.061000109 32.07799911
17.48200035 4.085999966 6.06099987 1.432000041 11.30000019 2.061000109 30.74200058
17.14699936 4.487999916 5.756999969 1.340000033 11.05099964 2.096999884 30.24900055
17.95100021 5.625999928 5.177999973 1.340000033 13.04100037 2.984999895 30.60099983
17.48200035 6.162000179 4.690999985 1.432000041 12.97000027 3.980000019 30.17900085
18.15200043 5.357999802 4.203000069 1.279000044 13.82299995 3.482000113 30.53100014
16.94599915 6.027999878 3.928999901 1.218000054 13.18299961 3.233999968 30.03800011
16.61100006 5.760000229 3.503000021 1.097000003 13.32600021 3.269000053 29.61599922
15.40499973 6.831999779 2.954999924 1.065999985 12.36600018 4.796999931 28.9829998
14.73600006 7.099999905 2.984999895 1.065999985 11.90400028 4.93900013 28.77199936
13.66399956 5.960999966 2.772000074 0.9440000057 10.44699955 3.90899992 28.27899933
12.99400043 5.894000053 2.772000074 1.004999995 10.3409996 3.90899992 27.85700035
13.06099987 6.229000092 2.954999924 1.218000054 10.12699986 4.19299984 29.82699966
12.92700005 6.697999954 3.197999954 1.491999984 9.487999916 3.90899992 29.89699936
11.72099972 5.69299984 3.441999912 1.583999991 8.065999985 5.117000103 30.53100014
13.59700012 6.027999878 3.928999901 1.552999973 8.989999771 3.76699996 30.53100014
13.66399956 6.296000004 4.263999939 1.371000051 9.097000122 3.375999928 31.02300072
13.52999973 5.357999802 4.447000027 1.371000051 9.131999969 3.092000008 31.02300072
14.60200024 5.559000015 4.813000202 1.309999943 9.772000313 3.447000027 31.79700089
14.19999981 5.625999928 4.477000237 1.340000033 9.131999969 3.019999981 33.8370018
13.9989996 4.956999779 4.081999779 1.309999943 8.989999771 3.163000107 33.41500092
12.6590004 4.889999866 4.020999908 1.371000051 8.635000229 2.948999882 35.38499832
12.85999966 5.090000153 4.203000069 1.432000041 8.421999931 2.948999882 34.40000153
11.72099972 5.090000153 4.203000069 1.491999984 7.461999893 3.055999994 33.76699829
12.39099979 4.889999866 4.324999809 1.279000044 8.065999985 3.055999994 31.93799973
18.01799965 4.085999966 6.395999908 1.401000023 11.65499973 1.77699995 31.58600044
17.81699944 3.549999952 6.275000095 1.462000012 11.19400024 0.8529999852 31.375
21.43400002 6.96600008 5.635000229 1.309999943 15.63500023 4.441999912 31.51499939
19.89299965 5.827000141 5.056000233 1.309999943 14.67599964 3.233999968 31.23399925
20.96500015 5.960999966 6.578999996 1.674999952 14.67599964 3.127000093 31.51499939
20.76399994 6.56400013 6.366000175 1.644999981 14.21399975 3.055999994 30.74200058
18.21899986 4.68900013 5.879000187 1.552999973 12.33100033 2.203000069 30.74200058
18.62000084 6.09499979 5.787000179 1.613999963 13.11200047 3.305000067 30.60099983
18.88800049 5.492000103 5.635000229 1.85800004 12.82800007 2.700999975 29.96800041
16.40999985 5.022999763 5.361000061 1.613999963 11.33600044 2.594000101 29.54599953
15.47200012 4.152999878 5.664999962 1.70599997 9.701000214 1.598999977 29.19400024
15.40499973 5.559000015 5.573999882 1.949000001 9.666000366 2.415999889 30.67099953
14.19999981 5.223999977 3.259000063 1.552999973 10.51799965 2.914000034 30.81200027
12.18999958 4.085999966 3.686000109 1.523000002 8.38599968 4.086999893 31.23399925
13.86499977 6.229000092 4.234000206 1.371000051 9.131999969 3.980000019 32.64099884
14.73600006 6.229000092 4.873000145 1.401000023 9.274999619 3.625 32.43000031
14.73600006 5.827000141 4.751999855 1.279000044 9.737000465 3.802000046 32.28900146
15.13700008 5.894000053 5.269000053 1.432000041 10.19900036 3.838000059 33.34400177
15.27099991 6.162000179 5.177999973 1.552999973 9.913999557 3.517999887 34.89199829
14.93700027 5.492000103 4.690999985 1.371000051 9.559000015 3.197999954 35.80699921
13.19499969 5.290999889 4.447000027 1.218000054 8.777000427 3.233999968 36.65100098
13.06099987 5.357999802 4.416999817 1.340000033 8.741999626 3.305000067 36.79100037
12.79300022 5.090000153 4.598999977 1.491999984 8.279999733 3.339999914 35.45500183
13.86499977 5.69299984 4.965000153 1.340000033 9.416999817 3.552999973 33.76699829
19.89299965 6.96600008 7.188000202 1.644999981 12.61499977 4.086999893 33.06299973
18.95499992 7.434999943 6.945000172 1.583999991 11.97500038 4.263999939 32.64099884
19.35700035 5.223999977 6 1.491999984 12.93500042 2.239000082 32.5
18.08499908 4.21999979 5.604000092 1.462000012 12.50800037 2.451999903 32.28900146
18.01799965 5.827000141 4.721000195 1.187999964 13.53899956 2.948999882 31.93799973
19.15600014 5.960999966 4.324999809 1.187999964 14.92500019 3.696000099 31.72599983
17.54899979 5.827000141 4.142000198 1.218000054 13.32600021 3.163000107 30.88199997
16.00799942 7.434999943 3.746000051 1.156999946 12.04599953 5.578999996 30.38999939
14.93700027 6.362999916 3.471999884 1.371000051 11.65499973 4.441999912 30.17900085
14.06599998 5.559000015 3.471999884 1.156999946 10.6960001 3.588999987 29.61599922
13.73099995 6.162000179 3.289999962 1.097000003 10.16300011 4.157999992 28.91300011
13.9989996 7.099999905 3.137000084 1.309999943 10.09200001 4.335000038 30.67099953
10.64999962 6.497000217 3.532999992 1.552999973 7.604000092 3.838000059 30.95299911
11.98900032 6.229000092 3.654999971 1.523000002 8.065999985 3.872999907 31.16399956
13.73099995 4.487999916 4.416999817 1.552999973 9.168000221 1.883000016 32.00799942
14.46800041 4.152999878 4.965000153 1.491999984 9.701000214 1.812000036 32.57099915
14.86999989 4.019000053 5.329999924 1.70599997 10.02099991 1.70599997 32.43000031
16.47699928 4.152999878 5.696000099 1.523000002 10.44699955 1.491999984 33.34400177
16.07500076 4.554999828 5.177999973 1.371000051 10.30500031 1.56400001 34.75099945
15.27099991 4.487999916 4.782000065 1.371000051 9.737000465 1.56400001 35.8769989
14.06599998 5.357999802 4.751999855 1.644999981 9.274999619 3.127000093 37.00299835
13.59700012 5.894000053 4.690999985 1.432000041 8.847999573 3.872999907 36.36899948
12.52499962 5.090000153 4.263999939 1.187999964 8.244000435 3.233999968 35.45500183
13.66399956 5.492000103 4.630000114 1.340000033 8.989999771 3.482000113 33.06299973
19.0890007 4.756000042 6.914000034 1.523000002 12.15299988 1.84800005 32.64099884
18.35300064 4.085999966 6.671000004 1.491999984 11.72700024 1.56400001 32.7820015
17.28100014 5.022999763 6.092000008 1.462000012 11.51299953 2.345000029 32.21900177
16.40999985 4.622000217 5.361000061 1.371000051 11.12199974 2.273999929 31.86700058
19.55800056 6.162000179 7.28000021 1.91900003 12.40200043 2.772000074 31.86700058
17.54899979 5.894000053 6.671000004 1.76699996 11.19400024 2.806999922 31.16399956
16.61100006 6.96600008 6.214000225 1.76699996 10.27000046 4.406000137 31.02300072
15.67300034 7.099999905 5.725999832 1.674999952 9.913999557 4.300000191 30.38999939
14.80300045 6.296000004 5.90899992 1.76699996 8.38599968 3.76699996 30.03800011
16.07500076 6.96600008 5.84800005 1.76699996 9.559000015 4.300000191 29.82699966
15.94099998 7.166999817 5.90899992 1.797000051 9.593999863 3.76699996 29.19400024
15.13700008 7.769999981 5.84800005 2.131999969 8.954999924 4.300000191 30.74200058
11.25300026 6.56400013 3.503000021 1.462000012 7.923999786 3.872999907 30.81200027
11.92199993 6.697999954 3.411000013 1.371000051 8.527999878 3.944000006 31.375
14.2670002 6.764999866 4.386000156 1.371000051 9.204000473 3.802000046 32.64099884
14.66899967 6.56400013 4.721000195 1.309999943 9.451999664 3.980000019 32.57099915
15.13700008 5.625999928 4.994999886 1.432000041 9.843000412 3.872999907 32.43000031
16.27599907 4.487999916 5.269000053 1.432000041 11.15799999 1.99000001 33.34400177
16.27599907 4.019000053 4.994999886 1.401000023 11.22900009 2.309999943 35.38499832
15.40499973 4.085999966 4.965000153 1.491999984 10.05599976 1.491999984 35.8769989
14.13300037 4.487999916 4.507999897 1.674999952 9.666000366 2.131999969 36.15800095
13.59700012 5.894000053 4.477000237 1.401000023 9.168000221 3.838000059 36.93199921
12.72599983 5.425000191 4.447000027 1.401000023 8.244000435 3.375999928 34.9620018
14.33399963 5.625999928 4.994999886 1.371000051 9.204000473 3.375999928 33.13299942
19.29000092 4.487999916 7.006000042 1.491999984 12.43700027 2.131999969 31.86700058
18.88800049 4.152999878 6.395999908 1.371000051 12.47299957 2.025000095 31.86700058
20.22800064 6.09499979 5.604000092 1.340000033 14.3210001 3.552999973 32.43000031
18.95499992 5.827000141 5.300000191 1.401000023 14.21399975 3.092000008 32.5
20.09399986 5.157000065 4.934000015 1.371000051 14.4630003 3.233999968 31.72599983
17.34799957 5.425000191 4.234000206 1.156999946 13.36100006 3.127000093 31.16399956
17.28100014 6.697999954 3.746000051 1.126999974 13.25500011 4.762000084 31.09300041
15.40499973 4.756000042 3.686000109 1.097000003 12.04599953 2.415999889 30.67099953
16.40999985 5.157000065 3.319999933 1.065999985 12.57900047 3.197999954 30.67099953
14.33399963 5.625999928 3.229000092 1.065999985 11.15799999 4.122000217 29.89699936
11.38700008 5.492000103 3.289999962 1.097000003 8.173000336 3.233999968 29.82699966
10.44900036 4.956999779 3.046000004 1.309999943 7.604000092 2.984999895 30.45999908
8.774000168 4.354000092 3.319999933 1.279000044 5.507999897 2.842999935 30.88199997
10.31499958 4.889999866 3.625 1.309999943 6.538000107 2.772000074 30.88199997
12.05599976 4.822999954 4.142000198 1.552999973 7.390999794 2.664999962 31.72599983
12.99400043 5.625999928 4.598999977 1.491999984 7.639999866 2.914000034 31.86700058
13.06099987 5.357999802 4.903999805 1.432000041 8.031000137 2.523000002 32.36000061
14.66899967 5.223999977 5.725999832 1.552999973 8.421999931 2.736000061 33.34400177
13.59700012 4.889999866 5.361000061 1.552999973 8.208999634 2.664999962 35.03300095
13.12800026 5.157000065 4.903999805 1.340000033 7.532999992 2.381000042 35.45500183
11.85499954 4.287000179 4.477000237 1.462000012 7.390999794 2.203000069 36.36899948
11.25300026 3.818000078 4.477000237 1.340000033 6.751999855 1.953999996 36.36899948
10.91800022 3.750999928 4.447000027 1.552999973 6.467000008 1.953999996 34.54000092
11.92199993 3.88499999 4.934000015 1.309999943 7 2.025000095 33.06299973
16.40999985 5.357999802 7.40199995 1.491999984 9.451999664 2.309999943 31.86700058
18.35300064 4.019000053 6.518000126 1.674999952 11.86900043 1.207999945 32.28900146
18.82099915 5.559000015 5.879000187 1.401000023 12.57900047 2.061000109 31.375
18.35300064 5.425000191 5.329999924 1.279000044 13.36100006 2.486999989 31.16399956
18.01799965 5.827000141 4.630000114 1.218000054 13.75199986 2.984999895 30.53100014
18.15200043 5.357999802 4.386000156 1.218000054 13.36100006 3.305000067 29.89699936
17.07999992 4.68900013 3.868000031 1.156999946 13.32600021 2.984999895 29.47500038
14.06599998 6.296000004 3.503000021 1.065999985 11.15799999 4.051000118 29.12400055
14.19999981 5.960999966 3.107000113 1.340000033 11.33600044 4.263999939 28.42000008
12.32400036 4.554999828 3.107000113 1.126999974 9.026000023 2.914000034 28.56100082
12.92700005 5.157000065 3.319999933 1.218000054 9.06099987 3.092000008 28.35000038
10.11400032 4.68900013 2.253999949 0.8529999852 8.38599968 3.588999987 29.40500069
10.18099976 5.827000141 2.862999916 1.248999953 7.214000225 3.233999968 29.96800041
12.05599976 5.960999966 3.441999912 1.432000041 8.244000435 3.625 30.31999969
14.06599998 6.56400013 4.172999859 1.491999984 9.807999611 4.014999866 31.16399956
14.40100002 6.429999828 4.538000107 1.371000051 9.913999557 4.19299984 31.23399925
15.00399971 5.960999966 4.598999977 1.613999963 9.772000313 3.660000086 32.5
16.54400063 5.894000053 5.421999931 1.613999963 11.19400024 3.838000059 32.64099884
16.00799942 6.697999954 5.329999924 1.644999981 10.5539999 3.944000006 34.25899887
15.20400047 6.229000092 4.934000015 1.644999981 10.02099991 4.051000118 34.40000153
13.73099995 5.492000103 4.598999977 1.552999973 8.883999825 3.127000093 35.52500153
13.32900047 5.157000065 4.295000076 1.523000002 8.883999825 3.305000067 35.73600006
12.59200001 5.090000153 4.263999939 1.491999984 8.244000435 3.055999994 34.54000092
13.52999973 4.68900013 4.659999847 1.340000033 8.777000427 2.594000101 32.99300003
18.62000084 5.69299984 7.006000042 1.491999984 11.61999989 2.984999895 32.7820015
17.95100021 5.827000141 6.730999947 1.735999942 11.30000019 3.055999994 32.21900177
17.61599922 6.631000042 5.940000057 1.552999973 11.76200008 4.335000038 31.375
17.88400078 5.960999966 5.300000191 1.401000023 12.72200012 3.588999987 31.16399956
20.89800072 6.96600008 7.218999863 1.888000011 12.61499977 2.878000021 30.53100014
19.0890007 8.171999931 6.762000084 1.91900003 11.72700024 4.690999985 30.17900085
16.47699928 6.764999866 6.335000038 1.76699996 10.05599976 4.19299984 30.17900085
16.54400063 7.099999905 5.96999979 1.76699996 10.4119997 4.335000038 29.75699997
14.66899967 6.162000179 5.604000092 1.76699996 8.989999771 3.375999928 29.33499908
16.07500076 6.96600008 5.635000229 1.797000051 10.3760004 4.65500021 28.91300011
15.20400047 7.234000206 5.940000057 1.91900003 9.772000313 4.014999866 28.42000008
14.46800041 7.032999992 5.84800005 1.949000001 7.994999886 3.838000059 29.75699997
11.38700008 6.09499979 3.503000021 1.552999973 8.777000427 4.335000038 30.38999939
12.59200001 6.631000042 3.503000021 1.523000002 8.812999725 4.014999866 30.60099983
14.06599998 5.827000141 4.538000107 1.462000012 9.31000042 3.76699996 31.93799973
14.66899967 5.894000053 4.721000195 1.552999973 9.380999565 3.872999907 33.06299973
15.40499973 6.027999878 5.238999844 1.491999984 9.807999611 3.019999981 33.48500061
16.20899963 5.894000053 5.90899992 1.644999981 10.51799965 3.163000107 34.47000122
15.53899956 5.760000229 5.390999794 1.523000002 10.3760004 3.411000013 36.08800125
15.53899956 6.56400013 5.329999924 1.552999973 10.02099991 3.552999973 36.58000183
14.19999981 5.559000015 5.086999893 1.583999991 9.380999565 3.339999914 38.4090004
14.2670002 5.625999928 5.026000023 1.613999963 9.274999619 3.447000027 37.91699982
13.12800026 5.357999802 4.751999855 1.613999963 8.350999832 3.019999981 35.59600067
14.13300037 4.487999916 5.086999893 1.371000051 9.026000023 2.345000029 35.45500183
19.82600021 4.421000004 7.370999813 1.76699996 12.47299957 1.527999997 33.9070015
18.75399971 4.68900013 6.822999954 1.552999973 12.11699963 1.953999996 33.8370018
22.17000008 6.631000042 6 1.491999984 16.06200027 3.588999987 34.04800034
21.03199959 6.497000217 5.725999832 1.401000023 15.45800018 3.127000093 32.64099884
21.16600037 6.631000042 4.934000015 1.340000033 16.06200027 3.980000019 33.27399826
19.15600014 6.09499979 4.659999847 1.248999953 14.35599995 3.233999968 32.99300003
19.55800056 5.960999966 4.386000156 1.309999943 14.99600029 3.660000086 32.71099854
17.95100021 6.362999916 4.172999859 1.279000044 13.82299995 3.269000053 32.5
17.75 6.162000179 3.71600008 1.218000054 14.0010004 3.660000086 32.21900177
16.47699928 5.625999928 3.746000051 1.248999953 13.25500011 2.842999935 31.58600044
16.00799942 5.157000065 3.838000059 1.309999943 12.50800037 2.415999889 32.21900177
16.1420002 7.769999981 3.654999971 1.552999973 12.04599953 5.223999977 33.20399857
14.93700027 5.69299984 3.746000051 1.583999991 11.19400024 3.055999994 35.31399918
15.47200012 5.223999977 4.081999779 1.613999963 11.05099964 2.664999962 35.03300095
14.60200024 5.827000141 5.177999973 1.552999973 10.05599976 3.76699996 37.14300156
15.8739996 6.429999828 5.482999802 1.491999984 10.73200035 3.980000019 37.14300156
17.41500092 5.69299984 5.787000179 1.613999963 10.97999954 3.730999947 37.91699982
17.41500092 4.68900013 5.81799984 1.401000023 11.61999989 1.91900003 37.2140007
16.27599907 4.152999878 5.147999763 1.401000023 10.5539999 1.315000057 36.86199951
15.73999977 5.492000103 5.026000023 1.371000051 10.66100025 4.19299984 38.76100159
14.73600006 5.559000015 4.994999886 1.613999963 9.701000214 3.019999981 39.04299927
14.19999981 5.357999802 5.026000023 1.432000041 9.204000473 3.019999981 38.54999924
13.26200008 4.68900013 4.782000065 1.491999984 8.456999779 2.594000101 36.08800125
16.1420002 4.756000042 6.122000217 1.491999984 10.09200001 2.381000042 35.80699921
20.02700043 4.487999916 7.522999763 1.76699996 12.57900047 1.527999997 34.75099945
19.02199936 4.152999878 7.28000021 1.797000051 12.15299988 1.421000004 33.8370018
22.70599937 8.572999954 6.335000038 1.613999963 16.16799927 4.547999859 34.61100006
23.6439991 6.96600008 5.787000179 1.552999973 17.3409996 4.19299984 33.8370018
19.75900078 6.429999828 5.238999844 1.432000041 14.81799984 3.980000019 35.38499832
19.95999908 6.229000092 4.782000065 1.309999943 15.42199993 3.872999907 34.89199829
17.81699944 5.357999802 4.447000027 1.218000054 13.50300026 2.984999895 35.03300095
17.28100014 5.492000103 4.142000198 1.279000044 12.82800007 2.700999975 33.8370018
15.8739996 6.497000217 3.806999922 1.279000044 12.29500008 4.370999813 34.18899918
14.2670002 4.622000217 3.625 1.279000044 10.8739996 2.594000101 33.55599976
15.13700008 6.429999828 3.686000109 1.156999946 11.76200008 4.263999939 32.99300003
15.47200012 6.764999866 3.532999992 1.309999943 11.65499973 4.762000084 33.62599945
15.53899956 7.636000156 3.654999971 1.462000012 11.65499973 5.046000004 34.75099945
14.86999989 7.434999943 3.838000059 1.432000041 10.8739996 4.300000191 35.38499832
17.48200035 6.831999779 4.965000153 1.523000002 12.22399998 4.903999805 36.29899979
15.13700008 5.559000015 4.994999886 1.552999973 9.666000366 2.842999935 35.66600037
10.31499958 4.421000004 4.295000076 1.218000054 6.005000114 2.239000082 34.68099976
11.45400047 4.554999828 4.051000118 1.218000054 7.143000126 2.630000114 33.27399826
10.91800022 4.019000053 4.142000198 1.309999943 6.965000153 2.486999989 32.43000031
10.51599979 4.421000004 3.503000021 1.218000054 7.177999973 2.772000074 33.13299942
9.711999893 3.750999928 2.802000046 0.9139999747 7.320000172 2.381000042 31.375
11.38700008 4.085999966 4.081999779 1.309999943 7.284999847 2.096999884 32.7820015
7.903999805 2.411000013 2.28399992 0.6700000167 5.578999996 1.457000017 30.53100014
8.907999992 2.545000076 2.528000116 0.6700000167 6.395999908 1.56400001 30.24900055
12.12300014 3.214999914 3.594000101 0.7609999776 8.493000031 1.953999996 27.43499947
14.40100002 4.554999828 4.598999977 1.036000013 9.87899971 2.736000061 27.9279995
14.40100002 5.827000141 3.868000031 1.036000013 10.19900036 3.375999928 27.78700066
15.27099991 7.166999817 3.381000042 1.036000013 12.40200043 4.833000183 27.9279995
14.60200024 6.296000004 3.259000063 0.9750000238 11.08699989 4.263999939 27.43499947
15.06999969 6.96600008 2.924000025 1.004999995 12.22399998 4.833000183 27.01300049
13.79800034 6.96600008 2.772000074 1.004999995 11.15799999 4.65500021 27.71699905
13.32900047 6.631000042 2.559000015 0.9750000238 11.30000019 5.010000229 28.20899963
13.06099987 5.625999928 2.315000057 0.9139999747 10.05599976 3.802000046 28.91300011
11.92199993 3.013999939 2.345000029 0.8830000162 9.451999664 1.70599997 28.06800079
13.4630003 4.085999966 2.680000067 0.9139999747 11.05099964 2.273999929 26.5909996
13.32900047 4.822999954 2.559000015 1.004999995 10.16300011 3.233999968 27.43499947
12.6590004 4.354000092 2.650000095 1.036000013 9.487999916 2.594000101 27.9279995
10.58300018 3.08100009 2.740999937 1.126999974 7.960000038 1.63499999 28.84199905
10.98499966 5.157000065 3.349999905 1.126999974 7.747000217 3.339999914 29.89699936
10.98499966 4.822999954 3.806999922 0.9440000057 7.532999992 2.984999895 30.24900055
10.18099976 4.421000004 3.319999933 1.065999985 6.965000153 2.523000002 30.31999969
11.31999969 4.421000004 3.654999971 1.097000003 7.071000099 2.630000114 30.67099953
11.18599987 4.152999878 3.532999992 1.156999946 7.143000126 2.594000101 31.09300041
10.91800022 4.756000042 3.229000092 1.065999985 7.071000099 2.630000114 30.38999939
9.979999542 3.951999903 3.167999983 1.156999946 6.857999802 2.273999929 31.02300072
10.18099976 3.818000078 3.503000021 1.126999974 6.644999981 2.309999943 30.38999939
9.376999855 3.750999928 3.349999905 1.065999985 5.791999817 2.273999929 28.91300011
9.979999542 3.684000015 3.471999884 0.9750000238 6.361000061 2.309999943 28.9829998
14.53499985 4.487999916 5.300000191 1.156999946 9.23900032 2.594000101 27.78700066
14.60200024 4.085999966 4.659999847 1.036000013 10.27000046 2.664999962 27.50600052
14.53499985 3.818000078 4.111999989 1.126999974 10.16300011 2.096999884 27.99799919
15.73999977 5.022999763 3.594000101 1.097000003 11.65499973 3.163000107 27.71699905
20.02700043 6.831999779 5.756999969 1.613999963 14.0010004 4.157999992 27.50600052
19.15600014 6.162000179 5.361000061 1.491999984 13.43200016 4.406000137 27.43499947
18.08499908 6.429999828 5.026000023 1.462000012 12.47299957 4.122000217 28.9829998
16.20899963 6.229000092 5.026000023 1.552999973 11.40699959 3.447000027 27.78700066
17.88400078 5.625999928 4.965000153 1.583999991 12.86400032 3.660000086 29.89699936
15.80700016 4.889999866 4.507999897 1.340000033 10.6960001 3.092000008 29.54599953
15.80700016 5.157000065 4.751999855 1.401000023 11.22900009 3.055999994 29.96800041
13.86499977 6.631000042 4.598999977 1.583999991 8.812999725 3.944000006 29.0529995
9.845999718 4.554999828 1.91900003 0.8220000267 7.888999939 3.625 23.49600029
8.640000343 4.554999828 1.980000019 0.8220000267 6.395999908 3.269000053 25.39500046
10.85099983 5.425000191 3.229000092 1.218000054 7.106999874 3.482000113 28.35000038
10.51599979 4.152999878 2.954999924 1.036000013 7.355999947 2.948999882 29.12400055
9.376999855 4.287000179 2.680000067 0.9440000057 6.928999901 2.664999962 29.82699966
9.175999641 4.421000004 2.772000074 1.004999995 6.822999954 2.451999903 29.47500038
9.711999893 4.421000004 2.832999945 1.097000003 6.395999908 2.345000029 28.70199966
8.975000381 3.818000078 2.772000074 1.004999995 6.361000061 2.630000114 29.12400055
8.907999992 4.152999878 2.618999958 1.004999995 6.254000187 2.842999935 28.84199905
10.04699993 4.287000179 3.381000042 1.279000044 6.681000233 2.772000074 28.77199936
8.907999992 3.88499999 3.015000105 1.097000003 5.862999916 2.415999889 28.13899994
10.71700001 4.019000053 3.71600008 1.097000003 7 2.451999903 27.01300049
12.52499962 4.019000053 4.355999947 1.097000003 8.137999535 2.486999989 26.66200066
13.32900047 4.354000092 3.928999901 0.9750000238 9.487999916 2.594000101 26.73200035
13.59700012 3.750999928 3.289999962 1.036000013 10.02099991 2.061000109 27.15399933
13.86499977 3.549999952 3.046000004 0.9750000238 10.9090004 2.594000101 26.80200005
14.13300037 4.287000179 2.772000074 0.9750000238 11.54899979 3.127000093 27.15399933
14.33399963 4.889999866 2.528000116 0.8529999852 12.33100033 2.914000034 27.01300049
14.06599998 4.756000042 2.497999907 0.8830000162 11.33600044 2.594000101 27.01300049
13.32900047 6.497000217 2.253999949 0.8529999852 10.94499969 4.263999939 26.73200035
13.59700012 6.497000217 2.163000107 0.8220000267 10.8380003 5.046000004 26.66200066
11.18599987 5.425000191 2.131999969 0.7310000062 9.416999817 3.980000019 26.80200005
13.52999973 6.162000179 2.588999987 0.8220000267 10.80300045 4.584000111 26.30999947
11.98900032 6.09499979 2.375999928 0.9750000238 9.31000042 4.547999859 26.5909996
12.39099979 5.894000053 2.437000036 1.004999995 9.345999718 4.051000118 28.06800079
9.979999542 4.956999779 2.497999907 1.065999985 6.822999954 3.055999994 28.27899933
11.05200005 5.625999928 3.411000013 1.097000003 7.747000217 3.163000107 28.35000038
12.39099979 5.492000103 3.532999992 1.036000013 8.883999825 3.696000099 29.54599953
11.05200005 4.421000004 3.503000021 1.279000044 7.106999874 2.559000015 29.61599922
12.12300014 4.956999779 3.654999971 1.065999985 7.639999866 3.092000008 30.53100014
11.78800011 4.889999866 3.532999992 1.036000013 7.604000092 2.914000034 31.86700058
10.98499966 4.822999954 3.349999905 1.248999953 7.994999886 3.127000093 32.14899826
10.58300018 4.622000217 3.229000092 1.187999964 7.427000046 2.630000114 33.13299942
10.64999962 5.022999763 3.411000013 1.156999946 7.284999847 3.092000008 32.85200119
9.779000282 3.88499999 3.319999933 1.065999985 6.467000008 2.345000029 31.51499939
11.25300026 3.951999903 3.928999901 1.156999946 7.284999847 2.273999929 30.88199997
15.60599995 5.559000015 5.573999882 1.036000013 10.12699986 3.163000107 29.68600082
14.13300037 4.956999779 4.994999886 1.248999953 9.097000122 2.878000021 29.75699997
13.73099995 6.09499979 4.172999859 1.187999964 9.666000366 3.90899992 29.47500038
13.39599991 6.09499979 3.625 1.065999985 10.02099991 4.086999893 29.47500038
14.46800041 6.027999878 3.107000113 1.065999985 11.58399963 4.833000183 28.91300011
13.59700012 6.362999916 3.441999912 1.065999985 10.4119997 4.619999886 28.27899933
11.98900032 5.760000229 2.650000095 0.8529999852 9.451999664 3.944000006 28.20899963
12.39099979 6.497000217 2.588999987 0.9440000057 10.12699986 4.868000031 27.50600052
10.04699993 5.022999763 2.497999907 0.9440000057 7.320000172 3.233999968 27.29500008
11.92199993 5.960999966 2.618999958 0.9440000057 9.026000023 4.051000118 26.87299919
11.45400047 5.290999889 2.588999987 0.8220000267 8.635000229 3.339999914 26.5909996
12.12300014 6.429999828 2.437000036 1.004999995 9.737000465 4.477000237 26.94300079
10.64999962 5.492000103 2.497999907 1.126999974 7.994999886 3.76699996 27.71699905
10.71700001 5.559000015 2.497999907 1.065999985 7.568999767 3.802000046 28.13899994
11.5880003 5.357999802 3.197999954 1.126999974 7.710999966 3.552999973 29.54599953
11.72099972 4.756000042 3.77699995 1.065999985 8.137999535 3.055999994 29.61599922
11.65499973 4.956999779 3.471999884 1.156999946 7.427000046 2.523000002 29.89699936
13.4630003 4.554999828 4.081999779 1.126999974 8.670999527 2.700999975 30.67099953
11.72099972 5.157000065 3.898999929 1.248999953 8.777000427 3.127000093 32.57099915
12.85999966 5.69299984 3.594000101 1.126999974 9.204000473 3.872999907 32.99300003
10.91800022 5.090000153 3.319999933 1.218000054 7.639999866 3.339999914 34.18899918
10.85099983 4.756000042 3.471999884 1.126999974 7.461999893 3.305000067 33.8370018
9.845999718 3.951999903 3.289999962 1.065999985 6.502999783 2.451999903 31.79700089
10.7840004 3.684000015 3.71600008 1.248999953 7.106999874 2.239000082 31.23399925
15.06999969 4.622000217 5.300000191 1.156999946 9.666000366 2.700999975 30.17900085
13.79800034 4.622000217 5.177999973 1.340000033 8.598999977 2.806999922 29.47500038
15.13700008 6.429999828 4.081999779 1.097000003 11.76200008 4.406000137 29.19400024
15.40499973 3.818000078 3.503000021 1.004999995 11.90400028 2.203000069 28.42000008
17.28100014 5.559000015 5.604000092 1.583999991 12.47299957 2.984999895 28.06800079
16.07500076 4.152999878 5.238999844 1.432000041 10.51799965 2.061000109 27.36499977
13.79800034 3.348999977 4.873000145 1.371000051 9.097000122 1.63499999 27.15399933
13.59700012 5.760000229 4.630000114 1.340000033 9.345999718 3.76699996 26.80200005
12.99400043 5.69299984 4.447000027 1.248999953 8.598999977 3.269000053 26.30999947
13.59700012 5.492000103 4.538000107 1.309999943 8.847999573 3.411000013 26.5909996
13.79800034 5.960999966 4.507999897 1.218000054 9.23900032 3.90899992 26.23900032
15.27099991 5.090000153 4.477000237 1.432000041 10.02099991 2.273999929 27.9279995
10.58300018 3.348999977 2.28399992 0.9440000057 8.777000427 2.594000101 28.63100052
10.51599979 5.559000015 2.467000008 0.9440000057 7.390999794 3.163000107 29.61599922
11.38700008 5.492000103 3.075999975 1.065999985 7.747000217 3.163000107 32.14899826
11.5880003 5.223999977 3.594000101 1.065999985 7.994999886 3.019999981 31.65600014
10.58300018 4.019000053 3.289999962 1.004999995 7.249000072 2.486999989 31.58600044
12.72599983 4.956999779 3.806999922 1.036000013 8.527999878 2.664999962 33.06299973
11.85499954 5.492000103 3.77699995 1.248999953 8.208999634 3.517999887 33.20399857
12.45800018 4.822999954 3.746000051 1.340000033 8.244000435 3.055999994 32.85200119
10.85099983 4.152999878 3.381000042 1.248999953 7.390999794 2.630000114 33.9070015
11.05200005 4.68900013 3.594000101 1.097000003 7.498000145 2.948999882 33.69599915
10.24800014 4.21999979 3.532999992 1.156999946 6.71600008 2.630000114 32.14899826
12.32400036 4.287000179 4.355999947 1.156999946 8.031000137 2.381000042 31.86700058
16.00799942 3.08100009 5.725999832 1.126999974 10.19900036 1.172999978 30.31999969
16.47699928 4.622000217 4.873000145 1.187999964 11.51299953 2.559000015 30.17900085
16.00799942 4.152999878 4.111999989 1.097000003 12.15299988 2.025000095 29.82699966
16.47699928 5.157000065 3.77699995 1.248999953 12.64999962 3.588999987 28.77199936
18.01799965 6.09499979 3.532999992 1.126999974 14.3920002 3.90899992 28.70199966
16.54400063 5.625999928 3.107000113 0.9440000057 13.96500015 3.517999887 28.13899994
15.53899956 4.554999828 2.588999987 0.8830000162 12.79300022 2.948999882 27.64599991
15.3380003 7.301000118 2.375999928 0.8220000267 13.25500011 5.188000202 27.85700035
15.73999977 5.290999889 2.650000095 0.8830000162 13.04100037 3.197999954 27.43499947
14.86999989 6.96600008 2.772000074 0.9139999747 12.40200043 4.619999886 26.66200066
13.73099995 5.625999928 2.437000036 0.8529999852 11.44200039 4.263999939 26.02799988
11.72099972 5.760000229 2.00999999 0.9139999747 9.843000412 4.014999866 25.32500076
10.31499958 6.162000179 1.888000011 0.8529999852 8.421999931 4.833000183 25.6060009
9.444000244 5.760000229 2.315000057 1.036000013 7.249000072 4.300000191 26.80200005
10.18099976 5.022999763 2.710999966 1.279000044 6.502999783 3.375999928 26.80200005
9.109000206 4.956999779 2.832999945 1.097000003 6.395999908 3.055999994 27.36499977
7.636000156 3.818000078 2.163000107 0.9750000238 4.93900013 2.309999943 26.52099991
8.171999931 3.684000015 2.345000029 1.036000013 5.295000076 2.594000101 27.43499947
7.568999767 4.354000092 2.772000074 1.097000003 5.117000103 2.486999989 27.78700066
7.368000031 4.085999966 1.888000011 0.8830000162 5.578999996 2.736000061 27.08399963
6.764999866 3.750999928 2.040999889 0.9440000057 4.762000084 2.594000101 27.36499977
7.636000156 3.415999889 2.497999907 1.004999995 5.081999779 2.309999943 25.81699944
6.296000004 3.08100009 1.888000011 0.7009999752 4.441999912 2.025000095 24.62100029
6.296000004 2.477999926 1.76699996 0.5479999781 4.441999912 1.56400001 23.84799957
6.96600008 2.611999989 1.980000019 0.5479999781 5.010000229 1.883000016 23.4260006
7.434999943 2.545000076 2.559000015 0.8830000162 4.868000031 0.8169999719 23.00300026
11.05200005 4.152999878 2.193000078 0.8529999852 8.847999573 3.269000053 22.37000084
11.25300026 3.08100009 2.163000107 1.004999995 9.630000114 1.70599997 22.0890007
15.47200012 5.357999802 4.598999977 1.491999984 10.7670002 2.806999922 22.86300087
15.13700008 4.354000092 4.295000076 1.462000012 10.51799965 3.019999981 23.63699913
15.06999969 6.429999828 4.172999859 1.371000051 11.12199974 4.335000038 23.28499985
15.20400047 6.631000042 4.111999989 1.340000033 11.15799999 4.796999931 23.21500015
14.40100002 5.625999928 4.355999947 1.401000023 10.44699955 3.944000006 23.35499954
16.94599915 5.492000103 4.447000027 1.309999943 12.29500008 2.984999895 23.0739994
18.21899986 7.501999855 5.086999893 1.613999963 12.79300022 5.188000202 23.1439991
14.19999981 4.822999954 4.782000065 1.85800004 9.131999969 2.309999943 23.56599998
12.12300014 4.085999966 2.467000008 1.340000033 9.204000473 2.594000101 23.84799957
9.51099968 3.148000002 2.345000029 1.340000033 6.857999802 1.350000024 25.25499916
9.711999893 4.421000004 2.618999958 1.248999953 6.43200016 3.375999928 26.30999947
9.31000042 4.68900013 3.229000092 1.065999985 6.361000061 2.451999903 26.66200066
7.301000118 3.951999903 2.375999928 1.065999985 5.188000202 2.486999989 27.50600052
7.368000031 3.617000103 2.345000029 1.187999964 4.93900013 2.451999903 27.57600021
8.171999931 4.68900013 2.345000029 1.218000054 5.436999798 2.664999962 28.49099922
8.23900032 3.88499999 2.193000078 1.065999985 5.295000076 2.381000042 28.20899963
7.234000206 3.88499999 2.315000057 1.036000013 4.833000183 2.948999882 27.71699905
8.305999756 4.21999979 2.710999966 1.036000013 5.543000221 2.664999962 27.71699905
7.568999767 3.750999928 2.528000116 1.004999995 5.010000229 2.415999889 26.52099991
6.631000042 3.282000065 2.253999949 0.9750000238 4.335000038 2.061000109 26.02799988
7.501999855 3.282000065 2.315000057 0.8220000267 5.081999779 2.239000082 25.18400002
7.166999817 2.678999901 2.467000008 0.9139999747 4.65500021 1.491999984 24.34000015
9.109000206 3.951999903 2.101999998 0.8529999852 6.610000134 2.700999975 24.27000046
10.91800022 5.223999977 2.163000107 0.9139999747 8.598999977 3.411000013 23.98800087
9.51099968 4.822999954 1.888000011 0.7609999776 7.071000099 3.625 23.84799957
8.505999565 4.421000004 1.735999942 0.7310000062 6.076000214 2.664999962 23.49600029
6.56400013 3.818000078 1.613999963 0.7009999752 5.401000023 2.523000002 22.29999924
7.368000031 3.415999889 1.583999991 0.7310000062 5.828000069 2.878000021 22.1590004
8.104999542 3.348999977 1.613999963 0.6399999857 5.899000168 2.806999922 22.29999924
7.836999893 4.085999966 1.85800004 0.6700000167 6.289999962 2.486999989 20.96299934
8.171999931 3.148000002 2.497999907 0.8220000267 6.005000114 2.239000082 20.32999992
9.444000244 4.287000179 2.618999958 1.065999985 6.928999901 3.092000008 21.66699982
8.975000381 3.282000065 2.650000095 1.156999946 5.899000168 1.031000018 22.58099937
8.43900013 4.756000042 2.497999907 1.156999946 5.258999825 2.948999882 25.32500076
9.845999718 5.022999763 3.289999962 1.371000051 6.183000088 2.772000074 26.80200005
9.578000069 4.956999779 2.984999895 1.248999953 6.822999954 3.233999968 26.80200005
6.96600008 3.348999977 2.315000057 0.9750000238 4.547999859 1.812000036 26.80200005
8.43900013 4.085999966 2.467000008 1.097000003 5.578999996 2.878000021 27.57600021
8.505999565 4.756000042 2.253999949 1.156999946 5.791999817 2.594000101 29.0529995
6.831999779 3.348999977 2.131999969 1.097000003 4.690999985 2.594000101 28.91300011
7.301000118 4.085999966 2.253999949 1.004999995 4.974999905 2.630000114 30.24900055
7.903999805 3.750999928 2.740999937 1.036000013 5.223999977 2.381000042 30.24900055
7.703000069 3.48300004 2.680000067 1.065999985 4.93900013 2.239000082 29.0529995
6.96600008 3.08100009 2.375999928 0.9440000057 4.547999859 1.91900003 27.64599991
8.371999741 3.617000103 2.802000046 0.9440000057 5.472000122 2.203000069 26.66200066
7.368000031 3.348999977 2.375999928 0.8220000267 4.903999805 2.451999903 25.81699944
8.104999542 3.818000078 2.253999949 0.9440000057 5.96999979 2.381000042 25.25499916
8.505999565 4.354000092 2.193000078 0.9440000057 5.899000168 2.594000101 24.62100029
6.429999828 3.750999928 2.071000099 0.8830000162 4.513000011 2.451999903 24.4810009
7.703000069 3.750999928 1.949000001 0.8830000162 5.899000168 2.523000002 23.98800087
7.501999855 4.019000053 1.797000051 0.8220000267 6.147999763 2.842999935 24.1989994
7.099999905 4.019000053 1.85800004 0.8529999852 4.762000084 2.736000061 23.63699913
6.362999916 3.348999977 1.85800004 0.9139999747 4.263999939 2.451999903 23.0739994
7.368000031 3.013999939 2.071000099 0.7919999957 5.258999825 2.486999989 22.58099937
10.7840004 4.487999916 2.740999937 1.036000013 7.676000118 3.055999994 23.1439991
8.305999756 4.756000042 2.467000008 1.218000054 5.578999996 2.523000002 23.91799927
8.572999954 4.622000217 2.710999966 1.340000033 5.543000221 3.375999928 25.39500046
8.975000381 5.223999977 2.740999937 1.340000033 6.254000187 3.552999973 26.66200066
10.04699993 5.425000191 2.984999895 1.309999943 6.681000233 3.163000107 26.16900063
9.845999718 4.756000042 3.289999962 1.309999943 6.681000233 2.948999882 25.81699944
8.371999741 4.019000053 2.375999928 1.065999985 5.650000095 2.239000082 27.78700066
8.774000168 4.622000217 2.528000116 1.156999946 5.828000069 2.914000034 28.42000008
8.640000343 4.68900013 2.467000008 1.187999964 5.650000095 2.842999935 28.49099922
8.706999779 4.756000042 2.588999987 1.187999964 5.472000122 2.948999882 29.33499908
8.975000381 4.956999779 2.618999958 1.218000054 6.361000061 3.163000107 29.82699966
8.774000168 4.554999828 2.710999966 1.218000054 6.361000061 2.948999882 29.26399994
7.836999893 3.951999903 2.559000015 1.065999985 5.295000076 2.239000082 26.52099991
7.434999943 3.148000002 2.528000116 0.9440000057 4.833000183 1.953999996 26.09900093
8.371999741 3.415999889 2.650000095 0.7609999776 5.721000195 2.273999929 25.25499916
10.38199997 3.818000078 2.375999928 0.8529999852 7.427000046 2.594000101 24.5510006
9.645000458 4.889999866 1.949000001 0.8220000267 7.782000065 3.696000099 24.69199944
10.91800022 5.625999928 1.949000001 0.9139999747 8.883999825 3.802000046 24.83200073
14.86999989 6.497000217 4.295000076 1.401000023 10.12699986 4.725999832 24.12899971
14.66899967 7.099999905 4.081999779 1.340000033 10.3409996 4.584000111 23.91799927
13.66399956 6.764999866 4.020999908 1.340000033 9.451999664 4.086999893 24.5510006
13.52999973 6.296000004 3.898999929 1.309999943 9.666000366 4.014999866 24.4810009
12.99400043 6.09499979 4.172999859 1.371000051 8.670999527 4.406000137 24.62100029
15.06999969 6.831999779 4.751999855 1.432000041 9.949999809 4.014999866 24.62100029
15.3380003 7.099999905 5.208000183 1.613999963 10.3760004 3.944000006 24.40999985
16.20899963 6.027999878 4.965000153 1.76699996 11.65499973 3.375999928 24.90299988
12.99400043 5.559000015 2.680000067 1.401000023 10.09200001 3.197999954 25.32500076
9.779000282 4.622000217 2.375999928 1.156999946 7.284999847 3.019999981 26.52099991
9.645000458 4.68900013 2.862999916 1.218000054 6.787000179 3.375999928 27.71699905
9.913000107 4.756000042 3.015000105 1.126999974 7 3.055999994 27.78700066
8.43900013 3.88499999 2.345000029 0.9440000057 5.401000023 2.167999983 28.27899933
8.572999954 4.354000092 2.223999977 1.004999995 6.324999809 2.914000034 28.70199966
8.505999565 4.822999954 2.253999949 1.065999985 5.791999817 3.163000107 30.31999969
7.903999805 4.68900013 2.223999977 1.097000003 6.111999989 3.588999987 30.03800011
7.903999805 4.554999828 2.437000036 1.218000054 5.436999798 2.984999895 30.53100014
8.907999992 4.421000004 2.772000074 1.248999953 5.899000168 3.019999981 30.31999969
8.104999542 4.085999966 2.680000067 1.097000003 5.366000175 2.664999962 28.77199936
7.769999981 3.617000103 2.588999987 1.036000013 5.188000202 2.167999983 26.87299919
8.572999954 3.88499999 2.559000015 0.8830000162 5.899000168 2.594000101 25.95800018
9.51099968 3.617000103 2.253999949 0.8529999852 7.532999992 2.523000002 25.25499916
11.45400047 5.290999889 2.101999998 0.7609999776 9.31000042 4.513000011 24.83200073
12.79300022 3.818000078 1.949000001 0.7919999957 10.9090004 2.273999929 24.40999985
13.79800034 4.622000217 1.85800004 0.8220000267 12.36600018 3.055999994 25.04400063
13.79800034 4.622000217 1.85800004 0.8220000267 12.36600018 3.055999994 25.04400063
13.79800034 4.622000217 1.85800004 0.8220000267 12.36600018 3.055999994 25.04400063
13.79800034 4.622000217 1.85800004 0.8220000267 12.36600018 3.055999994 25.04400063
13.79800034 4.622000217 1.85800004 0.8220000267 12.36600018 3.055999994 25.04400063
13.79800034 4.622000217 1.85800004 0.8220000267 12.36600018 3.055999994 25.04400063
13.79800034 4.622000217 1.85800004 0.8220000267 12.36600018 3.055999994 25.04400063
13.79800034 4.622000217 1.85800004 0.8220000267 12.36600018 3.055999994 25.04400063
13.79800034 4.622000217 1.85800004 0.8220000267 12.36600018 3.055999994 25.04400063
13.79800034 4.622000217 1.85800004 0.8220000267 12.36600018 3.055999994 25.04400063
13.79800034 4.622000217 1.85800004 0.8220000267 12.36600018 3.055999994 25.04400063
13.79800034 4.622000217 1.85800004 0.8220000267 12.36600018 3.055999994 25.04400063
13.79800034 4.622000217 1.85800004 0.8220000267 12.36600018 3.055999994 25.04400063
13.79800034 4.622000217 1.85800004 0.8220000267 12.36600018 3.055999994 25.04400063
13.79800034 4.622000217 1.85800004 0.8220000267 12.36600018 3.055999994 25.04400063
13.79800034 4.622000217 1.85800004 0.8220000267 12.36600018 3.055999994 25.04400063
13.79800034 4.622000217 1.85800004 0.8220000267 12.36600018 3.055999994 25.04400063
13.79800034 4.622000217 1.85800004 0.8220000267 12.36600018 3.055999994 25.04400063
13.79800034 4.622000217 1.85800004 0.8220000267 12.36600018 3.055999994 25.04400063
13.79800034 4.622000217 1.85800004 0.8220000267 12.36600018 3.055999994 25.04400063
13.79800034 4.622000217 1.85800004 0.8220000267 12.36600018 3.055999994 25.04400063
13.79800034 4.622000217 1.85800004 0.8220000267 12.36600018 3.055999994 25.04400063
13.79800034 4.622000217 1.85800004 0.8220000267 12.36600018 3.055999994 25.04400063
13.79800034 4.622000217 1.85800004 0.8220000267 12.36600018 3.055999994 25.04400063
16.00799942 7.234000206 4.538000107 1.552999973 10.8739996 4.619999886 26.30999947
14.53499985 6.229000092 4.295000076 1.797000051 9.701000214 4.051000118 25.88800049
14.40100002 4.487999916 4.477000237 1.583999991 9.772000313 2.061000109 25.74699974
14.60200024 6.429999828 4.324999809 1.523000002 10.30500031 4.370999813 25.39500046
12.32400036 5.157000065 4.324999809 1.552999973 8.598999977 3.305000067 25.25499916
13.86499977 6.229000092 4.782000065 1.552999973 9.23900032 4.122000217 25.11400032
14.60200024 4.287000179 5.147999763 1.735999942 9.737000465 1.457000017 24.69199944
15.8739996 5.894000053 5.086999893 1.91900003 10.66100025 3.339999914 25.32500076
10.38199997 3.549999952 2.680000067 1.401000023 7.214000225 1.84800005 26.30999947
9.51099968 3.684000015 2.710999966 1.309999943 6.822999954 2.096999884 27.36499977
10.18099976 3.818000078 3.046000004 1.401000023 7 1.315000057 28.70199966
10.7840004 3.818000078 3.319999933 1.309999943 7.320000172 1.527999997 27.36499977
8.774000168 4.487999916 2.437000036 1.126999974 6.005000114 2.772000074 27.71699905
8.171999931 3.818000078 2.405999899 0.9440000057 5.791999817 2.486999989 28.9829998
8.43900013 3.951999903 2.467000008 1.218000054 5.828000069 2.630000114 30.53100014
9.243000031 3.617000103 2.650000095 1.187999964 6.928999901 1.527999997 30.53100014
9.51099968 3.48300004 2.650000095 1.613999963 6.610000134 1.598999977 30.74200058
9.444000244 3.08100009 2.924000025 1.218000054 6.467000008 1.491999984 30.31999969
8.305999756 4.152999878 2.650000095 1.097000003 5.68599987 2.736000061 30.10899925
8.907999992 3.88499999 2.954999924 1.036000013 5.828000069 2.345000029 29.0529995
9.779000282 3.818000078 3.259000063 1.065999985 6.573999882 2.381000042 28.42000008
9.041999817 3.214999914 3.046000004 1.097000003 5.934000015 1.84800005 27.85700035
9.31000042 4.287000179 2.862999916 1.065999985 6.183000088 2.381000042 27.64599991
10.7840004 5.090000153 2.345000029 0.9750000238 7.960000038 3.980000019 26.94300079
12.12300014 6.09499979 2.28399992 1.065999985 9.451999664 3.980000019 26.80200005
10.91800022 5.69299984 2.253999949 1.004999995 8.208999634 3.90899992 26.30999947
10.51599979 5.760000229 2.163000107 1.036000013 8.56400013 4.086999893 25.95800018
9.578000069 4.956999779 2.071000099 1.004999995 7.853000164 3.233999968 25.4659996
10.38199997 4.822999954 1.949000001 0.9440000057 8.56400013 3.447000027 24.90299988
11.05200005 5.559000015 2.040999889 0.8529999852 9.131999969 4.051000118 24.40999985
12.52499962 3.951999903 2.710999966 1.004999995 9.23900032 2.309999943 24.1989994
11.05200005 3.818000078 2.680000067 1.371000051 8.350999832 2.096999884 24.62100029
10.91800022 4.554999828 2.832999945 1.462000012 8.456999779 2.594000101 24.83200073
10.31499958 6.362999916 2.954999924 1.462000012 7.604000092 3.944000006 26.23900032
10.7840004 6.296000004 3.107000113 1.491999984 7.532999992 3.838000059 28.06800079
10.31499958 5.290999889 3.289999962 1.340000033 7.390999794 3.872999907 27.71699905
8.907999992 4.554999828 2.862999916 1.309999943 5.543000221 2.167999983 28.56100082
9.243000031 4.554999828 2.954999924 1.309999943 6.040999889 2.630000114 29.19400024
8.975000381 5.290999889 3.075999975 1.371000051 6.040999889 3.127000093 31.72599983
9.845999718 5.223999977 2.894000053 1.309999943 6.610000134 3.127000093 31.51499939
9.444000244 4.354000092 2.832999945 1.340000033 6.538000107 2.878000021 31.72599983
9.51099968 4.68900013 3.075999975 1.248999953 6.43200016 3.019999981 32.57099915
8.774000168 4.287000179 2.984999895 1.218000054 5.756999969 2.664999962 30.17900085
9.376999855 4.085999966 3.107000113 1.097000003 6.218999863 2.486999989 28.13899994
10.18099976 4.085999966 3.441999912 1.156999946 6.681000233 2.523000002 27.50600052
9.109000206 3.415999889 3.015000105 1.097000003 6.040999889 2.061000109 27.22400093
10.38199997 4.889999866 2.528000116 1.036000013 7.994999886 3.375999928 26.87299919
11.85499954 5.425000191 2.559000015 1.097000003 9.131999969 3.411000013 27.15399933
12.6590004 5.69299984 4.813000202 1.735999942 7.853000164 3.127000093 26.66200066
15.94099998 7.368000031 4.568999767 1.644999981 11.33600044 4.833000183 26.45000076
14.40100002 6.764999866 4.447000027 1.583999991 9.772000313 4.441999912 26.09900093
12.85999966 6.497000217 4.507999897 1.583999991 8.173000336 4.086999893 25.95800018
14.06599998 5.69299984 4.598999977 1.674999952 8.777000427 3.944000006 26.16900063
14.93700027 6.899000168 4.630000114 1.644999981 9.913999557 4.300000191 26.23900032
16.87899971 7.301000118 5.421999931 1.827999949 11.76200008 4.65500021 25.95800018
13.9989996 6.899000168 5.117000103 1.827999949 9.416999817 4.441999912 27.01300049
8.43900013 5.69299984 2.710999966 1.523000002 6.040999889 3.517999887 27.71699905
9.31000042 5.760000229 2.832999945 1.432000041 6.822999954 3.802000046 28.20899963
11.05200005 5.625999928 3.259000063 1.432000041 7.320000172 3.90899992 28.91300011
10.7840004 4.956999779 3.471999884 1.401000023 7.320000172 3.127000093 29.75699997
9.979999542 4.822999954 2.772000074 1.126999974 6.894000053 3.375999928 30.67099953
10.71700001 5.157000065 2.954999924 1.248999953 7.071000099 2.772000074 30.95299911
9.578000069 5.090000153 2.772000074 1.340000033 6.928999901 3.696000099 30.10899925
8.840999603 5.223999977 2.650000095 1.218000054 6.610000134 3.092000008 30.31999969
8.774000168 4.889999866 2.618999958 1.218000054 6.395999908 3.696000099 30.81200027
9.31000042 4.822999954 2.954999924 1.309999943 6.43200016 3.163000107 30.81200027
7.903999805 4.019000053 2.650000095 1.097000003 5.258999825 2.700999975 28.84199905
9.041999817 3.549999952 3.015000105 1.004999995 5.96999979 2.167999983 28.20899963
9.444000244 3.549999952 3.046000004 0.9440000057 6.289999962 2.131999969 28.06800079
10.51599979 4.152999878 2.740999937 0.9139999747 7.676000118 2.451999903 27.78700066
10.38199997 4.354000092 2.375999928 0.9440000057 7.81799984 2.914000034 27.50600052
12.05599976 5.223999977 2.467000008 1.065999985 8.989999771 3.872999907 27.36499977
11.11900043 4.822999954 2.345000029 1.036000013 8.954999924 3.90899992 27.01300049
11.31999969 5.157000065 2.071000099 0.9139999747 9.630000114 4.513000011 26.73200035
11.72099972 4.956999779 2.071000099 0.9440000057 8.989999771 3.944000006 26.5909996
11.5880003 5.69299984 1.888000011 0.8830000162 9.559000015 3.980000019 26.09900093
10.38199997 5.157000065 1.980000019 0.8830000162 8.421999931 3.233999968 25.81699944
11.11900043 4.822999954 2.040999889 0.8529999852 9.23900032 3.339999914 25.81699944
13.19499969 6.027999878 2.710999966 1.004999995 10.73200035 3.944000006 25.95800018
11.72099972 4.889999866 2.710999966 1.218000054 8.883999825 3.197999954 25.74699974
10.11400032 4.554999828 2.710999966 1.279000044 7.676000118 3.055999994 26.37999916
8.572999954 4.354000092 2.618999958 1.279000044 5.96999979 2.664999962 27.64599991
9.979999542 4.487999916 2.740999937 1.248999953 7.106999874 2.984999895 28.27899933
9.109000206 3.88499999 2.924000025 1.126999974 6.254000187 2.415999889 29.19400024
7.166999817 3.013999939 2.528000116 1.097000003 4.619999886 1.56400001 29.12400055
7.301000118 2.880000114 2.497999907 1.097000003 4.868000031 1.63499999 28.9829998
7.166999817 3.148000002 2.315000057 1.036000013 4.833000183 1.812000036 28.84199905
7.301000118 3.415999889 2.497999907 1.126999974 4.903999805 2.131999969 27.50600052
7.368000031 3.88499999 2.253999949 1.156999946 5.046000004 2.594000101 26.80200005
8.23900032 3.750999928 2.772000074 1.126999974 5.436999798 2.309999943 27.08399963
6.96600008 3.282000065 2.375999928 1.004999995 4.584000111 2.061000109 26.09900093
7.703000069 3.08100009 2.618999958 0.8529999852 5.081999779 1.953999996 26.09900093
7.903999805 3.08100009 2.740999937 0.8830000162 5.081999779 1.883000016 25.74699974
6.899000168 3.750999928 2.528000116 0.8830000162 4.441999912 2.096999884 25.6060009
8.505999565 4.68900013 2.223999977 0.8830000162 6.147999763 3.339999914 25.11400032
9.444000244 5.357999802 1.949000001 0.8529999852 7.320000172 3.660000086 24.97299957
12.52499962 6.96600008 1.888000011 0.8529999852 11.44200039 5.862999916 24.90299988
12.32400036 6.697999954 1.735999942 0.7919999957 10.12699986 4.903999805 24.27000046
11.65499973 6.56400013 1.644999981 0.8529999852 9.274999619 4.263999939 24.4810009
12.25699997 6.831999779 1.76699996 0.9750000238 10.3760004 5.223999977 24.4810009
12.52499962 6.162000179 1.949000001 0.9440000057 10.23400021 4.513000011 24.34000015
10.31499958 5.157000065 2.131999969 0.9440000057 8.102000237 3.838000059 24.34000015
13.66399956 6.56400013 2.710999966 1.065999985 10.3409996 4.868000031 24.27000046
12.18999958 6.831999779 2.528000116 1.218000054 9.23900032 4.762000084 24.5510006
10.24800014 7.032999992 2.559000015 1.401000023 7.782000065 4.370999813 24.90299988
9.041999817 6.027999878 2.680000067 1.279000044 6.538000107 3.305000067 25.6060009
9.913000107 4.956999779 2.862999916 1.279000044 6.928999901 3.305000067 26.30999947
9.979999542 4.354000092 2.772000074 1.156999946 6.467000008 2.878000021 26.45000076
8.371999741 4.287000179 2.437000036 1.036000013 5.68599987 2.415999889 27.50600052
7.903999805 4.354000092 2.467000008 1.156999946 5.578999996 2.451999903 27.50600052
7.836999893 4.822999954 2.223999977 1.065999985 5.721000195 3.127000093 28.20899963
7.703000069 4.287000179 2.345000029 1.097000003 5.828000069 3.163000107 28.56100082
7.501999855 4.21999979 2.345000029 1.097000003 5.117000103 2.948999882 29.82699966
8.43900013 4.152999878 2.740999937 1.097000003 5.614999771 2.664999962 28.20899963
7.501999855 3.88499999 2.559000015 1.065999985 4.868000031 2.381000042 27.85700035
8.038000107 3.348999977 2.772000074 1.004999995 5.223999977 2.025000095 27.01300049
8.038000107 3.282000065 2.710999966 0.9440000057 5.329999924 2.061000109 26.16900063
7.099999905 3.148000002 2.467000008 0.9139999747 4.65500021 1.953999996 26.66200066
7.703000069 3.48300004 2.193000078 0.9440000057 4.762000084 2.096999884 26.45000076
7.836999893 3.88499999 2.253999949 0.9750000238 5.68599987 2.239000082 25.95800018
11.78800011 5.827000141 4.507999897 1.613999963 7.532999992 3.625 25.74699974
9.913000107 5.425000191 1.949000001 0.9440000057 8.38599968 4.229000092 25.74699974
11.25300026 4.756000042 4.234000206 1.462000012 6.857999802 2.806999922 25.32500076
10.71700001 5.022999763 4.234000206 1.523000002 6.928999901 3.233999968 26.02799988
10.7840004 5.157000065 4.263999939 1.583999991 7.249000072 3.233999968 25.74699974
12.18999958 5.425000191 4.386000156 1.371000051 7.676000118 2.948999882 25.25499916
13.39599991 4.554999828 4.934000015 1.462000012 8.244000435 2.948999882 23.77700043
11.72099972 5.357999802 4.721000195 1.552999973 6.538000107 2.878000021 23.49600029
8.975000381 4.21999979 2.131999969 1.187999964 6.538000107 3.447000027 22.93300056
8.774000168 4.68900013 2.28399992 1.156999946 6.502999783 3.625 23.70700073
9.109000206 4.956999779 2.650000095 1.218000054 6.361000061 3.163000107 24.40999985
8.572999954 4.354000092 2.375999928 1.004999995 5.650000095 2.948999882 24.1989994
6.429999828 3.549999952 1.76699996 0.8529999852 4.406000137 2.239000082 23.91799927
6.56400013 3.549999952 1.888000011 0.9440000057 4.051000118 1.598999977 22.44099998
6.09499979 3.214999914 1.888000011 1.065999985 4.263999939 2.415999889 21.73699951
6.429999828 3.750999928 1.827999949 0.9750000238 4.477000237 2.239000082 21.52599907
5.960999966 3.08100009 1.980000019 1.065999985 3.944000006 1.669999957 20.96299934
7.703000069 3.549999952 2.528000116 1.004999995 5.117000103 2.239000082 20.68199921
6.229000092 2.812999964 2.131999969 0.8529999852 3.980000019 1.669999957 20.19000053
5.827000141 2.411000013 1.980000019 0.6700000167 3.872999907 1.527999997 19.90800095
5.625999928 2.411000013 2.193000078 0.7609999776 3.552999973 1.491999984 19.48600006
4.956999779 2.678999901 1.797000051 0.7310000062 3.305000067 1.207999945 17.51600075
4.68900013 2.477999926 1.371000051 0.5479999781 3.980000019 1.91900003 17.51600075
6.96600008 3.415999889 1.462000012 0.7009999752 6.076000214 3.092000008 17.86800003
8.104999542 4.019000053 1.523000002 0.7310000062 6.965000153 3.197999954 18.00900078
8.171999931 4.354000092 1.491999984 0.7310000062 6.822999954 2.984999895 18.29000092
8.371999741 4.554999828 1.279000044 0.6090000272 6.928999901 3.233999968 18.21999931
6.631000042 3.684000015 1.309999943 0.6399999857 5.366000175 2.700999975 18.29000092
8.104999542 4.019000053 1.432000041 0.7009999752 6.894000053 3.197999954 18.36100006
9.376999855 4.487999916 1.674999952 0.7009999752 7.498000145 2.878000021 18.21999931
10.71700001 5.090000153 2.497999907 0.8529999852 8.421999931 3.375999928 18.50099945
10.31499958 5.827000141 2.467000008 1.126999974 8.031000137 4.157999992 19.06399918
9.31000042 5.357999802 2.437000036 1.156999946 6.43200016 3.019999981 19.62700081
8.371999741 5.157000065 2.223999977 1.248999953 5.578999996 3.375999928 20.82299995
9.041999817 5.425000191 2.559000015 1.279000044 6.254000187 3.447000027 21.45599937
8.104999542 4.21999979 2.588999987 0.9440000057 5.578999996 2.948999882 22.44099998
5.960999966 3.617000103 1.980000019 0.9750000238 3.90899992 1.598999977 23.63699913
6.027999878 3.549999952 1.888000011 0.9139999747 4.263999939 2.239000082 23.98800087
6.899000168 3.951999903 1.888000011 0.9750000238 4.477000237 2.096999884 25.18400002
6.96600008 3.617000103 1.797000051 1.065999985 4.441999912 2.559000015 25.11400032
6.697999954 3.818000078 1.888000011 1.004999995 4.93900013 2.486999989 25.95800018
7.234000206 3.684000015 2.345000029 0.9440000057 4.974999905 2.381000042 24.83200073
6.631000042 3.348999977 2.131999969 0.9440000057 4.441999912 2.131999969 24.1989994
6.631000042 2.746000051 2.375999928 0.9139999747 4.19299984 1.56400001 23.00300026
6.497000217 3.013999939 2.131999969 0.8529999852 4.441999912 1.812000036 22.65200043
6.497000217 3.214999914 1.827999949 0.7609999776 3.944000006 1.812000036 22.44099998
5.223999977 3.214999914 1.552999973 0.7609999776 3.588999987 1.953999996 22.44099998
7.099999905 4.085999966 1.644999981 0.7609999776 5.791999817 3.092000008 22.58099937
10.38199997 5.090000153 3.868000031 1.340000033 6.218999863 3.019999981 22.0189991
11.05200005 4.756000042 3.868000031 1.279000044 6.894000053 3.447000027 22.1590004
10.11400032 5.357999802 3.838000059 1.340000033 6.43200016 3.838000059 22.0890007
10.24800014 5.090000153 3.99000001 1.401000023 5.828000069 2.914000034 21.52599907
10.44900036 5.290999889 4.111999989 1.462000012 5.650000095 3.127000093 21.80800056
10.04699993 5.223999977 4.659999847 1.491999984 5.436999798 2.451999903 22.1590004
12.85999966 5.827000141 5.208000183 1.552999973 7.214000225 3.625 21.45599937
11.65499973 5.223999977 4.538000107 1.583999991 6.361000061 3.055999994 22.29999924
8.23900032 4.354000092 2.588999987 1.340000033 5.899000168 2.736000061 23.28499985
8.038000107 4.822999954 2.467000008 1.401000023 6.147999763 3.092000008 24.1989994
8.975000381 4.956999779 2.862999916 1.371000051 5.899000168 2.842999935 25.4659996
9.175999641 4.756000042 2.954999924 1.156999946 6.005000114 3.197999954 25.04400063
7.368000031 3.617000103 2.223999977 1.036000013 4.370999813 1.669999957 25.4659996
6.362999916 3.750999928 2.193000078 1.065999985 4.300000191 1.84800005 25.88800049
7.568999767 3.951999903 2.131999969 1.065999985 4.903999805 2.131999969 27.9279995
6.764999866 3.951999903 2.131999969 1.248999953 5.329999924 2.486999989 27.78700066
6.899000168 3.750999928 2.345000029 1.156999946 4.93900013 2.415999889 27.71699905
7.568999767 3.88499999 2.437000036 1.036000013 5.188000202 2.594000101 27.22400093
6.831999779 3.282000065 2.28399992 0.9139999747 4.477000237 2.025000095 26.16900063
7.368000031 3.282000065 2.559000015 0.9440000057 4.833000183 2.239000082 24.90299988
7.368000031 3.415999889 2.528000116 0.9440000057 4.903999805 2.239000082 25.39500046
8.706999779 3.348999977 2.071000099 0.8529999852 6.502999783 2.381000042 24.76199913
10.04699993 5.090000153 1.888000011 0.8830000162 8.137999535 3.76699996 24.5510006
10.91800022 5.559000015 1.70599997 0.8830000162 9.345999718 3.730999947 24.12899971
11.98900032 6.429999828 1.583999991 0.8529999852 10.3409996 4.833000183 24.69199944
12.72599983 6.764999866 1.70599997 0.9139999747 10.51799965 4.619999886 24.27000046
12.6590004 7.099999905 1.674999952 0.8529999852 10.94499969 4.974999905 23.98800087
12.45800018 6.497000217 1.462000012 0.7609999776 10.19900036 4.725999832 23.98800087
12.18999958 6.56400013 1.70599997 0.9139999747 10.7670002 5.223999977 23.84799957
11.72099972 3.750999928 1.980000019 0.9440000057 9.984999657 2.273999929 23.84799957
12.6590004 3.48300004 2.559000015 1.036000013 10.09200001 2.096999884 23.28499985
10.31499958 3.214999914 2.28399992 1.004999995 8.065999985 1.84800005 23.77700043
11.05200005 4.622000217 2.28399992 1.126999974 8.527999878 2.203000069 24.34000015
9.376999855 3.013999939 2.405999899 1.218000054 7.498000145 1.136999965 25.32500076
9.913000107 5.022999763 2.650000095 1.218000054 6.610000134 3.127000093 26.80200005
9.175999641 5.022999763 2.710999966 1.126999974 6.218999863 2.914000034 26.66200066
7.234000206 3.348999977 2.467000008 1.156999946 4.868000031 1.883000016 27.50600052
7.836999893 3.951999903 2.588999987 1.156999946 5.081999779 2.664999962 28.42000008
8.774000168 4.822999954 2.559000015 1.248999953 5.791999817 2.700999975 29.61599922
8.774000168 5.223999977 2.528000116 1.218000054 6.324999809 3.233999968 29.54599953
8.43900013 4.287000179 2.680000067 1.218000054 6.040999889 2.700999975 29.19400024
8.840999603 4.152999878 2.802000046 1.187999964 6.005000114 2.451999903 28.70199966
7.703000069 3.549999952 2.802000046 1.218000054 4.903999805 2.131999969 27.43499947
8.43900013 3.617000103 2.894000053 1.097000003 5.614999771 2.131999969 27.08399963
7.903999805 3.415999889 2.650000095 0.9440000057 5.258999825 2.203000069 27.08399963
7.368000031 2.947000027 2.375999928 0.9139999747 4.974999905 1.70599997 26.66200066
9.645000458 4.622000217 1.980000019 0.8830000162 7.071000099 3.411000013 26.80200005
10.38199997 4.956999779 2.00999999 0.9750000238 8.38599968 3.163000107 25.88800049
10.18099976 5.492000103 1.827999949 0.8529999852 8.350999832 3.838000059 26.23900032
10.91800022 5.625999928 1.583999991 0.7919999957 8.741999626 3.90899992 25.74699974
11.11900043 5.223999977 1.462000012 0.7009999752 9.451999664 4.300000191 25.39500046
10.7840004 4.956999779 1.462000012 0.7310000062 8.847999573 3.447000027 25.5359993
10.71700001 4.622000217 1.735999942 0.8830000162 8.56400013 3.339999914 24.5510006
10.31499958 5.157000065 1.85800004 0.7919999957 7.994999886 3.482000113 24.90299988
10.71700001 5.022999763 2.375999928 1.004999995 8.031000137 2.914000034 23.98800087
9.913000107 5.425000191 2.588999987 1.279000044 7.284999847 3.019999981 24.1989994
10.91800022 5.960999966 2.710999966 1.340000033 8.456999779 3.625 24.83200073
9.041999817 5.559000015 2.862999916 1.491999984 6.538000107 3.447000027 26.52099991
9.979999542 5.894000053 3.137000084 1.491999984 7.106999874 3.696000099 27.01300049
10.31499958 5.492000103 3.107000113 1.279000044 7.249000072 3.269000053 26.66200066
7.971000195 4.019000053 2.345000029 1.126999974 4.93900013 2.594000101 27.29500008
7.836999893 4.085999966 2.437000036 1.156999946 5.010000229 1.812000036 27.85700035
7.836999893 3.818000078 2.375999928 1.156999946 5.507999897 3.092000008 28.27899933
8.305999756 4.68900013 2.405999899 1.126999974 5.472000122 2.806999922 28.13899994
7.301000118 4.085999966 2.375999928 1.097000003 5.010000229 2.630000114 27.64599991
8.840999603 4.354000092 2.740999937 1.097000003 6.147999763 2.878000021 27.50600052
7.568999767 3.750999928 2.375999928 0.9440000057 4.974999905 2.594000101 27.08399963
8.23900032 3.684000015 2.618999958 1.004999995 5.721000195 2.167999983 26.30999947
7.636000156 3.348999977 2.28399992 0.7919999957 5.366000175 2.309999943 25.5359993
9.175999641 3.617000103 2.253999949 0.8529999852 6.965000153 1.883000016 24.97299957
11.11900043 4.956999779 2.040999889 0.9440000057 9.593999863 4.370999813 24.1989994
13.12800026 3.88499999 1.797000051 0.9139999747 10.51799965 2.806999922 24.27000046
17.34799957 5.894000053 4.203000069 1.401000023 12.97000027 3.517999887 24.5510006
16.61100006 5.425000191 4.172999859 1.371000051 12.47299957 2.984999895 24.40999985
16.87899971 5.960999966 4.081999779 1.432000041 12.68599987 3.482000113 24.90299988
16.54400063 5.290999889 3.868000031 1.401000023 12.43700027 2.984999895 24.69199944
14.86999989 6.429999828 4.020999908 1.491999984 10.51799965 4.157999992 24.34000015
15.60599995 4.889999866 4.568999767 1.491999984 11.19400024 2.523000002 25.18400002
17.95100021 5.090000153 5.117000103 1.644999981 12.54399967 2.700999975 24.90299988
16.47699928 5.425000191 4.965000153 1.797000051 11.76200008 2.736000061 25.25499916
13.9989996 4.421000004 2.467000008 1.248999953 11.51299953 2.914000034 25.25499916
10.91800022 5.894000053 2.193000078 1.248999953 8.493000031 3.944000006 25.67700005
8.774000168 4.889999866 2.588999987 1.156999946 6.076000214 2.664999962 25.39500046
9.376999855 4.68900013 3.229000092 1.218000054 6.218999863 2.415999889 25.18400002
7.166999817 3.549999952 2.345000029 1.036000013 4.300000191 2.203000069 24.97299957
7.166999817 3.415999889 2.375999928 1.097000003 4.513000011 2.486999989 25.25499916
7.636000156 4.68900013 2.223999977 1.126999974 5.258999825 2.984999895 25.11400032
6.362999916 3.282000065 2.131999969 1.036000013 4.300000191 1.99000001 24.27000046
6.027999878 3.415999889 2.315000057 1.126999974 3.625 1.491999984 24.27000046
7.501999855 3.617000103 2.650000095 1.126999974 4.903999805 2.381000042 23.35499954
6.764999866 3.415999889 2.315000057 0.9440000057 4.547999859 2.309999943 22.44099998
7.099999905 3.148000002 2.375999928 0.8529999852 4.584000111 2.061000109 21.73699951
6.497000217 3.148000002 2.040999889 0.7609999776 4.370999813 2.096999884 21.38500023
5.625999928 2.210000038 1.76699996 0.6399999857 3.802000046 1.56400001 21.31500053
6.027999878 3.148000002 1.583999991 0.7009999752 3.660000086 1.812000036 20.82299995
8.706999779 4.421000004 1.85800004 0.7310000062 5.96999979 3.197999954 20.40099907
9.31000042 4.487999916 1.491999984 0.8220000267 7.782000065 3.660000086 20.47100067
9.845999718 5.223999977 1.371000051 0.7609999776 7.81799984 3.76699996 20.04899979
9.845999718 5.223999977 1.309999943 0.7009999752 8.102000237 3.90899992 19.97900009
8.975000381 4.756000042 1.340000033 0.7009999752 7.355999947 3.411000013 19.97900009
8.840999603 4.68900013 1.491999984 0.7310000062 7.284999847 3.660000086 19.83799934
9.711999893 4.21999979 1.76699996 1.126999974 7.710999966 3.305000067 20.04899979
10.64999962 4.152999878 2.375999928 0.7609999776 8.031000137 2.984999895 20.11899948
9.979999542 5.290999889 2.345000029 1.126999974 6.502999783 3.339999914 20.82299995
8.774000168 5.559000015 2.497999907 1.309999943 5.68599987 3.411000013 21.17399979
6.96600008 3.88499999 2.528000116 1.523000002 4.903999805 2.523000002 21.73699951
8.305999756 4.085999966 2.710999966 1.279000044 5.366000175 2.415999889 24.34000015
8.23900032 3.951999903 2.772000074 1.156999946 5.578999996 2.736000061 23.91799927
7.166999817 3.214999914 2.28399992 1.126999974 4.584000111 2.239000082 24.5510006
7.099999905 3.951999903 2.163000107 1.036000013 4.619999886 2.381000042 25.6060009
6.296000004 3.951999903 1.980000019 1.004999995 4.547999859 2.239000082 27.08399963
7.301000118 3.750999928 2.101999998 1.065999985 4.974999905 2.842999935 26.80200005
6.697999954 3.88499999 2.223999977 1.097000003 4.406000137 2.523000002 27.22400093
8.104999542 3.818000078 2.467000008 1.004999995 5.401000023 2.630000114 26.73200035
7.166999817 3.48300004 2.467000008 0.9139999747 4.690999985 2.273999929 25.95800018
7.368000031 3.214999914 2.437000036 0.8830000162 4.903999805 2.025000095 24.90299988
6.96600008 3.214999914 2.375999928 0.8830000162 4.762000084 2.061000109 24.40999985
6.96600008 1.875 2.00999999 0.8220000267 4.441999912 0.7820000052 24.1989994
8.572999954 4.019000053 1.827999949 0.8220000267 6.538000107 2.345000029 24.05900002
10.7840004 3.617000103 1.735999942 0.8220000267 9.131999969 2.772000074 23.77700043
14.60200024 4.421000004 4.081999779 1.401000023 10.6960001 2.309999943 23.98800087
14.46800041 4.354000092 3.99000001 1.309999943 10.23400021 2.096999884 23.63699913
14.80300045 4.822999954 3.71600008 1.279000044 10.3760004 2.594000101 23.56599998
14.60200024 4.889999866 3.960000038 1.371000051 10.51799965 2.736000061 23.0739994
14.53499985 4.822999954 3.868000031 1.309999943 9.984999657 2.700999975 23.21500015
14.60200024 4.554999828 4.172999859 1.309999943 10.4829998 2.239000082 22.86300087
16.1420002 4.68900013 4.813000202 1.401000023 11.05099964 2.203000069 22.44099998
14.86999989 4.554999828 3.898999929 1.126999974 10.44699955 2.736000061 23.63699913
10.64999962 4.822999954 1.371000051 0.5789999962 9.345999718 3.980000019 24.12899971
6.899000168 3.818000078 1.309999943 0.5180000067 5.828000069 3.552999973 24.83200073
7.836999893 4.622000217 1.552999973 0.5789999962 6.254000187 3.588999987 26.80200005
8.104999542 4.152999878 1.735999942 0.5479999781 6.324999809 2.736000061 26.09900093
6.497000217 3.282000065 1.248999953 0.4869999886 5.223999977 2.381000042 26.45000076
5.894000053 2.947000027 1.309999943 0.4869999886 4.584000111 2.025000095 27.15399933
6.697999954 3.549999952 1.156999946 0.4569999874 5.081999779 2.415999889 28.06800079
7.166999817 4.152999878 1.187999964 0.5180000067 5.68599987 2.878000021 28.06800079
6.56400013 3.818000078 1.187999964 0.4869999886 5.258999825 2.984999895 27.71699905
6.764999866 2.947000027 1.279000044 0.4569999874 5.507999897 2.523000002 27.50600052
6.229000092 3.148000002 1.248999953 0.3659999967 4.93900013 2.486999989 26.87299919
7.769999981 3.415999889 2.680000067 0.8830000162 5.117000103 2.381000042 25.88800049
7.836999893 3.48300004 2.740999937 0.9440000057 5.046000004 2.273999929 25.32500076
7.032999992 3.214999914 2.680000067 0.9750000238 4.300000191 2.167999983 25.04400063
8.774000168 4.152999878 2.193000078 0.8529999852 6.183000088 2.664999962 24.62100029
11.98900032 5.157000065 1.949000001 0.8529999852 9.772000313 3.802000046 24.1989994
12.52499962 6.362999916 1.827999949 0.8220000267 10.625 4.370999813 23.91799927
11.85499954 6.362999916 1.644999981 0.7609999776 10.02099991 4.547999859 23.84799957
12.39099979 3.617000103 1.674999952 0.7919999957 10.625 2.914000034 23.0739994
9.444000244 5.022999763 1.523000002 0.7310000062 7.782000065 3.625 22.65200043
8.640000343 4.085999966 1.491999984 0.8529999852 7 2.772000074 22.65200043
9.376999855 4.152999878 1.888000011 0.7919999957 7.532999992 2.948999882 22.51099968
11.45400047 4.487999916 2.559000015 0.8830000162 8.954999924 3.127000093 22.29999924
11.05200005 5.894000053 2.223999977 1.004999995 9.131999969 4.584000111 22.51099968
10.98499966 6.027999878 2.28399992 1.218000054 8.421999931 4.051000118 22.93300056
8.907999992 5.559000015 2.193000078 1.156999946 6.787000179 3.90899992 23.0739994
10.04699993 5.425000191 2.618999958 1.248999953 6.928999901 3.517999887 23.49600029
8.907999992 4.822999954 2.710999966 1.126999974 5.899000168 2.984999895 23.28499985
6.631000042 3.549999952 2.101999998 1.036000013 4.229000092 1.669999957 23.84799957
6.764999866 3.88499999 2.253999949 1.126999974 4.19299984 1.812000036 23.77700043
6.429999828 3.684000015 2.253999949 1.065999985 4.725999832 2.131999969 24.05900002
6.09499979 4.152999878 1.949000001 1.036000013 4.441999912 2.451999903 23.49600029
5.960999966 3.549999952 1.949000001 0.9750000238 4.157999992 2.309999943 23.28499985
6.429999828 3.282000065 2.101999998 0.9139999747 4.263999939 2.025000095 22.58099937
6.162000179 3.214999914 2.163000107 0.8529999852 4.014999866 2.061000109 22.58099937
6.764999866 3.08100009 2.223999977 0.8220000267 4.547999859 2.061000109 22.72200012
6.631000042 2.947000027 2.375999928 0.8529999852 4.229000092 1.77699995 21.80800056
5.492000103 3.013999939 1.827999949 0.7009999752 3.730999947 2.309999943 21.73699951
7.903999805 4.487999916 1.523000002 0.6700000167 6.644999981 3.447000027 21.80800056
9.779000282 4.756000042 1.462000012 0.7009999752 7.994999886 3.375999928 21.73699951
13.73099995 6.296000004 3.71600008 1.248999953 9.807999611 4.263999939 21.45599937
13.66399956 6.764999866 3.838000059 1.340000033 9.274999619 4.547999859 21.80800056
13.26200008 6.296000004 3.868000031 1.401000023 8.706000328 3.552999973 21.52599907
12.52499962 5.357999802 3.898999929 1.309999943 8.635000229 3.838000059 20.75200081
11.85499954 5.827000141 3.99000001 1.401000023 8.38599968 3.90899992 21.10400009
12.32400036 5.492000103 4.172999859 1.401000023 7.710999966 3.197999954 21.0340004
11.78800011 3.415999889 4.690999985 1.401000023 6.005000114 1.883000016 20.61199951
10.51599979 4.287000179 4.598999977 1.432000041 5.401000023 2.025000095 20.61199951
5.827000141 2.344000101 2.223999977 0.9139999747 3.730999947 0.8529999852 18.92300034
6.764999866 3.08100009 2.193000078 0.8830000162 4.157999992 1.065999985 19.6970005
8.23900032 2.812999964 2.437000036 0.7609999776 5.329999924 1.421000004 18.99399948
6.56400013 3.148000002 2.193000078 0.6399999857 4.547999859 1.669999957 17.65699959
4.554999828 1.674000025 1.432000041 0.5479999781 3.127000093 1.243999958 21.10400009
4.354000092 2.477999926 1.401000023 0.6399999857 2.914000034 1.279000044 20.47100067
4.889999866 2.477999926 1.491999984 0.6700000167 3.339999914 1.101999998 20.26000023
4.956999779 2.210000038 1.523000002 0.6700000167 2.842999935 0.9950000048 18.85300064
4.68900013 1.942000031 1.70599997 0.6700000167 2.914000034 1.065999985 18.92300034
5.827000141 1.875 2.131999969 0.6090000272 3.802000046 1.136999965 18.71199989
5.022999763 1.875 1.85800004 0.6090000272 3.163000107 1.101999998 17.86800003
5.559000015 2.009000063 2.071000099 0.6090000272 3.482000113 1.101999998 17.16500092
5.090000153 1.875 1.980000019 0.6700000167 3.092000008 1.031000018 16.67200089
4.622000217 2.344000101 1.735999942 0.6399999857 2.772000074 1.457000017 16.25
4.287000179 2.880000114 1.613999963 0.7009999752 2.736000061 1.883000016 15.75800037
4.756000042 2.947000027 1.674999952 0.7609999776 2.914000034 1.812000036 15.33600044
4.354000092 2.746000051 1.401000023 0.6399999857 2.984999895 1.812000036 14.70300007
4.21999979 2.812999964 1.309999943 0.6090000272 2.664999962 1.91900003 14.84300041
3.282000065 2.009000063 1.126999974 0.5479999781 2.131999969 1.669999957 14.42099953
2.947000027 2.210000038 0.9440000057 0.4869999886 1.99000001 1.243999958 14.42099953
3.148000002 2.545000076 1.126999974 0.5180000067 1.953999996 1.56400001 13.71800041
4.287000179 2.075999975 1.248999953 0.5180000067 2.451999903 1.741000056 13.29599953
5.827000141 2.812999964 2.131999969 0.6700000167 3.305000067 1.70599997 13.22500038
6.229000092 2.142999887 2.253999949 0.7009999752 3.944000006 0.9240000248 13.15499973
6.764999866 2.411000013 2.131999969 0.8529999852 3.872999907 1.315000057 12.59200001
7.099999905 3.617000103 2.345000029 1.004999995 4.547999859 1.99000001 13.01399994
7.032999992 3.415999889 2.467000008 0.8529999852 4.868000031 2.203000069 13.08500004
7.234000206 3.013999939 2.740999937 1.004999995 4.477000237 1.741000056 13.8579998
5.69299984 2.477999926 1.980000019 0.9440000057 3.625 1.457000017 18.21999931
5.69299984 2.611999989 1.76699996 0.7609999776 3.944000006 1.598999977 19.48600006
5.827000141 3.148000002 1.644999981 0.8220000267 3.660000086 1.491999984 20.32999992
5.357999802 3.348999977 1.644999981 0.7919999957 3.588999987 1.491999984 21.17399979
5.492000103 2.812999964 1.888000011 0.8220000267 3.588999987 1.812000036 20.96299934
6.56400013 2.812999964 2.223999977 0.7919999957 4.335000038 1.812000036 20.61199951
5.894000053 2.411000013 2.223999977 0.7009999752 3.696000099 1.527999997 21.17399979
5.894000053 2.411000013 2.131999969 0.6399999857 3.76699996 1.491999984 20.82299995
5.625999928 2.477999926 2.040999889 0.7009999752 3.517999887 1.527999997 21.66699982
4.822999954 2.411000013 1.735999942 0.7310000062 3.019999981 1.741000056 21.80800056
6.56400013 3.951999903 1.401000023 0.6399999857 5.081999779 2.203000069 21.45599937
6.831999779 3.148000002 1.432000041 0.6399999857 5.081999779 2.096999884 21.52599907
6.96600008 3.549999952 1.218000054 0.5789999962 5.828000069 2.061000109 20.89299965
6.831999779 3.282000065 1.218000054 0.6090000272 5.507999897 2.131999969 20.96299934
6.296000004 3.750999928 1.218000054 0.6399999857 5.188000202 1.953999996 21.45599937
7.636000156 3.88499999 1.097000003 0.6399999857 5.96999979 2.203000069 20.32999992
8.371999741 4.287000179 1.462000012 0.7310000062 6.822999954 2.984999895 19.76799965
8.305999756 3.617000103 1.76699996 0.8529999852 6.147999763 2.167999983 19.97900009
9.175999641 4.21999979 2.588999987 0.8220000267 7.676000118 2.948999882 20.04899979
8.706999779 4.019000053 2.345000029 1.004999995 6.502999783 2.736000061 20.54100037
8.171999931 4.287000179 2.00999999 0.9440000057 6.324999809 2.772000074 21.45599937
7.234000206 3.415999889 2.101999998 1.065999985 4.725999832 2.381000042 22.93300056
8.43900013 4.152999878 2.467000008 1.065999985 5.96999979 2.523000002 23.84799957
8.706999779 3.88499999 2.832999945 0.9440000057 5.329999924 2.061000109 23.84799957
6.429999828 3.214999914 2.163000107 1.036000013 4.263999939 1.812000036 25.5359993
6.429999828 3.818000078 2.040999889 1.065999985 3.76699996 1.91900003 25.39500046
6.56400013 3.951999903 1.980000019 1.065999985 4.014999866 2.273999929 26.37999916
6.631000042 3.88499999 1.980000019 1.065999985 4.513000011 2.273999929 25.5359993
6.162000179 3.684000015 2.193000078 1.156999946 3.872999907 2.630000114 25.32500076
6.831999779 3.013999939 2.437000036 0.9440000057 4.406000137 1.91900003 25.39500046
6.296000004 2.812999964 2.253999949 0.8220000267 4.051000118 1.741000056 24.62100029
6.497000217 2.678999901 2.223999977 0.7310000062 4.263999939 1.70599997 23.84799957
6.162000179 2.947000027 2.163000107 0.7919999957 4.014999866 1.812000036 22.86300087
6.899000168 2.545000076 1.949000001 0.8529999852 5.614999771 1.84800005 22.29999924
8.907999992 4.822999954 1.432000041 0.6700000167 7.106999874 3.411000013 22.65200043
9.041999817 4.287000179 1.674999952 0.8529999852 7.071000099 3.127000093 22.44099998
13.59700012 6.362999916 4.051000118 1.401000023 9.23900032 4.122000217 22.37000084
14.2670002 7.032999992 4.111999989 1.462000012 9.737000465 4.690999985 21.73699951
12.59200001 5.960999966 4.234000206 1.613999963 8.598999977 3.660000086 23.98800087
13.19499969 6.09499979 4.111999989 1.491999984 8.741999626 4.157999992 23.1439991
12.92700005 6.631000042 4.142000198 1.523000002 8.812999725 4.370999813 22.93300056
13.4630003 5.894000053 4.568999767 1.523000002 8.954999924 3.482000113 22.51099968
15.73999977 6.899000168 5.208000183 1.674999952 10.58899975 4.014999866 22.0890007
14.46800041 6.56400013 4.813000202 1.76699996 9.416999817 3.980000019 22.58099937
9.913000107 5.492000103 2.193000078 1.279000044 7.355999947 3.375999928 23.4260006
8.706999779 4.68900013 2.131999969 1.126999974 6.681000233 3.163000107 24.12899971
8.23900032 3.48300004 2.437000036 1.004999995 4.93900013 2.096999884 24.97299957
7.903999805 4.287000179 2.497999907 0.9139999747 5.543000221 2.559000015 26.52099991
6.296000004 3.214999914 1.91900003 0.8220000267 4.157999992 2.451999903 26.66200066
5.827000141 3.48300004 1.91900003 0.8529999852 3.980000019 1.77699995 27.71699905
5.894000053 3.48300004 1.76699996 0.9139999747 4.122000217 2.594000101 28.49099922
6.362999916 3.148000002 1.827999949 1.004999995 4.051000118 2.559000015 28.63100052
5.827000141 3.617000103 2.00999999 0.9750000238 3.76699996 2.239000082 27.85700035
6.831999779 3.348999977 2.345000029 0.8220000267 4.441999912 2.273999929 27.08399963
6.229000092 2.947000027 2.193000078 0.8220000267 4.122000217 1.883000016 25.95800018
6.56400013 2.812999964 2.315000057 0.7009999752 4.300000191 1.741000056 24.5510006
6.296000004 2.947000027 2.040999889 0.7919999957 4.157999992 2.025000095 23.70700073
5.425000191 3.013999939 1.70599997 0.7009999752 3.872999907 1.421000004 23.4260006
7.636000156 4.21999979 1.735999942 0.7919999957 6.147999763 2.594000101 22.79199982
9.578000069 2.344000101 1.888000011 0.8830000162 7.143000126 1.243999958 22.22999954
9.845999718 3.013999939 1.644999981 0.7919999957 8.279999733 1.953999996 22.37000084
9.979999542 5.223999977 1.462000012 0.7009999752 8.670999527 3.660000086 22.72200012
9.51099968 4.822999954 1.432000041 0.7310000062 8.065999985 3.305000067 22.58099937
9.779000282 4.421000004 1.462000012 0.7009999752 8.208999634 3.339999914 22.37000084
9.175999641 4.421000004 1.309999943 0.6399999857 7.747000217 3.517999887 21.0340004
7.903999805 3.88499999 1.85800004 0.7609999776 6.040999889 2.451999903 20.32999992
12.52499962 2.611999989 2.467000008 0.8220000267 9.701000214 1.527999997 19.6970005
12.45800018 6.229000092 2.405999899 1.065999985 9.451999664 4.051000118 20.68199921
9.979999542 4.956999779 2.315000057 1.218000054 7.568999767 3.411000013 20.68199921
7.301000118 4.889999866 2.28399992 1.187999964 5.081999779 3.127000093 22.44099998
7.769999981 4.019000053 2.223999977 1.004999995 6.005000114 2.664999962 24.34000015
8.640000343 3.684000015 2.497999907 0.9139999747 5.507999897 2.806999922 24.34000015
6.497000217 3.48300004 1.85800004 0.7609999776 4.690999985 2.096999884 24.27000046
5.827000141 3.818000078 2.040999889 0.8830000162 3.944000006 2.203000069 25.4659996
6.027999878 3.684000015 1.91900003 0.9750000238 4.441999912 2.878000021 26.30999947
5.625999928 3.684000015 1.76699996 0.8830000162 3.980000019 1.883000016 27.01300049
5.827000141 3.415999889 1.91900003 0.9440000057 3.944000006 2.309999943 26.73200035
6.764999866 3.08100009 2.163000107 0.7609999776 4.65500021 2.061000109 25.88800049
6.09499979 2.947000027 2.163000107 0.7919999957 3.90899992 1.812000036 25.04400063
6.429999828 2.678999901 2.375999928 0.7919999957 4.122000217 1.669999957 23.98800087
6.027999878 2.880000114 2.223999977 0.8830000162 3.838000059 1.741000056 23.84799957
5.960999966 1.875 1.827999949 0.8529999852 3.838000059 0.9950000048 22.1590004
8.640000343 4.421000004 1.491999984 0.6700000167 7.071000099 3.305000067 21.87800026
8.572999954 4.287000179 1.797000051 0.8529999852 6.751999855 2.700999975 21.73699951
12.85999966 5.760000229 4.142000198 1.462000012 8.31499958 3.055999994 21.94799995
11.31999969 4.889999866 4.081999779 1.401000023 7.214000225 2.948999882 21.73699951
11.85499954 5.559000015 3.898999929 1.432000041 7.747000217 3.339999914 21.87800026
12.32400036 5.357999802 3.806999922 1.371000051 8.173000336 3.588999987 21.38500023
11.85499954 5.492000103 4.051000118 1.371000051 7.249000072 2.700999975 21.59700012
12.32400036 4.822999954 4.263999939 1.340000033 7.853000164 2.948999882 21.73699951
13.52999973 4.956999779 4.994999886 1.491999984 8.741999626 2.772000074 20.47100067
12.45800018 5.827000141 4.751999855 1.613999963 7.532999992 3.269000053 21.17399979
9.109000206 4.152999878 2.163000107 1.248999953 6.965000153 2.630000114 21.94799995
8.038000107 4.152999878 2.467000008 1.371000051 5.188000202 2.415999889 23.28499985
8.774000168 3.818000078 2.740999937 1.248999953 5.96999979 2.736000061 25.88800049
8.104999542 3.415999889 2.740999937 1.126999974 5.578999996 2.167999983 25.81699944
6.162000179 3.148000002 2.00999999 0.9440000057 3.696000099 1.421000004 25.32500076
6.027999878 3.282000065 1.827999949 0.8529999852 3.552999973 1.99000001 26.09900093
6.229000092 3.013999939 1.76699996 0.8830000162 4.370999813 1.953999996 27.9279995
6.296000004 3.282000065 1.91900003 1.036000013 3.838000059 1.741000056 25.5359993
5.760000229 3.148000002 2.163000107 0.9750000238 3.730999947 1.953999996 26.80200005
6.362999916 2.947000027 2.345000029 0.8220000267 4.014999866 1.812000036 25.5359993
5.960999966 2.545000076 2.28399992 0.8830000162 3.588999987 1.527999997 24.76199913
6.764999866 2.545000076 2.559000015 0.9750000238 4.051000118 1.457000017 23.1439991
6.027999878 2.746000051 2.223999977 0.7919999957 3.76699996 1.669999957 22.37000084
7.099999905 2.142999887 1.888000011 0.7609999776 5.188000202 1.741000056 21.45599937
9.444000244 4.421000004 1.735999942 0.8220000267 7.461999893 3.233999968 21.0340004
13.19499969 4.554999828 1.674999952 0.8220000267 11.40699959 2.772000074 21.66699982
14.19999981 4.822999954 1.401000023 0.7310000062 12.50800037 3.339999914 22.29999924
13.39599991 4.354000092 1.309999943 0.6700000167 11.93999958 3.197999954 21.87800026
12.45800018 4.354000092 1.126999974 0.5789999962 11.40699959 2.878000021 22.22999954
12.92700005 4.085999966 1.126999974 0.5789999962 11.65499973 2.878000021 22.22999954
12.32400036 6.162000179 1.340000033 0.6090000272 11.40699959 4.65500021 22.72200012
14.13300037 6.497000217 1.613999963 0.6700000167 12.64999962 5.081999779 22.51099968
15.06999969 6.631000042 2.375999928 0.8220000267 13.18299961 4.65500021 22.79199982
15.06999969 5.492000103 2.315000057 0.9750000238 12.11699963 3.163000107 22.0890007
11.92199993 3.48300004 2.28399992 1.248999953 9.451999664 1.883000016 23.28499985
7.501999855 1.807999969 2.101999998 1.036000013 4.93900013 0.2129999995 23.63699913
8.43900013 1.674000025 2.559000015 1.036000013 5.401000023 0.6039999723 24.34000015
8.23900032 3.415999889 2.862999916 1.097000003 5.329999924 1.741000056 24.90299988
5.357999802 2.947000027 1.85800004 0.9440000057 3.696000099 1.669999957 24.69199944
5.425000191 3.148000002 2.163000107 1.126999974 3.339999914 1.350000024 24.4810009
6.229000092 3.549999952 1.980000019 1.004999995 3.625 1.669999957 24.34000015
6.631000042 3.48300004 2.00999999 1.097000003 4.122000217 2.131999969 23.84799957
5.960999966 2.746000051 1.949000001 0.9440000057 3.802000046 1.56400001 23.35499954
6.697999954 2.27699995 2.315000057 0.8529999852 4.441999912 1.065999985 22.79199982
6.229000092 2.142999887 2.375999928 0.8830000162 3.696000099 1.031000018 22.51099968
6.429999828 2.477999926 2.559000015 0.9440000057 3.802000046 1.315000057 21.66699982
5.894000053 2.880000114 2.253999949 0.9139999747 3.696000099 1.70599997 21.45599937
5.425000191 2.27699995 1.91900003 0.8220000267 3.447000027 1.279000044 20.61199951
6.56400013 4.152999878 1.552999973 0.7310000062 5.366000175 2.878000021 20.32999992
8.23900032 2.812999964 1.674999952 0.7609999776 6.644999981 1.350000024 20.19000053
11.85499954 3.348999977 4.203000069 1.432000041 7.355999947 1.350000024 19.97900009
10.71700001 3.415999889 4.234000206 1.491999984 6.254000187 1.172999978 19.6970005
11.78800011 3.684000015 4.142000198 1.432000041 7.461999893 1.741000056 19.48600006
11.85499954 4.019000053 4.142000198 1.462000012 7.498000145 1.70599997 19.41600037
10.18099976 3.08100009 3.960000038 1.279000044 6.610000134 1.136999965 19.62700081
13.32900047 4.019000053 4.142000198 1.218000054 9.097000122 2.061000109 19.83799934
13.59700012 3.282000065 4.751999855 1.552999973 9.168000221 1.741000056 20.47100067
11.5880003 5.559000015 4.630000114 1.552999973 7 2.948999882 20.32999992
