75.0 77.646088 76.0 78.896316 79.0 82.370793 75.0 76.0 74.817884 73.0 77.731960 79.0
71.639189 72.884650 75.0 76.896285 76.0 78.370254 72.467471 74.0 70.170632 72.0 76.541779 77.0
75.0 75.766658 77.256485 76.896285 77.0 81.0 74.0 75.0 73.453098 63.0 71.337718 75.0
71.775837 72.766429 74.508855 72.200026 74.0 79.0 71.927982 72.0 69.256446 71.0 76.637990 73.0
72.569879 75.521903 75.756972 72.896218 74.0 77.370110 70.927788 72.0 70.052266 77.0 79.0 80.0
73.569925 73.884669 74.508855 74.896252 77.0 80.687972 73.467518 75.0 72.786105 63.0 71.012623 73.0
80.219604 82.646838 82.757179 82.101396 82.0 86.049255 79.467774 82.0 80.416515 69.0 72.912701 69.0
76.792858 75.112620 74.238156 77.0 79.0 79.047221 75.0 77.0 72.453896 47.0 62.729615 64.0
77.423590 78.884757 80.472234 83.896387 85.0 88.688213 80.0 81.0 76.164345 75.0 76.637990 77.0
77.175368 80.646550 79.757095 80.0 79.0 82.688036 75.467608 75.0 72.636968 70.0 72.731290 75.0
76.903022 77.884740 78.757065 80.0 76.0 83.688068 74.467563 75.0 72.828126 67.0 71.636733 72.0
84.423851 86.767361 88.757330 89.896461 90.0 93.688342 83.467924 85.0 85.212650 74.0 84.245455 86.0
75.0 78.522789 81.509720 81.896359 83.0 83.306815 74.0 78.0 80.622587 71.0 76.443109 75.0
83.372361 87.525071 90.510633 91.790908 94.0 95.688390 85.610357 88.0 87.080064 76.0 80.732322 81.0
82.360392 83.646978 87.238518 92.683313 93.0 95.688390 85.322730 86.0 84.079656 74.0 78.444187 75.0
79.0 81.646696 85.258560 88.682888 91.0 92.0 85.930232 84.0 81.514941 72.0 77.542149 75.0
83.793038 85.647246 87.472943 92.790953 94.0 95.688390 85.930232 85.0 80.052439 73.0 77.731960 77.0
78.423630 83.270103 86.0 90.896473 92.0 94.372135 83.467924 83.0 81.637606 74.0 79.542860 76.0
77.977795 81.767065 85.510150 89.682998 89.0 90.371728 80.163546 81.0 82.308770 74.0 78.732084 79.0
78.0 81.523608 85.0 89.682998 92.0 92.688318 82.467887 83.0 81.514941 75.0 82.446178 85.0
77.570097 81.523608 85.472752 90.683105 92.0 94.372135 81.835079 82.0 80.258984 71.0 77.638221 79.0
78.202935 82.398122 84.0 86.790669 88.0 90.371728 80.929518 83.0 81.498776 74.0 79.542860 79.0
80.038515 83.646978 88.473035 91.0 92.0 94.372135 81.163661 82.0 84.0 76.0 79.638665 80.0
78.276547 77.884740 82.238392 85.682542 88.0 88.688213 77.929045 81.0 81.079218 73.0 81.543534 78.0
78.841124 83.398526 87.238518 90.790862 91.0 90.688266 81.530874 83.0 82.079367 74.0 79.638665 77.0
80.623837 84.647113 88.0 91.896484 92.0 92.371936 82.467887 85.0 85.560006 74.0 79.542860 80.0
75.623318 80.397283 86.0 90.896473 91.0 91.688292 82.467887 84.0 83.052570 75.0 78.732084 79.0
84.058182 86.524841 89.238564 92.896495 93.0 94.372135 83.467924 85.0 84.175531 74.0 80.344816 79.0
82.828121 86.524841 87.0 91.790908 91.0 93.372037 83.385893 84.0 83.841382 73.0 77.542149 75.0
75.423507 76.766731 81.238365 86.682660 88.0 89.371620 80.384894 83.0 80.350930 79.0 81.732436 81.0
78.828033 83.524120 88.238541 91.790908 92.0 93.688342 85.467993 88.0 84.790903 76.0 80.543202 78.0
78.359988 79.646400 83.0 89.896461 90.0 90.688266 80.834481 80.0 79.768929 71.0 78.444187 79.0
79.0 80.767002 81.257574 86.572328 90.0 91.371833 81.222197 82.0 81.841060 71.0 76.541779 76.0
78.423630 81.646696 84.757231 89.682998 93.0 91.688292 82.622289 83.0 83.769202 74.0 80.445209 79.0
77.029988 80.646550 83.238418 89.572940 91.0 92.0 80.929518 84.0 85.035358 72.0 75.637752 76.0
78.202935 81.646696 83.757205 87.790719 89.0 91.688292 78.690337 82.0 84.212523 73.0 75.731703 75.0
73.0 76.395466 80.472234 87.682776 90.0 92.0 82.0 82.0 81.079218 72.0 79.444705 80.0
76.570056 79.523069 84.0 87.896438 90.0 91.688292 78.231645 81.0 82.401902 71.0 76.541779 74.0
76.0 78.646246 83.472552 87.0 90.0 89.0 72.829104 72.0 76.025976 71.0 77.542149 76.0
76.690906 79.523069 82.757179 86.790669 87.0 87.306931 75.928710 77.0 75.839992 72.0 75.731703 72.0
77.423590 79.646400 79.509488 80.790342 84.0 81.0 72.268789 75.0 69.992274 71.0 75.731703 76.0
73.359420 73.884669 75.756972 79.0 80.0 84.688098 77.295414 80.0 76.442844 74.0 74.912730 74.0
71.0 73.645412 76.0 77.0 75.0 79.370394 69.766447 74.0 76.220441 72.0 75.637752 74.0
77.423590 80.523342 81.238365 83.101410 87.0 89.371620 76.831932 77.0 77.982861 73.0 75.731703 75.0
69.888786 73.645412 79.238309 80.0 82.0 82.0 70.230697 79.0 77.189628 73.0 78.542509 78.0
73.0 75.521903 78.757065 79.790282 79.0 82.0 73.829839 75.0 73.461082 73.0 76.637990 76.0
71.423326 72.884650 75.0 77.790159 79.0 79.687938 72.0 74.0 71.599503 71.0 75.541398 72.0
72.0 74.645588 76.757004 76.101310 77.0 81.370663 75.383728 77.0 74.651358 73.0 76.731834 76.0
73.133081 75.521903 78.757065 80.790342 82.0 84.371044 76.467651 79.0 76.172040 71.0 75.823339 75.0
70.947722 72.766429 74.0 72.200026 72.0 75.0 70.467374 72.0 67.002378 75.0 77.731960 76.0
74.219432 76.645926 77.757035 77.896301 80.0 81.0 75.467608 78.0 77.122080 69.0 74.637508 76.0
75.0 75.884705 78.0 79.0 77.0 82.370793 76.0 78.0 76.461262 76.0 79.732204 80.0
72.0 72.884650 73.756906 74.0 75.0 78.370254 71.467423 74.0 69.904098 71.0 74.541007 72.0
72.901819 75.521903 81.509720 81.896359 82.0 82.0 74.117929 74.0 72.828126 70.0 68.085063 65.0
76.570056 77.766801 79.757095 80.0 80.0 82.370793 76.0 77.0 74.349305 76.0 76.823396 81.0
71.792707 73.645412 74.756939 75.0 74.0 75.369811 69.0 70.0 68.213816 71.0 70.0 67.0
77.792885 76.884723 77.757035 77.101325 77.0 80.370530 75.467608 78.0 76.052419 45.0 73.637257 76.0
74.423463 76.766731 78.757065 79.0 76.0 81.688004 76.383441 76.0 72.482208 71.0 77.239029 76.0
77.0 77.884740 78.757065 78.0 78.0 81.688004 73.0 77.0 76.078410 72.0 72.823160 72.0
81.792989 85.524607 85.757257 86.200821 85.0 90.688266 81.929668 85.0 83.052570 75.0 78.732084 78.0
76.0 80.397283 84.0 84.896400 88.0 89.0 79.525958 83.0 82.866926 70.0 80.344816 80.0
77.623533 83.398526 86.757282 87.0 88.0 91.371833 80.384894 83.0 83.008122 72.0 75.731703 77.0
80.423707 85.524607 88.0 91.573326 92.0 94.688367 83.467924 87.0 86.357335 69.0 82.243740 81.0
80.372257 85.271248 90.0 92.790953 92.0 93.372037 85.467993 86.0 82.122826 75.0 77.823451 79.0
80.792964 84.398919 90.0 92.790953 93.0 93.688342 85.0 85.0 82.357276 72.0 80.344816 79.0
84.219704 87.400044 90.0 92.790953 94.0 95.0 86.322799 87.0 85.542836 70.0 74.731569 75.0
79.792939 81.646696 82.757179 86.682660 89.0 92.0 80.929518 81.0 80.453716 76.0 79.638665 78.0
79.841278 84.524366 88.0 90.790862 93.0 93.307087 85.232327 85.0 85.402042 75.0 79.638665 81.0
75.423507 78.522789 80.238337 86.682660 88.0 89.371620 78.833239 79.0 79.542617 77.0 82.639290 83.0
76.673881 81.523608 84.0 87.896438 89.0 93.372037 81.929668 84.0 83.458462 73.0 76.731834 75.0
75.902733 80.268272 85.757257 89.896461 91.0 93.372037 83.766879 86.0 81.308531 77.0 80.732322 82.0
80.134259 82.269508 88.757330 91.790908 93.0 93.688342 85.467993 87.0 83.945879 76.0 80.543202 79.0
76.423549 80.268272 85.757257 87.0 86.0 86.688157 75.383053 77.0 78.680408 79.0 84.544483 82.0
76.423549 77.884740 81.472342 85.682542 87.0 89.0 79.0 80.0 81.212120 73.0 78.638446 76.0
75.229878 81.523608 82.757179 86.459595 90.0 93.050979 82.467887 84.0 83.373741 76.0 78.823504 80.0
79.360093 78.884757 79.757095 82.896373 87.0 88.0 78.525918 82.0 79.637477 74.0 81.345500 81.0
80.423707 83.646978 85.510150 88.790768 89.0 90.688266 81.929668 82.0 79.831174 79.0 83.639487 83.0
78.581571 81.268898 82.472449 89.572940 90.0 92.688318 83.467924 85.0 82.654144 71.0 76.541779 75.0
79.792939 81.646696 82.238392 90.573135 92.0 88.906755 81.074005 82.0 78.650513 73.0 76.637990 76.0
78.0 81.767065 83.757205 85.0 87.0 89.371620 78.142418 79.0 78.680408 73.0 79.444705 79.0
79.0 82.523867 85.258560 85.101435 87.0 91.050514 82.610255 86.0 83.489896 74.0 79.444705 80.0
75.219463 76.766731 78.757065 82.682171 86.0 89.050027 72.702862 82.0 79.637477 76.0 81.543534 80.0
74.775935 76.766731 81.238365 83.0 86.0 86.306903 76.877042 84.0 85.885907 74.0 78.732084 78.0
79.0 79.523069 80.238337 83.682298 86.0 87.371398 74.271087 76.0 77.371682 73.0 79.638665 79.0
75.0 78.766870 80.757123 84.571894 88.0 89.0 77.231537 80.0 79.983150 74.0 81.445700 81.0
77.792885 81.397708 83.0 88.682888 89.0 89.0 79.073263 84.0 82.470275 73.0 79.444705 79.0
79.0 82.398122 84.757231 88.682888 93.0 95.051424 84.228891 87.0 82.603038 76.0 81.543534 80.0
79.219577 81.767065 83.0 86.790669 87.0 87.688185 78.525918 84.0 82.327467 74.0 81.543534 81.0
74.434344 75.645759 77.471891 79.790282 84.0 86.688157 67.383357 72.0 74.814120 70.0 74.637508 74.0
76.219492 76.766731 78.757065 80.0 80.0 80.0 72.467471 76.0 77.982861 73.0 76.731834 71.0
83.776186 84.767247 84.238444 89.345821 93.0 93.307087 78.929207 81.0 78.220273 74.0 78.638446 73.0
81.570252 81.884805 82.757179 88.682888 86.0 87.371398 74.619989 76.0 73.171365 73.0 78.638446 77.0
73.792770 74.766584 75.0 76.896285 77.0 81.370663 75.467608 75.0 72.257301 75.0 78.732084 75.0
74.0 74.766584 78.472008 81.0 82.0 82.306784 72.467471 74.0 73.052346 76.0 78.823504 78.0
74.775935 75.766658 78.757065 77.0 75.0 75.369811 70.0 75.0 72.231810 73.0 76.637990 77.0
76.0 78.522789 74.756939 74.0 69.0 76.687832 70.467374 73.0 70.917372 73.0 77.542149 74.0
72.219369 72.766429 74.756939 75.896269 74.0 77.687869 68.927381 73.0 72.077684 74.0 75.823339 75.0
73.569925 73.884669 73.508718 74.789961 74.0 78.370254 70.467374 71.0 69.347737 75.0 75.0 76.0
73.840290 74.884687 75.508988 75.790028 76.0 80.687972 73.467518 72.0 66.702612 66.0 73.540604 72.0
73.850540 75.521903 77.757035 77.101325 78.0 80.687972 72.928172 74.0 70.322851 71.0 76.443109 78.0
72.202765 74.766584 73.756906 73.0 73.0 79.370394 72.467471 74.0 71.257064 74.0 79.344113 75.0
76.219492 79.523069 81.257574 80.0 79.0 81.688004 75.467608 76.0 75.356489 71.0 74.912730 76.0
73.792770 76.522206 78.0 77.101325 77.0 82.370793 71.467423 73.0 72.439377 78.0 80.732322 76.0
74.423463 75.884705 76.0 77.896301 79.0 77.717688 73.444400 76.0 72.982068 70.0 71.912685 69.0
72.423373 75.645759 76.509118 77.790159 79.0 80.687972 73.231077 73.0 71.389890 73.0 73.912716 72.0
76.840803 80.646550 82.473606 84.790565 85.0 91.0 82.238914 86.0 76.967120 59.0 75.793741 78.0
79.570176 79.884773 80.757123 79.101355 79.0 85.688128 75.928710 80.0 78.216056 69.0 73.339458 78.0
78.792912 79.766937 82.238392 83.101410 85.0 90.688266 82.0 82.0 81.052530 67.0 73.339458 76.0
78.722796 82.523867 85.0 87.101460 88.0 90.688266 82.279164 86.0 85.212650 65.0 74.541007 68.0
82.219655 82.767127 85.238469 86.896425 86.0 88.688213 79.525958 82.0 81.222068 72.0 79.542860 81.0
79.841278 84.647113 85.510150 85.896413 87.0 88.371510 80.467813 83.0 80.232309 76.0 79.444705 84.0
80.841428 86.271800 88.238541 92.683313 93.0 93.688342 84.467959 87.0 86.984058 78.0 84.639680 83.0
82.219655 87.400044 89.0 91.790908 93.0 95.0 85.232327 87.0 85.445808 78.0 84.347449 84.0
83.0 85.647246 90.757376 91.896484 94.0 94.688367 83.385893 85.0 84.400206 73.0 79.638665 83.0
79.776082 83.646978 87.757306 90.790862 90.0 93.725466 83.467924 86.0 85.130169 70.0 83.244609 83.0
80.841428 83.646978 88.238541 90.790862 93.0 94.688367 84.622796 84.0 83.773776 77.0 83.446644 81.0
76.623427 79.523069 81.509720 82.790456 87.0 87.688185 76.831932 77.0 77.982861 74.0 79.542860 76.0
84.203082 85.767304 89.757353 92.896495 94.0 94.688367 84.386210 87.0 85.655054 76.0 79.638665 82.0
82.793014 83.646978 85.258560 90.790862 92.0 94.0 82.279164 83.0 86.741842 74.0 81.345500 80.0
75.801077 80.523342 81.238365 85.790617 88.0 91.0 80.929518 84.0 82.654144 75.0 81.639087 82.0
77.639902 81.523608 82.238392 88.896450 90.0 92.371936 82.835663 87.0 81.980840 76.0 82.346167 84.0
77.423590 81.523608 83.238418 90.346279 90.0 93.372037 83.144782 86.0 83.461632 77.0 81.639087 81.0
78.219549 82.398122 85.757257 89.896461 91.0 93.688342 81.835079 82.0 83.983688 77.0 82.543859 80.0
78.835349 83.524120 87.0 90.790862 93.0 94.372135 85.0 87.0 84.498923 74.0 79.542860 77.0
80.632240 80.767002 83.0 86.896425 87.0 92.371936 85.467993 88.0 82.790200 72.0 82.138811 82.0
76.423549 80.646550 87.0 90.460884 90.0 89.0 79.231750 82.0 78.773221 77.0 82.446178 83.0
78.841124 81.767065 83.0 86.896425 88.0 89.688240 77.071898 79.0 81.364698 76.0 81.543534 81.0
73.052707 75.884705 79.509488 80.790342 88.0 92.371936 77.832594 84.0 83.697460 72.0 76.637990 78.0
74.423463 78.646246 83.238418 87.682776 88.0 89.688240 79.929364 81.0 80.461481 75.0 80.445209 76.0
79.423669 82.646838 84.238444 86.790669 89.0 89.609280 79.589499 81.0 78.695838 75.0 79.542860 82.0
82.219655 83.767188 84.238444 91.683210 93.0 93.688342 83.385893 86.0 86.017517 75.0 81.543534 79.0
77.570097 80.646550 83.258079 85.790617 90.0 88.0 77.467693 81.0 79.498671 72.0 77.342648 74.0
71.622851 74.0 77.238250 84.571894 89.0 91.0 79.713564 79.0 81.095968 78.0 79.732204 80.0
76.0 80.523342 82.509831 83.790511 87.0 86.371283 71.927982 80.0 79.178114 76.0 79.823556 81.0
75.655670 80.523342 81.757151 83.896387 86.0 89.0 77.274311 79.0 79.542617 74.0 79.732204 80.0
79.0 81.523608 82.257830 83.790511 85.0 85.0 77.228703 78.0 76.218997 73.0 79.542860 80.0
81.792989 82.884820 82.757179 85.682542 87.0 88.371510 78.467734 81.0 78.912227 70.0 73.637257 74.0
76.792858 78.766870 80.509606 84.0 87.0 90.371728 82.385568 82.0 77.735596 69.0 73.637257 73.0
78.038007 84.398919 83.509940 84.790565 89.0 90.0 77.383818 79.0 74.356048 73.0 75.912745 74.0
77.342769 78.522789 80.701813 85.682542 85.0 86.0 78.751937 80.0 75.651739 71.0 79.542860 77.0
79.0 78.884757 81.148488 86.896425 84.0 85.048985 78.0 80.0 77.050617 77.0 81.639087 79.0
72.569879 72.884650 75.0 80.790342 81.0 82.370793 72.162516 77.0 75.729743 72.0 76.637990 73.0
74.792800 75.0 78.238280 79.101355 77.0 79.687938 73.382247 75.0 72.231810 75.0 76.823396 74.0
73.423419 74.0 73.0 74.896252 77.0 79.687938 71.467423 73.0 71.956600 72.0 77.731960 73.0
70.792675 70.766265 72.0 75.0 74.0 80.687972 73.467518 74.0 71.772317 75.0 77.823451 75.0
73.423419 74.766584 76.509118 76.896285 76.0 80.687972 71.467423 74.0 73.680057 68.0 75.541398 74.0
81.134410 81.767065 81.509720 81.0 80.0 83.688068 75.467608 77.0 75.637198 72.0 76.541779 81.0
73.792770 75.766658 78.757065 77.896301 78.0 80.687972 74.467563 78.0 72.076292 69.0 77.443655 77.0
81.581885 82.646838 85.757257 85.101435 87.0 89.688240 81.766826 84.0 85.623313 68.0 70.912670 72.0
77.0 77.884740 80.757123 80.101369 80.0 81.688004 74.0 77.0 77.319555 79.0 81.639087 81.0
72.0 72.112565 74.0 74.0 73.0 76.687832 69.0 71.0 69.493503 70.0 74.441968 74.0
72.359297 72.645231 75.508988 76.0 76.0 79.370394 72.140554 75.0 70.158989 76.0 77.823451 76.0
81.0 82.767127 84.510046 84.0 82.0 85.371165 77.467693 81.0 76.299673 72.0 74.637508 75.0
78.0 81.646696 83.757205 83.101410 81.0 83.688068 76.0 79.0 77.364496 70.0 79.638665 73.0
80.423707 83.646978 84.0 84.896400 86.0 89.688240 80.929518 83.0 79.350676 59.0 65.435901 64.0
80.841428 85.524607 86.510251 87.896438 86.0 88.0 80.467813 82.0 79.637477 72.0 82.732547 81.0
76.202881 81.523608 81.257574 83.896387 86.0 84.688098 74.928535 79.0 79.174861 74.0 73.823221 76.0
83.741126 84.647113 90.0 91.0 92.0 94.0 85.467993 88.0 86.499016 75.0 80.638879 80.0
78.636863 86.399678 91.0 92.896495 94.0 95.688390 85.467993 89.0 88.357466 69.0 76.443109 76.0
80.0 85.399303 86.238494 89.896461 92.0 95.372232 86.0 88.0 87.043286 72.0 77.638221 82.0
80.623837 84.524366 89.238564 91.896484 91.0 92.0 83.929957 85.0 82.912332 75.0 84.034097 86.0
79.798988 81.523608 82.757179 86.896425 90.0 91.050514 80.834481 84.0 81.864543 73.0 77.542149 78.0
78.202935 83.524120 86.0 90.683105 93.0 94.688367 84.386210 86.0 84.498923 73.0 78.542509 81.0
81.623933 85.767304 89.0 90.896473 93.0 93.372037 81.929668 87.0 83.351655 73.0 79.638665 82.0
78.045918 80.767002 81.0 84.0 89.0 88.049776 76.295379 82.0 80.079064 69.0 78.444187 75.0
81.921690 80.767002 85.472752 89.0 90.0 93.0 82.154290 83.0 81.417979 77.0 84.447098 85.0
82.0 84.524366 87.757306 88.790768 88.0 89.306986 79.231750 83.0 82.654144 73.0 78.638446 78.0
80.570215 82.523867 82.0 85.0 86.0 89.0 79.766771 83.0 80.609447 74.0 81.543534 79.0
80.447421 83.767188 87.0 89.896461 91.0 93.688342 82.929814 86.0 84.146477 76.0 82.446178 82.0
77.219521 80.523342 82.702287 86.0 87.0 88.371510 74.928535 78.0 79.700134 79.0 81.732436 78.0
77.0 80.523342 82.757179 85.0 84.0 86.371283 78.467734 82.0 82.079367 77.0 82.732547 83.0
81.621955 84.398919 87.510350 91.790908 94.0 95.688390 86.0 88.0 83.441858 76.0 81.345500 81.0
75.219463 77.646088 83.757205 82.101396 87.0 88.371510 75.680154 79.0 83.357127 72.0 77.638221 78.0
78.841124 84.398919 88.238541 89.0 92.0 93.688342 84.467959 87.0 85.560006 77.0 83.544175 84.0
79.776082 82.523867 85.238469 87.896438 93.0 94.372135 83.467924 84.0 82.593663 73.0 79.638665 77.0
79.080360 81.523608 84.757231 87.896438 91.0 92.371936 83.0 85.0 81.964303 74.0 80.543202 78.0
75.623318 79.646400 83.238418 86.790669 88.0 90.688266 81.467850 83.0 82.680658 72.0 79.444705 76.0
76.0 79.646400 82.238392 87.790719 90.0 89.688240 77.163185 81.0 83.924915 76.0 83.544175 81.0
77.230735 83.646978 85.932468 89.460573 91.0 91.688292 78.275331 79.0 82.542730 74.0 78.638446 79.0
81.792989 83.646978 88.757330 92.683313 94.0 95.688390 84.386210 88.0 86.499016 77.0 82.446178 77.0
74.423463 77.646088 79.509488 84.682422 86.0 89.306986 78.929207 81.0 77.773102 75.0 81.445700 81.0
80.623837 82.884820 80.757123 82.790456 92.0 92.688318 81.242875 84.0 84.400206 75.0 80.543202 79.0
78.776054 82.523867 83.0 86.682660 89.0 89.050027 78.621198 81.0 80.318495 72.0 78.542509 77.0
78.0 83.398526 84.510046 86.682660 90.0 91.050514 81.278241 84.0 82.362876 71.0 79.344113 81.0
75.623318 83.524120 84.757231 87.896438 90.0 93.688342 82.531166 81.0 77.537701 74.0 78.542509 78.0
77.0 78.884757 82.509831 83.790511 85.0 87.049518 78.929207 80.0 79.498671 74.0 79.444705 80.0
74.569970 76.395466 77.238250 76.790094 77.0 79.687938 70.927788 77.0 73.956616 76.0 77.823451 74.0
76.621767 75.0 79.757095 80.896345 83.0 85.306874 77.0 76.0 74.694382 74.0 74.823281 73.0
73.342288 75.521903 81.509720 82.790456 85.0 90.688266 79.467774 83.0 83.052570 76.0 76.823396 77.0
74.775935 76.766731 84.238444 89.682998 90.0 91.688292 82.163772 83.0 84.096005 71.0 76.912758 73.0
73.342288 72.884650 77.256485 75.0 73.0 78.687904 69.687685 72.0 72.356213 72.0 75.541398 78.0
73.733512 75.645759 79.757095 80.0 78.0 79.687938 72.467471 75.0 76.0 70.0 75.541398 73.0
71.947732 74.766584 76.0 78.0 77.0 79.687938 71.766519 74.0 72.280557 67.0 77.542149 75.0
72.423373 73.884669 76.509118 75.0 74.0 77.687869 70.0 71.0 67.347045 66.0 67.730517 72.0
76.423549 77.884740 81.238365 83.0 82.0 86.371283 77.929045 80.0 75.863698 71.0 77.638221 79.0
74.0 75.766658 75.756972 76.0 76.0 79.687938 71.0 75.0 73.189390 76.0 76.912758 79.0
72.219369 73.645412 75.471648 79.570711 79.0 81.370663 73.829839 74.0 72.672813 73.0 74.541007 71.0
77.219521 77.884740 79.757095 80.896345 78.0 83.370920 78.0 81.0 78.637409 74.0 76.823396 69.0
74.0 74.884687 74.508855 73.0 69.0 75.369811 71.0 72.0 66.603606 63.0 76.131367 76.0
78.570137 78.884757 80.509606 79.0 77.0 80.687972 76.228673 77.0 74.393288 43.0 65.435901 69.0
75.0 74.0 77.757035 77.101325 73.0 80.370530 75.044889 78.0 74.772725 63.0 72.014585 71.0
75.202853 77.646088 80.757123 82.0 80.0 84.688098 75.231313 73.0 69.032988 52.0 71.900308 80.0
77.037744 82.523867 87.510350 86.896425 88.0 90.688266 83.0 86.0 83.939332 68.0 72.636999 75.0
81.0 82.767127 83.757205 84.0 86.0 86.306903 77.467693 82.0 81.746729 75.0 80.543202 80.0
80.150523 83.524120 84.510046 85.896413 89.0 87.688185 76.928880 82.0 82.216269 75.0 80.445209 80.0
82.050990 85.647246 91.757398 92.790953 94.0 95.688390 85.467993 88.0 85.939619 74.0 79.638665 78.0
84.0 86.647375 91.757398 92.896495 94.0 95.688390 85.467993 87.0 86.079931 77.0 83.544175 83.0
81.776135 84.524366 88.757330 92.790953 94.0 94.688367 84.930096 86.0 83.498875 78.0 80.912810 78.0
83.219680 86.524841 87.510350 91.573326 93.0 93.688342 81.929668 83.0 78.486162 77.0 82.446178 82.0
80.423707 81.767065 84.0 91.683210 93.0 94.0 83.467924 85.0 83.216975 77.0 84.544483 84.0
83.793038 85.767304 90.0 92.896495 94.0 95.0 82.929814 84.0 84.498923 76.0 83.346816 86.0
76.819254 81.767065 84.238444 90.683105 94.0 94.688367 81.385235 83.0 83.498875 75.0 80.445209 83.0
80.0 82.523867 85.757257 88.682888 90.0 91.371833 83.699382 84.0 84.559733 73.0 85.246280 83.0
78.640010 81.523608 85.472752 91.790908 92.0 92.688318 80.929518 81.0 81.461810 76.0 83.544175 78.0
75.133440 78.522789 83.757205 84.790565 86.0 88.371510 80.0 82.0 82.912332 75.0 78.823504 77.0
82.570289 84.647113 86.703171 88.790768 91.0 92.371936 80.856250 82.0 81.356979 76.0 81.445700 81.0
78.202319 82.646838 83.757205 87.896438 90.0 91.0 77.383818 80.0 82.453873 76.0 78.732084 76.0
80.202987 81.884805 84.510046 88.790768 90.0 91.371833 78.929207 82.0 82.912332 75.0 79.542860 77.0
82.793014 85.524607 90.0 91.790908 91.0 93.688342 84.930096 86.0 84.123100 77.0 84.347449 84.0
77.570097 81.397708 83.0 86.790669 91.0 92.371936 81.929668 85.0 81.814398 78.0 80.638879 83.0
83.793038 84.767247 89.473125 92.790953 93.0 91.371833 78.833239 83.0 83.079513 74.0 77.912772 76.0
80.219604 83.398526 86.757282 88.0 89.0 90.0 81.467850 82.0 78.012553 74.0 78.638446 78.0
77.570097 81.523608 86.238494 88.896450 91.0 92.688318 79.683223 83.0 81.216621 73.0 80.445209 81.0
83.0 85.767304 90.0 92.896495 93.0 95.372232 84.691791 86.0 84.461680 75.0 80.543202 80.0
78.0 81.523608 85.472752 90.573135 93.0 93.372037 81.610220 84.0 81.222068 74.0 76.912758 77.0
78.202935 80.646550 84.472653 87.682776 94.0 94.0 82.622289 86.0 86.499016 74.0 78.542509 78.0
81.581885 85.524607 88.757330 91.896484 92.0 94.688367 84.930096 85.0 84.654758 72.0 77.731960 78.0
81.307639 81.0 83.238418 89.572940 91.0 92.688318 82.385568 83.0 81.511212 73.0 79.542860 76.0
80.038515 84.647113 83.757205 89.790816 91.0 92.371936 80.0 82.0 82.165282 72.0 77.443655 79.0
78.0 81.646696 82.257830 85.682542 90.0 90.371728 79.929364 80.0 81.319866 75.0 80.445209 81.0
78.133944 81.268898 82.472449 88.572741 89.0 90.050273 80.525997 82.0 78.354646 74.0 78.732084 80.0
74.359539 76.645926 77.0 77.896301 80.0 84.0 72.467471 77.0 77.356661 71.0 75.731703 72.0
77.581461 76.766731 74.924451 83.342834 85.0 84.0 69.927587 77.0 73.512191 71.0 74.637508 71.0
78.0 77.766801 82.238392 86.790669 84.0 84.688098 73.467518 76.0 76.258186 68.0 73.637257 73.0
77.359890 76.645926 79.238309 85.0 86.0 88.0 78.0 79.0 79.912254 74.0 76.637990 77.0
71.202734 72.884650 73.238122 79.896331 81.0 84.048709 71.381396 74.0 73.691999 73.0 78.542509 79.0
76.623427 78.646246 81.702053 86.0 84.0 86.306903 76.231427 79.0 80.319791 71.0 75.731703 76.0
73.977500 76.884723 79.0 80.896345 80.0 88.391443 78.467734 80.0 75.911771 76.0 79.732204 76.0
74.792800 75.766658 78.509368 77.896301 76.0 79.687938 71.467423 74.0 72.095836 72.0 75.637752 77.0
79.792939 79.766937 79.238309 80.790342 81.0 83.688068 77.467693 78.0 74.599743 73.0 75.823339 70.0
71.359170 72.766429 73.0 76.790094 77.0 81.0 75.383053 78.0 73.259472 75.0 76.731834 70.0
76.037473 79.646400 82.0 82.101396 79.0 85.371165 77.467693 79.0 76.815028 72.0 76.637990 77.0
76.0 78.646246 79.257044 77.896301 78.0 81.688004 72.928172 75.0 71.498194 68.0 74.441968 76.0
73.569925 73.884669 75.508988 75.0 76.0 81.370663 73.928356 74.0 71.460954 71.0 72.912701 74.0
74.0 74.884687 76.0 77.0 77.0 82.048136 74.0 76.0 75.814892 74.0 75.823339 78.0
79.423669 83.524120 88.757330 86.101447 86.0 86.688157 79.0 83.0 77.302059 70.0 75.637752 76.0
69.792641 70.644853 75.471648 70.101209 76.0 77.046571 71.525607 74.0 73.984486 73.0 77.638221 78.0
73.423419 73.884669 75.508988 75.896269 78.0 79.0 72.0 73.0 71.415706 31.0 66.242905 63.0
76.570056 76.645926 82.238392 84.896400 82.0 84.688098 64.006977 69.0 66.253934 60.0 73.127135 73.0
75.202853 79.646400 81.757151 80.101369 80.0 88.049776 79.0 81.0 78.004135 51.0 68.650260 73.0
79.921190 80.646550 82.928021 84.896400 87.0 89.306986 80.929518 78.0 72.258747 71.0 74.637508 76.0
80.0 82.767127 82.509831 83.0 81.0 83.688068 78.0 83.0 81.609788 70.0 75.912745 78.0
75.792829 77.646088 79.0 82.682171 85.0 89.688240 78.467734 80.0 80.372749 72.0 73.731432 74.0
82.253614 88.525294 91.510723 92.896495 94.0 95.688390 85.467993 88.0 87.258539 76.0 85.142102 86.0
80.776109 86.141116 90.757376 92.896495 94.0 95.688390 81.278241 86.0 85.912404 78.0 81.345500 82.0
81.219630 86.399678 87.757306 91.790908 93.0 95.0 81.385235 84.0 83.228948 76.0 82.639290 83.0
83.253932 86.767361 86.238494 91.683210 93.0 94.688367 85.467993 88.0 83.008295 74.0 80.344816 74.0
82.640417 86.524841 89.0 91.896484 93.0 93.688342 82.385568 83.0 80.922606 75.0 83.244609 80.0
81.621955 83.646978 88.0 92.683313 94.0 94.688367 84.467959 86.0 82.095981 75.0 81.445700 80.0
80.202987 83.646978 88.757330 91.683210 91.0 93.372037 82.545167 82.0 82.559169 71.0 79.638665 78.0
80.423707 83.646978 85.238469 89.682998 91.0 90.688266 81.045874 84.0 81.730472 74.0 79.542860 81.0
78.792912 84.139562 88.238541 92.790953 94.0 93.688342 81.929668 81.0 80.956665 76.0 82.446178 82.0
81.254250 83.884835 85.757257 91.573326 93.0 91.688292 81.929668 82.0 83.401950 74.0 80.543202 82.0
76.819254 80.767002 89.003985 92.461484 94.0 95.688390 82.385568 87.0 85.769328 75.0 81.543534 77.0
80.0 82.646838 84.238444 88.682888 91.0 91.688292 82.467887 85.0 79.189738 73.0 80.445209 80.0
81.841575 83.884835 86.757282 91.683210 93.0 94.688367 84.467959 88.0 85.123232 75.0 80.638879 79.0
84.219704 85.0 88.0 90.896473 91.0 94.051204 82.929814 85.0 83.697460 73.0 77.638221 77.0
80.776109 83.524120 85.472752 89.0 91.0 92.688318 82.385568 83.0 81.983426 75.0 82.543859 82.0
83.0 84.884849 89.0 91.790908 94.0 95.688390 85.467993 89.0 85.830400 74.0 81.345500 79.0
80.202987 85.524607 88.0 91.790908 94.0 95.372232 83.592516 84.0 82.814434 74.0 78.638446 77.0
81.623933 84.647113 89.238564 92.896495 94.0 95.688390 84.087746 87.0 86.560272 72.0 78.638446 79.0
79.219577 82.523867 85.472752 92.790953 94.0 95.688390 85.467993 87.0 85.912404 74.0 79.444705 74.0
80.402017 81.767065 84.238444 87.896438 90.0 91.371833 80.621757 82.0 78.557953 78.0 85.447541 85.0
78.792912 80.523342 83.757205 86.790669 93.0 92.0 80.467813 84.0 82.122826 75.0 79.542860 79.0
81.841575 82.767127 85.0 88.682888 89.0 90.688266 77.690073 79.0 77.788285 72.0 77.731960 76.0
76.423549 79.646400 82.702287 88.682888 92.0 93.688342 81.385235 82.0 77.938385 72.0 77.638221 74.0
84.134843 83.767188 85.238469 87.896438 90.0 90.688266 80.384894 82.0 79.696179 73.0 77.638221 79.0
78.219549 79.646400 81.0 85.896413 86.0 89.371620 79.384544 82.0 82.052550 75.0 80.638879 79.0
77.0 79.646400 82.702287 86.790669 90.0 91.0 79.384544 83.0 81.773562 75.0 82.446178 79.0
80.423707 84.398919 86.0 88.896450 89.0 91.371833 78.384186 81.0 81.008040 71.0 76.541779 75.0
69.817531 73.766508 76.0 79.681771 81.0 83.688068 69.927587 74.0 74.182778 71.0 76.637990 75.0
76.150371 78.766870 77.0 82.571439 82.0 84.688098 73.307792 73.0 73.866344 74.0 76.731834 73.0
80.219604 79.884773 82.509831 82.896373 85.0 83.688068 76.383441 81.0 79.542617 74.0 77.638221 77.0
75.639677 81.397708 83.757205 87.790719 88.0 90.0 74.830555 78.0 77.593258 73.0 76.637990 75.0
75.621726 75.0 76.238219 83.896387 81.0 86.688157 78.525918 79.0 75.814892 74.0 78.638446 78.0
74.423463 73.222500 76.700792 86.896425 89.0 88.054205 76.928880 85.0 78.617704 75.0 77.638221 77.0
74.219432 73.884669 75.756972 78.790221 81.0 84.371044 75.928710 78.0 76.461262 73.0 77.912772 79.0
75.423507 79.766937 80.757123 80.0 81.0 86.371283 76.0 78.0 75.542451 74.0 79.823556 80.0
70.569783 70.884610 71.254616 71.896200 73.0 78.687904 69.066954 71.0 68.771874 73.0 76.329002 77.0
72.202765 73.884669 76.757004 76.0 76.0 78.687904 71.0 75.0 69.904098 72.0 76.168364 78.0
75.570013 76.522206 80.257312 80.790342 80.0 80.687972 70.467374 78.0 76.090193 73.0 76.406588 73.0
74.0 77.522502 77.509245 77.790159 75.0 75.607546 69.467323 71.0 69.256569 78.0 78.732084 75.0
79.0 81.646696 84.757231 84.0 84.0 85.688128 77.0 80.0 77.189628 75.0 79.732204 78.0
80.0 80.884789 82.0 83.0 80.0 85.371165 80.467813 81.0 78.189683 74.0 77.638221 75.0
70.423277 76.265592 76.757004 76.896285 74.0 78.046900 72.525656 76.0 71.862496 69.0 78.823504 76.0
69.569733 71.645044 70.756799 72.680705 70.0 72.687677 67.525401 70.0 71.364149 64.0 72.338601 72.0
68.0 69.766180 71.471121 75.0 76.0 81.688004 74.467563 74.0 70.582023 67.0 67.167835 72.0
70.132504 70.766265 72.254949 72.896218 75.0 80.0 71.467423 75.0 72.772457 53.0 79.012551 83.0
78.342881 81.523608 83.757205 83.790511 84.0 85.0 76.0 81.0 79.498671 70.0 79.542860 80.0
79.423669 82.646838 86.238494 87.0 88.0 91.0 83.232144 85.0 82.906918 72.0 75.823339 79.0
80.423707 85.399303 88.259239 90.0 92.0 94.372135 77.274311 79.0 85.814536 73.0 78.444187 79.0
80.423707 83.646978 86.238494 89.790816 91.0 91.688292 83.0 86.0 83.259531 69.0 79.240991 82.0
79.841278 86.141116 88.0 92.790953 94.0 94.688367 74.928535 82.0 83.643311 69.0 78.638446 78.0
83.423816 85.767304 88.473035 92.790953 94.0 94.0 82.929814 84.0 81.637606 74.0 78.542509 80.0
81.0 85.399303 88.238541 92.790953 94.0 94.372135 81.385235 83.0 83.697460 76.0 79.732204 77.0
81.474020 86.399678 89.0 92.790953 93.0 95.372232 84.842558 88.0 83.965214 78.0 82.732547 80.0
78.0 82.398122 85.238469 89.790816 90.0 92.688318 81.467850 84.0 84.418871 75.0 77.0 76.0
81.841575 85.647246 90.0 91.0 93.0 93.688342 85.0 87.0 85.791242 76.0 80.543202 80.0
80.050975 87.008534 87.0 91.896484 91.0 91.371833 81.385235 85.0 81.053017 76.0 82.446178 82.0
81.841575 86.524841 90.757376 92.790953 93.0 95.372232 83.232144 84.0 85.357267 75.0 80.543202 81.0
77.570097 80.523342 83.702516 89.790816 93.0 95.372232 77.231537 83.0 82.697152 75.0 80.543202 78.0
76.840803 81.397708 85.0 88.790768 91.0 92.371936 82.929814 87.0 82.637668 75.0 80.543202 80.0
83.0 86.524841 89.238564 91.896484 92.0 93.688342 84.930096 87.0 85.266835 75.0 79.638665 78.0
78.0 80.646550 84.472653 87.896438 89.0 92.0 82.467887 84.0 83.453948 76.0 80.732322 81.0
79.841278 85.399303 90.0 92.896495 93.0 94.688367 85.930232 87.0 85.165701 73.0 79.344113 81.0
80.835393 83.646978 87.472943 91.896484 92.0 94.372135 81.0 84.0 85.357267 76.0 81.639087 80.0
82.570289 87.272338 89.238564 91.896484 91.0 93.050979 83.929957 84.0 84.769266 75.0 82.639290 83.0
80.0 82.646838 86.238494 89.896461 91.0 92.688318 80.0 82.0 82.956677 73.0 83.346816 81.0
78.359988 83.270103 88.0 90.896473 93.0 94.688367 85.930232 88.0 86.499016 74.0 79.638665 78.0
79.423669 82.646838 86.757282 88.790768 91.0 94.372135 82.929814 85.0 83.259531 77.0 80.638879 78.0
80.0 83.524120 87.510350 91.790908 93.0 95.688390 84.386210 86.0 84.599190 73.0 78.542509 79.0
79.570176 81.646696 82.757179 87.682776 92.0 91.0 72.0 77.0 81.026653 74.0 78.542509 80.0
80.481040 83.646978 88.757330 89.790816 90.0 91.371833 82.929814 82.0 82.680658 73.0 77.731960 79.0
81.841575 83.884835 88.473035 92.896495 94.0 92.688318 78.467734 84.0 77.139188 76.0 80.638879 81.0
75.423507 78.646246 81.0 85.790617 87.0 86.0 77.045234 81.0 81.864680 71.0 78.444187 75.0
84.0 86.647375 89.0 92.0 93.0 95.688390 85.386519 87.0 86.079931 76.0 80.732322 81.0
82.423781 84.767247 85.0 90.573135 91.0 92.0 82.232049 86.0 82.559169 73.0 76.823396 77.0
73.955767 74.766584 81.757151 82.790456 87.0 85.688128 74.928535 76.0 75.059405 74.0 79.638665 80.0
77.423590 78.884757 79.0 81.0 81.0 84.0 75.467608 75.0 73.189390 73.0 77.731960 76.0
76.0 76.884723 80.238337 83.101410 84.0 84.688098 72.381827 78.0 77.215859 74.0 75.823339 72.0
77.570097 78.766870 80.0 80.0 80.0 84.688098 71.698959 75.0 77.599965 73.0 77.731960 75.0
74.423463 82.866874 88.003594 88.896450 93.0 95.0 78.384186 80.0 82.222638 73.0 75.731703 77.0
71.423326 74.645588 77.701057 80.896345 83.0 85.0 76.467651 76.0 74.863166 75.0 76.823396 74.0
76.251533 80.646550 81.257574 87.344874 85.0 85.306874 75.525792 77.0 76.288868 72.0 76.637990 76.0
76.570056 74.112602 73.255274 74.896252 76.0 78.687904 68.321241 71.0 71.077489 73.0 76.731834 77.0
77.0 80.523342 80.257312 77.101325 81.0 84.688098 76.525835 79.0 77.637341 75.0 78.638446 79.0
72.569879 73.645412 74.756939 73.0 75.0 77.370110 68.321241 74.0 73.035093 74.0 75.823339 77.0
76.570056 78.646246 79.757095 79.101355 80.0 83.370920 75.0 77.0 73.046704 74.0 76.731834 76.0
72.423373 73.0 74.756939 75.0 77.0 77.687869 69.307372 74.0 73.052346 69.0 73.540604 74.0
75.219463 77.646088 78.509368 78.681631 77.0 81.688004 74.928535 75.0 71.785632 70.0 72.540189 78.0
72.569879 73.766508 75.508988 75.896269 76.0 78.370254 71.927982 76.0 71.214554 62.0 67.912619 75.0
78.0 77.112654 77.757035 77.0 76.0 76.687832 71.467423 75.0 70.917372 39.0 77.023541 66.0
78.423630 78.884757 79.0 79.101355 77.0 81.0 73.0 76.0 74.912110 76.0 79.912798 77.0
72.666540 77.395938 74.924451 78.790221 82.0 81.0 76.467651 78.0 75.495629 61.0 69.538870 74.0
68.775731 70.766265 71.756836 72.101244 73.0 75.687795 69.856007 72.0 69.728892 76.0 66.403125 65.0
71.0 75.394980 77.757035 77.0 76.0 78.687904 75.467608 76.0 72.772457 75.0 81.242849 79.0
78.0 81.523608 80.757123 76.296997 74.0 84.388453 74.619989 78.0 75.008129 55.0 73.417731 75.0
81.0 82.767127 85.757257 85.0 85.0 88.049776 80.384894 81.0 80.983290 61.0 74.541007 79.0
77.0 78.766870 83.928420 82.896373 88.0 86.688157 75.0 81.0 86.357335 62.0 74.018331 73.0
83.423816 87.525071 90.510633 91.790908 93.0 95.688390 84.691791 87.0 86.961138 73.0 78.444187 83.0
84.0 88.400401 91.0 92.896495 94.0 94.688367 82.929814 86.0 84.773879 69.0 78.343390 79.0
85.0 88.525294 91.757398 92.896495 94.0 95.688390 86.468027 88.0 86.359660 72.0 79.444705 80.0
81.570252 81.884805 87.472943 92.790953 94.0 95.0 84.930096 86.0 84.129675 76.0 85.348066 82.0
83.253932 85.884863 87.238518 90.790862 92.0 94.688367 80.467813 84.0 83.129169 73.0 78.732084 76.0
80.0 83.524120 86.0 89.0 89.0 92.371936 79.610147 83.0 83.052570 77.0 83.639487 81.0
81.0 85.399303 88.473035 92.790953 92.0 93.0 82.929814 87.0 85.309455 74.0 79.638665 81.0
83.0 84.767247 88.757330 88.0 88.0 90.688266 80.467813 84.0 83.542766 76.0 82.346167 81.0
73.050918 76.522206 78.509368 81.896359 83.0 87.688185 73.382247 80.0 80.170027 76.0 82.639290 82.0
79.364990 82.523867 86.238494 90.790862 94.0 94.688367 82.073657 83.0 83.223193 77.0 81.543534 82.0
78.423630 82.523867 85.238469 90.0 91.0 92.688318 77.929045 78.0 84.275088 75.0 81.445700 77.0
78.0 81.523608 85.238469 85.896413 85.0 86.049255 77.929045 80.0 79.814324 75.0 80.638879 79.0
81.570252 83.646978 87.757306 89.896461 93.0 94.372135 85.0 88.0 84.790903 75.0 80.445209 82.0
82.423781 86.524841 87.259018 91.896484 92.0 93.372037 83.929957 87.0 84.358496 76.0 79.823556 80.0
79.423669 82.646838 86.757282 89.0 90.0 91.371833 75.831253 81.0 80.514627 75.0 78.732084 76.0
77.621806 82.269508 85.757257 87.0 87.0 90.371728 80.384894 80.0 82.814434 72.0 80.344816 81.0
83.423816 86.647375 87.238518 91.896484 92.0 94.372135 81.929668 85.0 82.773670 75.0 80.543202 81.0
85.570393 86.767361 89.0 92.790953 93.0 95.372232 83.929957 87.0 83.730692 74.0 79.638665 80.0
78.423630 79.0 82.0 89.790816 90.0 91.688292 83.467924 85.0 84.637788 73.0 81.445700 80.0
81.570252 83.646978 83.928420 90.0 91.0 92.371936 81.835079 82.0 83.637729 74.0 76.731834 78.0
81.0 82.646838 82.757179 88.345353 92.0 91.688292 83.322587 87.0 80.963830 77.0 80.732322 80.0
79.219577 83.398526 87.238518 90.896473 92.0 93.688342 80.467813 86.0 82.983558 77.0 82.543859 81.0
78.570137 79.766937 80.757123 87.459929 87.0 87.688185 77.234685 80.0 78.637409 74.0 78.732084 76.0
79.134103 77.112654 78.472008 86.459595 88.0 89.688240 77.467693 81.0 80.122539 77.0 81.639087 80.0
78.296651 82.269508 86.238494 90.790862 90.0 90.688266 80.834481 80.0 82.401902 73.0 80.445209 81.0
77.0 77.0 78.701315 81.101383 84.0 88.0 75.272190 81.0 80.216437 74.0 77.731960 75.0
80.423707 83.646978 86.510251 86.790669 88.0 90.688266 79.929364 86.0 84.505475 75.0 77.731960 77.0
74.423463 76.766731 78.757065 80.790342 87.0 87.371398 74.382656 76.0 75.599819 70.0 75.637752 69.0
76.423549 78.766870 80.509606 85.572114 86.0 88.688213 74.382656 74.0 75.814163 71.0 76.637990 72.0
77.0 78.766870 76.700792 86.896425 86.0 86.608955 71.688332 79.0 79.083528 73.0 75.823339 70.0
77.133780 78.646246 78.0 79.0 78.0 79.687938 71.0 74.0 69.862019 74.0 75.823339 76.0
74.0 76.645926 77.0 80.0 79.0 84.688098 75.856148 82.0 78.350415 72.0 76.637990 75.0
73.133081 72.0 74.0 74.0 73.0 77.046571 70.467374 74.0 74.542407 74.0 78.542509 78.0
75.423507 78.646246 80.0 80.0 78.0 77.0 71.467423 75.0 68.194759 71.0 75.637752 76.0
71.516712 72.766429 73.0 75.896269 76.0 77.370110 70.0 74.0 72.348703 73.0 74.823281 73.0
70.132504 69.884589 73.142735 73.896235 77.0 77.687869 69.467323 73.0 70.158569 75.0 79.542860 77.0
73.569925 73.884669 73.508718 73.0 74.0 77.687869 69.467323 72.0 68.911910 68.0 73.731432 72.0
72.569879 73.766508 75.756972 76.0 76.0 80.370530 72.928172 75.0 74.642708 72.0 73.912716 72.0
76.0 76.766731 76.757004 77.0 79.0 79.687938 70.467374 74.0 72.498259 75.0 80.445209 78.0
75.423507 80.397283 83.757205 83.896387 83.0 82.370793 74.856126 78.0 76.637270 69.0 68.248597 69.0
74.0 76.645926 80.0 80.0 77.0 79.370394 69.826771 71.0 69.547739 64.0 69.822965 79.0
74.0 74.884687 75.756972 75.0 74.0 77.687869 70.467374 72.0 69.636719 69.0 76.341884 70.0
75.423507 74.222571 76.0 78.0 78.0 82.0 73.467518 74.0 69.768436 72.0 72.0 73.0
73.569925 74.766584 76.0 76.896285 77.0 81.688004 73.0 75.0 74.713712 67.0 73.540604 71.0
69.687990 68.0 75.756972 76.896285 80.0 81.370663 75.467608 79.0 70.479082 79.0 79.638665 82.0
75.219463 76.766731 78.757065 77.0 79.0 79.047221 73.474795 76.0 75.599819 63.0 75.731703 78.0
81.134410 79.112687 80.472234 81.682041 86.0 85.0 80.134188 84.0 83.098651 72.0 76.637990 79.0
78.423630 81.646696 83.757205 86.790669 89.0 87.688185 77.0 81.0 82.175273 73.0 76.637990 76.0
77.0 81.397708 87.259018 88.896450 90.0 89.0 79.384544 82.0 83.721983 67.0 75.442546 75.0
81.841575 87.400044 90.0 92.896495 94.0 95.688390 82.835663 85.0 84.867039 77.0 78.0 80.0
84.0 84.884849 87.0 89.896461 92.0 92.688318 81.385235 80.0 81.173054 74.0 81.445700 85.0
82.134558 84.524366 88.703584 92.896495 94.0 93.688342 84.386210 83.0 81.351177 73.0 77.638221 77.0
81.0 84.524366 85.702958 91.896484 94.0 95.688390 80.384894 81.0 80.680536 74.0 80.638879 79.0
79.841278 83.646978 88.473035 92.0 93.0 95.688390 84.783204 86.0 85.079795 73.0 80.543202 80.0
82.0 84.647113 88.238541 91.790908 93.0 92.688318 82.232049 82.0 83.790556 72.0 78.542509 81.0
82.570289 85.524607 89.0 90.896473 92.0 94.372135 82.929814 86.0 82.906918 78.0 82.543859 82.0
80.841428 86.399678 87.238518 91.790908 94.0 95.372232 83.467924 88.0 86.560272 75.0 80.543202 80.0
78.0 80.646550 85.0 88.896450 91.0 92.688318 82.467887 85.0 83.680717 73.0 78.732084 80.0
81.134410 85.271248 89.238564 92.0 91.0 93.050979 85.0 86.0 85.253423 75.0 79.732204 78.0
77.792885 79.766937 84.238444 87.0 88.0 89.688240 81.929668 85.0 82.216800 74.0 77.731960 77.0
79.589663 85.271248 89.0 90.0 90.0 92.688318 83.467924 85.0 85.637846 74.0 80.638879 80.0
78.299885 83.138755 88.0 91.683210 93.0 92.371936 82.531166 83.0 85.175655 75.0 80.543202 79.0
80.423707 84.524366 87.757306 90.790862 90.0 92.371936 81.835079 84.0 82.122826 75.0 81.445700 81.0
79.570176 83.398526 87.757306 90.790862 92.0 95.372232 86.0 88.0 86.224782 74.0 78.732084 76.0
78.133944 83.138755 87.0 90.790862 92.0 93.372037 82.163772 84.0 81.505410 76.0 80.543202 79.0
81.0 81.884805 86.757282 91.683210 92.0 93.0 84.232237 87.0 84.593811 75.0 82.346167 84.0
75.251154 79.646400 83.0 85.896413 88.0 88.0 79.231750 81.0 80.938876 73.0 77.638221 80.0
80.681895 80.884789 83.472552 88.572741 92.0 92.688318 83.467924 87.0 84.266302 76.0 79.732204 78.0
84.0 87.525071 89.0 91.896484 93.0 95.688390 83.929957 89.0 87.516673 74.0 78.638446 79.0
81.423745 84.647113 88.238541 91.896484 93.0 94.688367 84.930096 87.0 83.841382 72.0 76.731834 77.0
81.0 82.767127 86.258792 89.790816 91.0 93.050979 81.163661 83.0 81.441220 74.0 78.732084 80.0
77.792885 78.884757 81.0 86.682660 87.0 89.688240 78.467734 79.0 80.505372 72.0 78.542509 80.0
80.423707 83.646978 85.238469 89.790816 91.0 90.688266 78.384186 81.0 81.095968 73.0 77.638221 79.0
74.133263 76.522206 80.238337 84.682422 87.0 86.0 76.383441 82.0 80.917083 72.0 79.444705 77.0
79.788997 80.523342 80.757123 85.790617 87.0 87.0 76.383441 78.0 77.461319 75.0 78.638446 77.0
77.423590 82.398122 84.757231 86.0 89.0 89.306986 73.977635 76.0 78.884890 70.0 73.912716 70.0
76.570056 78.766870 79.238309 83.571669 83.0 87.371398 75.383053 78.0 75.729743 73.0 74.912730 73.0
74.840465 77.766801 80.0 80.896345 80.0 83.720960 73.0 78.0 74.393288 72.0 77.638221 78.0
77.691279 76.884723 79.363923 83.790511 84.0 86.371283 71.467423 76.0 77.557629 71.0 74.731569 75.0
74.0 75.766658 77.757035 78.896316 79.0 81.688004 74.382656 75.0 75.498445 73.0 76.731834 76.0
75.0 76.766731 77.757035 81.896359 85.0 86.049255 73.162658 79.0 77.921177 75.0 77.731960 78.0
72.792739 73.766508 73.0 74.896252 76.0 79.370394 71.068294 72.0 65.776418 71.0 75.731703 74.0
79.423669 82.646838 83.757205 86.896425 87.0 90.688266 81.929668 84.0 81.542693 74.0 80.445209 80.0
69.0 71.645044 71.508431 72.0 71.0 77.046571 65.378530 68.0 67.911873 75.0 76.912758 76.0
70.0 70.884610 74.756939 75.101294 73.0 79.718834 71.927982 73.0 68.818518 70.0 73.731432 72.0
76.570056 75.112620 77.757035 78.681631 80.0 83.0 74.467563 77.0 75.539632 71.0 78.444187 78.0
78.219549 79.766937 82.757179 81.896359 82.0 84.0 74.928535 77.0 71.906984 71.0 71.0 72.0
76.570056 73.329841 73.238122 75.790028 75.0 78.046900 70.467374 72.0 68.256311 74.0 74.823281 75.0
74.775935 75.884705 77.256485 77.0 76.0 80.687972 72.467471 76.0 72.729335 76.0 75.0 74.0
66.423069 69.644655 72.0 73.896235 75.0 78.370254 69.0 71.0 71.937279 70.0 72.0 67.0
74.621684 74.0 75.0 75.896269 76.0 78.370254 70.927788 75.0 73.401413 70.0 74.637508 72.0
79.691998 82.398122 81.472342 82.896373 82.0 83.370920 78.467734 81.0 77.169950 59.0 70.912670 70.0
74.0 76.645926 78.256768 76.0 76.0 77.370110 67.467217 67.0 65.636352 69.0 73.249259 74.0
79.423669 82.646838 85.757257 85.896413 87.0 88.371510 81.0 83.0 79.637477 49.0 70.231190 76.0
77.0 79.646400 81.509720 81.0 82.0 83.370920 75.467608 79.0 77.593258 77.0 76.541779 77.0
77.219521 82.269508 81.472342 86.682660 90.0 92.307063 83.836234 83.0 82.769136 70.0 70.439477 74.0
77.0 80.523342 83.928420 88.896450 89.0 89.050027 80.690846 79.0 78.440204 77.0 81.639087 79.0
76.840803 81.523608 86.258792 84.896400 89.0 90.0 82.610255 83.0 84.173604 71.0 81.445700 84.0
77.840965 84.270683 90.0 92.0 93.0 95.688390 83.467924 85.0 82.012247 78.0 80.344816 78.0
82.0 82.767127 87.238518 91.896484 93.0 94.688367 81.385235 85.0 86.052627 74.0 80.543202 82.0
81.570252 84.524366 88.757330 90.896473 91.0 93.688342 81.467850 87.0 83.680717 73.0 80.445209 75.0
80.570215 83.524120 88.238541 92.896495 92.0 94.051204 83.836234 84.0 84.258270 74.0 82.446178 80.0
83.629301 85.647246 89.0 90.896473 92.0 93.688342 86.468027 89.0 84.620093 73.0 79.344113 78.0
81.640319 85.524607 90.757376 92.896495 94.0 95.688390 86.468027 89.0 87.190128 73.0 79.542860 80.0
75.050935 79.396846 83.509940 84.790565 88.0 91.371833 78.073124 82.0 82.258080 76.0 79.638665 80.0
78.0 82.398122 88.0 91.573326 94.0 94.688367 84.930096 88.0 84.357198 76.0 83.446644 81.0
74.840465 81.268898 85.238469 87.790719 89.0 90.688266 78.384186 84.0 82.461583 76.0 83.346816 85.0
80.254221 81.0 80.238337 81.896359 85.0 87.688185 80.384894 83.0 80.651559 73.0 78.638446 75.0
77.0 82.398122 86.472848 91.790908 92.0 92.688318 82.467887 84.0 82.912332 75.0 80.445209 80.0
82.423781 83.884835 86.472848 90.790862 92.0 92.688318 83.385893 86.0 83.079513 77.0 82.639290 81.0
80.0 82.646838 84.702739 89.101483 88.0 90.050273 79.833868 86.0 81.558876 75.0 82.346167 81.0
79.691998 80.767002 84.472653 86.790669 89.0 94.372135 77.734459 86.0 85.217312 74.0 83.139937 83.0
80.681895 85.271248 88.757330 90.790862 93.0 94.688367 84.232237 87.0 84.559733 75.0 79.732204 77.0
77.201980 82.523867 84.757231 86.790669 90.0 91.371833 82.467887 86.0 83.351655 73.0 77.542149 78.0
75.840637 77.884740 81.927612 91.683210 93.0 94.372135 82.929814 84.0 82.216036 73.0 77.542149 77.0
76.840803 80.646550 82.757179 85.682542 84.0 86.371283 77.231537 79.0 78.408358 76.0 79.823556 76.0
77.517098 79.646400 85.472752 89.896461 93.0 92.0 81.526035 84.0 81.648866 77.0 81.543534 78.0
79.300006 82.398122 82.757179 85.682542 86.0 88.371510 81.467850 82.0 81.912306 74.0 78.638446 78.0
82.0 84.647113 86.757282 91.896484 93.0 92.307063 80.384894 85.0 86.445841 71.0 76.443109 78.0
76.887373 79.646400 83.757205 88.460255 91.0 90.688266 75.383053 80.0 79.051847 75.0 81.543534 81.0
81.570252 83.646978 80.472234 85.790617 85.0 86.0 77.0 84.0 79.968860 75.0 77.731960 75.0
77.202909 79.766937 82.238392 83.0 83.0 85.371165 74.856126 82.0 81.189842 74.0 77.823451 77.0
79.0 81.646696 83.472552 87.682776 88.0 86.371283 73.382247 79.0 76.258186 72.0 79.542860 80.0
73.569925 74.766584 76.757004 80.0 79.0 83.048426 73.0 75.0 73.189390 65.0 74.441968 69.0
78.621845 81.523608 82.238392 88.896450 88.0 92.371936 80.929518 82.0 80.593507 69.0 71.823097 74.0
78.133944 78.766870 78.472008 81.790399 83.0 84.688098 75.467608 76.0 74.912110 74.0 79.542860 78.0
73.050918 74.766584 76.757004 81.0 84.0 85.371165 75.0 78.0 77.095913 69.0 74.637508 72.0
75.133440 74.884687 75.471648 75.0 73.0 81.370663 70.827570 75.0 74.445381 67.0 74.235868 72.0
75.423507 78.646246 81.509720 84.682422 86.0 87.0 76.928880 80.0 78.078746 73.0 75.731703 74.0
70.569783 70.884610 71.508431 71.896200 68.0 73.045162 66.0 69.0 67.679568 69.0 77.731960 76.0
78.0 79.646400 80.0 80.0 80.0 83.370920 75.467608 77.0 75.461204 70.0 73.731432 74.0
70.261092 72.645231 74.0 73.0 70.0 76.687832 67.467217 72.0 70.052266 74.0 76.731834 77.0
73.133081 72.884650 74.255589 71.101227 69.0 76.046233 70.0 72.0 68.170108 71.0 74.823281 74.0
73.423419 75.766658 78.0 78.101340 78.0 81.688004 74.467563 75.0 72.636968 66.0 74.541007 78.0
76.570056 76.884723 77.757035 78.0 77.0 82.048136 73.382247 76.0 70.322851 67.0 73.637257 78.0
72.0 73.766508 74.756939 75.0 72.0 74.687757 68.0 71.0 68.256311 47.0 72.912701 72.0
74.569970 75.766658 76.509118 76.0 76.0 79.370394 72.0 74.0 70.672590 51.0 77.435447 81.0
69.569733 69.884589 72.238088 75.681187 76.0 80.687972 66.0 70.0 71.774237 72.0 73.085141 75.0
67.0 68.766092 70.0 70.896181 70.0 73.0 65.467104 68.0 65.809013 69.0 70.730994 76.0
72.653570 76.766731 74.471522 75.296861 69.0 80.687972 73.928356 77.0 73.693551 68.0 76.341884 78.0
72.789485 70.433836 66.756642 66.0 68.0 74.045529 68.0 68.0 61.344701 66.0 72.440759 75.0
78.423630 81.523608 84.510046 82.200621 83.0 85.688128 76.928880 78.0 78.637409 77.0 79.823556 78.0
78.841124 82.646838 85.510150 84.393219 88.0 88.723342 81.383959 86.0 79.482278 70.0 74.541007 74.0
77.0 79.646400 82.0 85.0 85.0 86.049255 77.467693 80.0 80.416515 75.0 74.0 75.0
78.570137 80.646550 84.510046 86.0 89.0 90.688266 80.384894 84.0 81.084647 74.0 78.638446 76.0
82.0 87.272338 90.238586 92.896495 93.0 95.0 79.467774 83.0 86.769389 72.0 79.823556 81.0
80.0 81.767065 86.238494 91.790908 94.0 94.0 85.930232 88.0 86.637903 77.0 78.085208 83.0
77.570097 77.0 78.472008 89.0 89.0 87.688185 77.0 77.0 77.620767 75.0 80.638879 82.0
76.656334 84.398919 79.757095 83.458543 88.0 89.688240 77.832594 79.0 79.220759 67.0 79.240991 78.0
83.0 85.647246 88.238541 91.790908 93.0 95.0 83.385893 84.0 83.498875 76.0 81.445700 81.0
76.947777 79.646400 79.757095 84.896400 85.0 86.0 74.162795 80.0 79.983150 76.0 80.638879 81.0
79.841278 82.767127 85.238469 89.790816 90.0 91.688292 81.929668 83.0 80.653500 73.0 77.731960 80.0
78.423630 79.884773 80.757123 85.682542 88.0 89.688240 79.384544 82.0 80.401803 70.0 73.912716 73.0
75.372064 78.646246 81.0 84.682422 91.0 91.688292 79.384544 80.0 79.938717 71.0 79.240991 81.0
76.423549 79.646400 81.0 85.572114 88.0 91.050514 77.231537 81.0 82.542730 78.0 81.732436 83.0
78.570137 81.523608 83.472552 88.0 90.0 92.0 84.930096 86.0 85.741659 74.0 78.823504 81.0
76.840803 78.884757 81.0 83.790511 83.0 86.0 75.467608 81.0 79.696179 73.0 81.445700 81.0
78.423630 80.767002 81.509720 84.682422 85.0 88.688213 79.467774 79.0 78.164674 76.0 80.543202 82.0
75.0 79.396846 82.509831 87.682776 91.0 92.688318 80.929518 83.0 81.558876 75.0 80.543202 81.0
74.161084 75.766658 79.363923 85.0 89.0 91.688292 81.929668 85.0 83.593738 75.0 78.912785 78.0
82.693011 83.646978 85.757257 89.896461 91.0 93.688342 83.467924 85.0 84.654758 76.0 80.638879 83.0
77.423590 82.398122 88.238541 90.896473 93.0 95.688390 86.322799 88.0 83.996429 70.0 76.637990 76.0
77.840965 81.646696 84.150372 86.101447 89.0 92.050749 81.929668 82.0 78.237673 75.0 79.638665 79.0
79.219577 81.646696 86.0 89.790816 89.0 91.371833 82.610255 84.0 80.821170 73.0 78.542509 80.0
77.776025 79.766937 82.509831 87.896438 93.0 91.688292 81.467850 85.0 83.680717 74.0 80.445209 82.0
73.423419 79.267629 83.238418 87.682776 88.0 89.0 80.699288 82.0 81.637606 74.0 78.542509 80.0
75.423507 78.646246 79.0 82.896373 83.0 85.0 77.467693 78.0 79.174861 75.0 77.638221 78.0
77.621806 77.884740 78.757065 81.790399 89.0 89.688240 78.073124 80.0 82.956677 72.0 79.344113 82.0
75.0 78.522789 84.238444 89.682998 90.0 91.688292 80.929518 82.0 81.189842 77.0 83.544175 83.0
77.0 80.397283 87.472943 91.790908 92.0 92.688318 76.295379 83.0 83.515546 73.0 79.542860 80.0
74.0 76.645926 80.509606 84.0 86.0 85.688128 74.928535 78.0 77.101365 68.0 76.541779 81.0
73.840290 77.646088 79.0 80.790342 83.0 85.371165 73.829839 78.0 75.007769 66.0 74.637508 75.0
71.423326 73.766508 74.238156 76.790094 78.0 81.688004 73.467518 76.0 71.257064 67.0 67.912619 67.0
73.689724 73.766508 74.0 75.790028 78.0 82.370793 72.928172 74.0 72.772457 70.0 75.541398 74.0
70.423277 71.0 72.756871 74.0 78.0 80.687972 71.467423 75.0 74.319300 69.0 76.541779 77.0
70.918589 70.766265 73.699954 78.790221 80.0 82.688036 70.766484 75.0 75.637198 74.0 78.542509 80.0
70.775803 72.766429 77.238250 78.790221 77.0 84.371044 73.928356 77.0 77.189628 73.0 78.542509 78.0
72.342159 71.884630 71.756836 73.896235 74.0 77.370110 71.0 72.0 69.838740 72.0 74.731569 75.0
76.133613 77.646088 80.0 80.101369 81.0 84.371044 75.467608 78.0 74.736322 77.0 77.912772 77.0
69.569733 69.0 72.699660 74.0 72.0 73.0 67.0 71.0 69.956583 70.0 75.541398 73.0
76.947777 77.0 77.757035 77.896301 79.0 81.688004 74.467563 75.0 70.772174 75.0 79.732204 75.0
79.0 80.767002 80.509606 82.571439 79.0 81.688004 73.856104 77.0 75.694761 65.0 72.338601 75.0
75.570013 76.884723 77.509245 75.200220 75.0 77.370110 71.0 74.0 73.498323 68.0 72.636999 75.0
74.423463 76.766731 79.757095 80.896345 80.0 84.371044 75.928710 78.0 72.246772 72.0 71.731144 69.0
72.569879 71.766348 74.0 75.0 74.0 78.0 70.467374 71.0 67.740443 65.0 68.730681 62.0
74.133263 73.0 74.756939 75.0 75.0 80.047534 73.467518 75.0 73.231878 67.0 66.912602 64.0
75.0 75.884705 76.998604 75.200220 72.0 77.0 67.766371 70.0 70.052266 59.0 73.441372 74.0
76.0 75.112620 77.509245 78.0 79.0 81.370663 74.321845 75.0 73.140117 65.0 66.248305 70.0
73.0 75.645759 74.508855 74.789961 80.0 79.687938 74.699077 76.0 74.814120 74.0 79.542860 79.0
80.0 83.524120 85.757257 86.790669 87.0 88.688213 81.691091 83.0 80.593507 74.0 74.912730 80.0
80.423707 82.767127 84.472653 86.0 87.0 88.0 78.0 81.0 80.912280 69.0 74.637508 76.0
77.0 78.766870 80.238337 85.0 86.0 89.688240 79.467774 82.0 80.637542 75.0 77.542149 74.0
79.570176 83.398526 88.0 90.896473 92.0 94.051204 84.467959 87.0 85.052609 65.0 74.340291 77.0
77.840965 85.140349 89.238564 92.896495 94.0 94.688367 84.930096 87.0 85.445808 75.0 80.638879 82.0
78.841124 84.398919 85.238469 90.683105 92.0 94.688367 85.467993 87.0 85.542836 72.0 78.444187 80.0
79.0 82.523867 84.238444 91.573326 92.0 92.0 81.467850 81.0 79.164832 75.0 80.543202 78.0
79.423669 81.767065 84.238444 90.790862 92.0 95.688390 80.384894 82.0 82.559169 75.0 81.242849 82.0
78.0 80.646550 83.238418 87.896438 91.0 93.372037 79.544283 82.0 81.356979 79.0 83.639487 80.0
79.0 82.523867 87.0 89.896461 91.0 93.688342 79.958696 82.0 82.079367 74.0 79.444705 80.0
78.423630 80.767002 85.757257 89.790816 89.0 93.050979 81.0 84.0 84.498923 75.0 80.638879 78.0
74.423463 75.884705 78.757065 81.682041 85.0 88.371510 77.929045 80.0 78.773221 74.0 74.0 74.0
74.889866 78.646246 83.238418 86.0 89.0 91.371833 82.073657 84.0 84.302964 77.0 80.543202 80.0
77.0 77.884740 81.238365 83.896387 85.0 86.0 77.690073 78.0 75.863378 76.0 78.732084 77.0
78.517157 82.398122 84.238444 90.683105 89.0 90.050273 79.929364 82.0 80.947749 69.0 74.541007 74.0
76.0 82.137927 88.238541 88.101471 88.0 90.050273 78.231645 80.0 81.008040 69.0 77.443655 78.0
79.0 82.523867 83.509940 86.682660 89.0 90.688266 79.467774 84.0 83.401950 75.0 79.638665 79.0
79.841278 84.524366 87.238518 90.790862 91.0 93.688342 82.0 85.0 83.498875 72.0 76.541779 78.0
76.859369 76.766731 82.472449 87.790719 90.0 92.371936 79.467774 81.0 81.956671 73.0 77.638221 75.0
76.940438 78.766870 80.509606 86.790669 88.0 88.306959 73.829839 78.0 80.956665 72.0 76.731834 78.0
78.0 78.884757 83.238418 90.790862 92.0 94.0 82.717599 82.0 81.417979 73.0 80.241933 78.0
80.0 84.398919 84.757231 88.682888 90.0 88.0 75.467608 81.0 85.894279 75.0 78.732084 81.0
78.423630 81.646696 84.757231 87.790719 92.0 91.688292 80.929518 83.0 83.769202 76.0 79.732204 79.0
78.0 78.884757 83.258079 87.790719 88.0 91.371833 78.929207 82.0 80.482630 75.0 79.542860 80.0
77.423590 79.766937 85.757257 88.790768 89.0 90.688266 79.467774 81.0 79.814324 74.0 77.731960 79.0
77.133780 79.523069 81.0 88.682888 91.0 94.372135 83.385893 83.0 81.488457 75.0 79.638665 77.0
78.202935 78.884757 80.0 82.896373 85.0 87.688185 73.766587 78.0 79.052487 76.0 80.543202 78.0
81.0 85.399303 83.258079 87.896438 92.0 93.0 75.070761 80.0 83.714430 72.0 77.638221 77.0
77.0 81.397708 84.238444 87.0 86.0 87.688185 78.231645 80.0 80.401803 74.0 80.638879 79.0
80.134259 79.884773 81.509720 85.896413 86.0 86.688157 74.467563 78.0 79.637477 72.0 76.637990 75.0
72.423373 75.645759 78.509368 81.790399 81.0 83.370920 71.267593 75.0 73.052346 70.0 74.823281 74.0
78.0 79.766937 80.0 83.896387 85.0 88.688213 74.928535 76.0 76.814205 72.0 74.731569 75.0
75.0 75.884705 76.509118 73.296580 74.0 78.0 69.526719 74.0 74.453194 67.0 72.636999 74.0
73.569925 73.884669 76.757004 78.790221 77.0 79.370394 72.467471 75.0 73.401413 73.0 74.912730 76.0
71.132702 70.884610 72.238088 76.896285 77.0 80.047534 73.928356 76.0 72.210708 70.0 74.912730 75.0
70.569783 70.884610 74.0 74.0 76.0 79.687938 72.928172 75.0 74.052371 75.0 76.823396 75.0
72.0 72.0 73.238122 75.101294 76.0 79.047221 71.230827 73.0 70.981720 74.0 75.0 70.0
75.423507 76.0 76.238219 80.790342 80.0 88.371510 77.383818 79.0 78.401699 76.0 79.0 81.0
75.0 76.766731 78.0 77.101325 77.0 81.370663 72.525656 73.0 72.145698 73.0 76.823396 76.0
68.569681 70.644853 73.0 73.896235 73.0 77.370110 69.0 72.0 70.636805 74.0 76.541779 77.0
77.0 77.884740 77.757035 77.0 77.0 80.687972 73.0 74.0 73.498323 66.0 70.636459 72.0
76.133613 77.646088 77.757035 79.0 79.0 85.688128 77.467693 80.0 77.258394 57.0 64.729993 68.0
75.570013 75.0 75.0 76.0 77.0 79.687938 72.0 74.0 70.642391 78.0 84.544483 85.0
76.0 74.222571 77.757035 78.0 77.0 78.687904 73.0 76.0 73.912079 68.0 72.636999 74.0
75.0 76.766731 78.509368 78.896316 77.0 80.0 71.467423 72.0 68.542115 70.0 72.823160 72.0
76.241325 75.884705 77.256485 73.0 74.0 76.0 73.0 75.0 69.032640 81.0 81.823657 81.0
75.570013 74.112602 76.0 77.896301 78.0 81.0 74.0 76.0 75.542451 61.0 69.730840 73.0
75.947769 77.766801 82.0 83.101410 82.0 83.0 76.0 79.0 76.484531 65.0 70.539323 73.0
81.570252 84.524366 86.510251 86.0 87.0 90.050273 81.0 84.0 80.350930 77.0 82.639290 81.0
78.657611 84.524366 87.757306 89.0 89.0 92.688318 82.929814 84.0 84.722961 75.0 74.085155 76.0
75.840637 82.269508 82.702287 88.790768 89.0 90.050273 79.929364 82.0 82.956677 66.0 72.540189 70.0
79.423669 81.767065 85.0 87.896438 91.0 89.609280 82.385568 84.0 85.320147 72.0 75.731703 78.0
84.0 87.400044 91.757398 92.896495 94.0 95.688390 84.075453 83.0 85.893158 74.0 78.444187 80.0
84.423851 88.525294 91.757398 92.896495 94.0 94.688367 84.386210 85.0 84.498923 71.0 77.342648 79.0
81.0 82.767127 85.238469 91.790908 93.0 94.372135 82.232049 83.0 83.216975 77.0 82.639290 76.0
77.570097 79.646400 86.472848 91.790908 92.0 92.0 81.231952 85.0 84.637788 70.0 77.542149 78.0
78.252262 83.524120 88.757330 90.896473 91.0 91.688292 78.712151 81.0 81.079218 70.0 77.443655 77.0
76.570056 80.397283 84.472653 90.896473 92.0 93.0 81.929668 86.0 87.080064 75.0 80.543202 82.0
79.0 83.398526 84.238444 90.790862 93.0 94.688367 84.467959 86.0 86.499016 71.0 78.444187 82.0
79.423669 84.398919 89.757353 92.896495 93.0 92.371936 80.621757 82.0 83.357127 73.0 78.343390 80.0
73.840290 76.766731 77.701057 89.682998 88.0 89.0 76.273264 81.0 83.221147 75.0 78.732084 79.0
73.569925 78.266968 84.702739 88.896450 91.0 90.688266 74.928535 79.0 80.795501 77.0 81.543534 84.0
74.202825 78.522789 82.0 84.790565 82.0 85.371165 73.928356 76.0 76.052419 76.0 83.346816 85.0
78.0 83.270103 88.0 90.790862 92.0 93.688342 84.232237 85.0 82.637668 76.0 79.638665 79.0
75.570013 77.522502 80.238337 83.0 86.0 89.688240 78.929207 82.0 80.216437 72.0 78.638446 76.0
79.570176 81.646696 83.0 88.790768 91.0 91.307038 80.467813 84.0 82.956677 73.0 79.638665 78.0
76.133613 77.646088 80.757123 86.896425 87.0 89.688240 74.706123 81.0 80.141573 74.0 77.731960 78.0
79.570176 82.523867 84.757231 88.790768 88.0 89.306986 80.929518 82.0 82.146363 72.0 81.345500 83.0
83.570324 84.767247 86.472848 89.790816 88.0 88.688213 79.0 81.0 80.417667 73.0 76.637990 76.0
78.570137 83.270103 84.702739 89.790816 91.0 92.688318 81.526035 84.0 84.357198 76.0 80.638879 82.0
75.423507 80.397283 84.702739 89.0 90.0 90.307012 76.467651 78.0 82.912332 78.0 82.543859 83.0
72.132894 74.521591 75.756972 79.896331 83.0 83.370920 70.927788 75.0 77.498561 67.0 70.823032 71.0
79.0 81.646696 83.0 85.790617 87.0 88.0 78.384186 81.0 80.079064 75.0 77.823451 79.0
79.423669 81.767065 83.757205 86.682660 90.0 94.051204 78.231645 83.0 82.008082 73.0 77.638221 78.0
74.423463 77.646088 80.0 83.571669 84.0 86.688157 73.162658 77.0 78.542577 73.0 76.731834 77.0
75.219463 77.646088 79.701567 83.0 86.0 88.688213 74.467563 78.0 76.323698 73.0 78.732084 78.0
73.840290 78.396399 78.238280 82.790456 83.0 84.306845 74.467563 78.0 80.461510 76.0 79.638665 79.0
76.903022 75.112620 78.0 78.681631 82.0 82.688036 73.467518 76.0 75.232009 75.0 78.912785 80.0
75.570013 75.884705 76.509118 76.896285 80.0 83.688068 77.0 80.0 78.542577 75.0 79.542860 82.0
73.050918 75.645759 72.238088 74.896252 73.0 78.687904 68.855982 75.0 72.734934 72.0 77.542149 79.0
75.0 75.0 79.0 80.0 82.0 85.371165 72.688642 75.0 75.729743 74.0 74.731569 76.0
83.134702 82.0 83.472552 86.101447 86.0 91.0 78.525918 84.0 82.881288 70.0 73.731432 71.0
78.0 78.884757 79.0 80.0 79.0 79.687938 67.379542 73.0 75.542451 75.0 78.638446 80.0
70.569783 72.645231 75.238188 77.0 74.0 78.046900 67.525401 73.0 73.121409 74.0 76.0 76.0
73.0 73.884669 75.756972 77.0 77.0 77.0 65.926726 69.0 69.764627 73.0 78.444187 77.0
75.219463 76.766731 79.238309 80.0 81.0 80.687972 72.230954 77.0 73.960164 76.0 75.912745 77.0
72.0 72.884650 73.756906 74.0 74.0 74.306507 66.926951 71.0 67.347045 75.0 77.638221 80.0
66.0 66.884522 66.507640 66.896102 67.0 70.687593 64.0 66.0 59.362073 73.0 76.731834 78.0
77.359880 76.884723 76.256194 74.896252 74.0 79.0 71.467423 73.0 73.907813 74.0 73.912716 73.0
73.569925 73.884669 75.0 74.0 73.0 77.687869 71.467423 73.0 69.904098 70.0 69.730840 74.0
68.569681 68.884567 69.508129 69.0 68.0 73.369496 66.467161 66.0 64.119593 53.0 73.016487 76.0
74.299368 73.0 74.569880 69.199814 72.0 68.368625 64.229831 65.0 61.860666 50.0 70.544071 76.0
70.857379 70.0 72.254949 72.896218 73.0 76.717092 71.0 74.0 67.504774 74.0 75.912745 77.0
67.569628 67.884545 71.508431 70.680360 69.0 76.0 68.467271 68.0 65.210570 61.0 73.127135 76.0
75.0 75.884705 77.509245 72.482461 72.0 74.687757 67.467217 67.0 65.636352 43.0 69.085080 72.0
75.372064 77.766801 79.757095 78.101340 76.0 79.370394 73.467518 75.0 73.461082 74.0 78.542509 79.0
77.570097 81.397708 84.001934 83.101410 83.0 83.688068 76.525835 79.0 76.145984 64.0 71.124093 74.0
75.423507 76.884723 78.0 79.0 79.0 83.0 73.525702 76.0 78.600036 58.0 69.0 68.0
73.423419 76.645926 78.0 79.0 77.0 79.370394 69.826771 74.0 75.555746 74.0 77.731960 78.0
82.624027 85.767304 90.0 91.0 89.0 90.688266 78.467734 83.0 82.669170 72.0 74.637508 76.0
80.423707 83.646978 88.0 88.896450 89.0 90.0 78.163309 80.0 79.912254 77.0 84.347449 84.0
78.423630 82.523867 86.472848 91.0 92.0 92.050749 80.384894 85.0 82.773670 74.0 82.346167 82.0
76.840803 81.523608 84.510046 87.790719 90.0 91.688292 80.467813 83.0 81.259171 72.0 81.445700 78.0
80.841428 84.647113 89.0 92.790953 93.0 94.372135 83.929957 85.0 84.309232 71.0 77.542149 75.0
79.423669 82.646838 86.472848 89.896461 92.0 93.0 78.275331 80.0 80.864360 77.0 82.543859 83.0
79.570176 80.767002 83.757205 85.896413 87.0 89.688240 79.467774 83.0 79.922142 74.0 81.543534 82.0
76.639791 78.766870 80.757123 85.0 85.0 86.688157 78.072445 83.0 80.079064 76.0 81.445700 80.0
79.570176 81.646696 83.0 86.682660 86.0 91.724645 76.928880 83.0 80.505372 72.0 78.444187 79.0
76.589381 78.766870 82.702287 86.790669 88.0 91.688292 83.526109 84.0 81.052530 72.0 78.444187 79.0
76.570056 77.766801 81.472342 84.790565 87.0 89.371620 77.853319 80.0 79.542617 75.0 80.638879 81.0
74.0 77.522502 80.757123 82.0 81.0 84.688098 72.928172 75.0 76.912170 73.0 77.731960 76.0
80.570215 81.767065 84.510046 85.896413 88.0 90.688266 82.467887 84.0 81.351177 76.0 79.732204 80.0
75.423507 78.646246 82.472449 85.0 86.0 89.688240 77.929045 82.0 80.542656 72.0 78.444187 78.0
78.621845 80.646550 84.0 85.790617 87.0 88.688213 78.383848 82.0 81.637606 72.0 79.542860 80.0
80.570215 80.884789 84.0 87.896438 88.0 90.371728 80.467813 84.0 84.079656 72.0 77.542149 77.0
75.570013 77.646088 78.0 80.896345 81.0 85.371165 73.382247 75.0 76.713886 74.0 82.446178 79.0
79.570176 81.646696 86.472848 89.101483 89.0 92.0 82.0 84.0 84.123100 74.0 80.445209 82.0
72.0 74.645588 79.472122 85.790617 89.0 87.688185 77.766713 83.0 81.514941 72.0 77.638221 77.0
78.423630 81.646696 83.509940 85.896413 88.0 91.371833 78.384186 81.0 82.939184 75.0 78.732084 78.0
77.570097 78.766870 81.0 81.0 82.0 84.688098 75.467608 77.0 76.498504 74.0 78.638446 80.0
77.570097 79.646400 83.757205 85.0 85.0 87.0 76.928880 78.0 78.695838 76.0 79.542860 82.0
75.0 75.0 78.757065 87.572537 92.0 91.688292 73.542298 79.0 78.232193 73.0 77.731960 76.0
72.359297 71.0 71.238053 79.340576 81.0 84.048709 65.663677 75.0 78.498617 72.0 73.823221 74.0
83.0 84.767247 84.472653 88.0 89.0 89.688240 71.381396 79.0 79.216249 71.0 77.638221 77.0
76.570056 76.884723 75.756972 79.896331 81.0 83.048426 71.381396 75.0 76.356576 73.0 77.638221 78.0
75.570013 77.646088 80.757123 82.0 83.0 85.371165 76.766683 79.0 78.513975 74.0 79.732204 78.0
75.0 76.766731 78.0 80.0 79.0 82.306784 71.780231 71.0 71.052293 73.0 77.823451 77.0
75.423507 77.766801 79.0 81.896359 82.0 83.688068 72.928172 76.0 75.772854 71.0 74.637508 75.0
79.0 80.0 80.257312 82.682171 81.0 83.688068 77.0 78.0 78.840546 71.0 73.823221 73.0
74.423463 76.766731 77.925873 79.0 82.0 85.389227 78.781954 80.0 77.138316 71.0 72.823160 70.0
75.133440 71.329515 71.0 74.0 73.0 79.047221 73.467518 75.0 72.052320 73.0 76.637990 77.0
74.423463 74.112602 77.238250 79.896331 77.0 78.306653 69.927587 71.0 68.563733 72.0 74.731569 76.0
71.423326 73.766508 74.0 73.896235 75.0 78.370254 69.467323 73.0 72.461019 73.0 75.541398 76.0
74.623206 77.766801 82.238392 81.200568 83.0 86.371283 76.766683 80.0 76.125252 72.0 77.542149 76.0
67.0 67.0 67.756683 67.0 65.0 68.368625 63.0 64.0 63.095666 74.0 77.638221 76.0
75.202853 77.766801 80.238337 82.896373 81.0 84.371044 73.928356 75.0 76.317055 72.0 75.731703 78.0
72.0 73.645412 75.756972 76.0 74.0 79.370394 72.467471 72.0 70.460887 77.0 80.638879 81.0
77.0 79.646400 81.509720 82.790456 84.0 86.688157 78.0 81.0 78.680408 65.0 72.540189 71.0
71.423326 75.521903 75.756972 75.896269 75.0 77.687869 67.262452 68.0 62.596245 51.0 69.229928 73.0
77.0 78.766870 80.757123 80.200513 80.0 82.370793 76.072837 78.0 74.189452 70.0 72.823160 78.0
73.423419 77.522502 78.999617 75.200220 74.0 74.369655 67.583978 72.0 74.058934 68.0 72.636999 72.0
77.0 79.646400 80.0 76.200282 77.0 82.688036 73.231077 72.0 68.826105 65.0 79.686713 82.0
81.0 82.767127 83.509940 81.200568 80.0 83.370920 78.0 81.0 78.396268 34.0 62.328362 66.0
74.0 75.766658 77.757035 79.0 78.0 80.687972 72.467471 73.0 71.555359 66.0 73.540604 76.0
77.423590 77.112654 79.238309 80.896345 81.0 85.721947 76.231427 80.0 78.637409 70.0 74.441968 76.0
78.423630 80.767002 84.238444 85.0 87.0 89.371620 79.384544 83.0 79.820979 75.0 76.637990 77.0
73.840290 76.766731 80.472234 81.0 85.0 87.306931 77.467693 82.0 81.311006 71.0 74.731569 74.0
80.372257 85.399303 88.238541 90.790862 92.0 94.688367 82.929814 86.0 86.499016 77.0 78.823504 81.0
81.570252 83.646978 88.757330 90.896473 90.0 91.688292 82.856287 84.0 83.939332 66.0 80.028317 76.0
81.203011 85.399303 89.510541 90.790862 93.0 93.688342 84.467959 86.0 84.217145 69.0 74.637508 77.0
81.0 82.646838 85.757257 91.683210 93.0 95.0 81.467850 85.0 84.697762 78.0 83.544175 81.0
82.570289 82.0 84.928811 92.896495 94.0 94.688367 80.467813 85.0 84.301317 75.0 79.542860 81.0
82.0 83.767188 84.472653 90.573135 91.0 92.371936 80.384894 83.0 82.923502 75.0 79.638665 80.0
80.423707 83.646978 85.472752 90.790862 93.0 93.688342 83.929957 85.0 82.790200 71.0 79.638665 80.0
77.202909 80.646550 83.757205 86.896425 89.0 90.0 79.384544 82.0 82.956677 74.0 80.543202 81.0
79.0 80.767002 83.472552 88.790768 88.0 92.371936 80.929518 82.0 83.956683 72.0 77.638221 80.0
69.0 71.645044 75.238188 80.681908 83.0 85.0 78.929207 81.0 78.788687 76.0 79.638665 81.0
77.0 78.766870 78.757065 82.0 84.0 85.371165 76.231427 77.0 76.121919 78.0 81.639087 80.0
76.0 79.523069 80.0 83.790511 86.0 86.688157 75.928710 78.0 79.814324 72.0 79.542860 79.0
76.423549 81.397708 86.472848 89.896461 91.0 94.0 81.929668 83.0 81.356979 75.0 79.638665 79.0
79.423669 81.767065 84.238444 88.682888 90.0 90.688266 78.0 82.0 78.052465 71.0 76.443109 78.0
78.640010 81.767065 86.472848 89.896461 93.0 94.688367 83.0 86.0 83.654455 75.0 79.638665 81.0
81.0 82.767127 86.510251 88.790768 90.0 90.609383 80.929518 83.0 82.004761 75.0 78.638446 79.0
76.775996 81.397708 85.510150 89.790816 91.0 92.050749 79.833868 84.0 83.680717 72.0 76.541779 77.0
79.423669 81.767065 83.0 86.896425 88.0 86.389983 76.557935 83.0 81.912306 76.0 81.639087 83.0
70.423277 73.645412 78.238280 79.896331 84.0 86.688157 76.231427 78.0 81.163005 73.0 77.638221 78.0
80.134259 81.646696 86.703171 89.0 87.0 91.050514 81.467850 81.0 80.600171 75.0 77.823451 80.0
80.423707 81.884805 83.757205 86.790669 85.0 88.688213 78.467734 81.0 80.172861 74.0 79.638665 79.0
79.134103 81.523608 83.928420 90.896473 89.0 93.050979 85.0 86.0 81.098916 71.0 76.731834 80.0
79.372220 80.767002 83.0 86.0 89.0 88.688213 78.384186 79.0 80.052509 74.0 76.731834 75.0
72.740777 75.521903 77.509245 82.896373 86.0 87.0 78.467734 79.0 76.261532 74.0 76.823396 76.0
73.689724 73.766508 78.757065 80.896345 81.0 84.688098 73.928356 81.0 78.912227 75.0 80.543202 78.0
72.423373 75.645759 77.509245 79.0 82.0 80.608234 70.765801 79.0 76.052419 74.0 77.731960 78.0
74.792800 76.645926 80.0 81.790399 83.0 87.371398 75.467608 79.0 79.721215 73.0 78.542509 80.0
71.132702 72.645231 73.756906 75.0 77.0 78.0 71.467423 77.0 75.480777 70.0 76.731834 74.0
72.733475 74.766584 74.471522 79.896331 79.0 82.0 70.380952 74.0 75.401532 73.0 76.637990 74.0
79.423669 80.884789 85.0 87.0 89.0 90.688266 82.073657 85.0 81.134767 72.0 72.912701 74.0
69.622598 71.0 73.255274 73.789891 78.0 78.0 67.506936 70.0 72.113339 72.0 76.731834 77.0
74.0 75.766658 78.0 80.790342 81.0 81.370663 72.467471 74.0 72.390221 71.0 75.823339 73.0
73.0 75.645759 79.757095 79.896331 81.0 82.048136 73.928356 77.0 73.171365 72.0 74.731569 76.0
67.109870 68.766092 69.508129 68.101171 68.0 72.687677 65.926726 67.0 64.387284 75.0 78.638446 77.0
72.569879 75.521903 76.757004 77.0 77.0 80.370530 71.0 73.0 74.772725 73.0 77.542149 77.0
72.0 73.766508 77.0 78.896316 79.0 81.370663 74.0 75.0 75.637198 76.0 77.912772 73.0
70.0 72.645231 73.756906 73.896235 75.0 76.0 67.0 69.0 66.771557 72.0 73.637257 74.0
71.947732 73.766508 75.508988 74.0 72.0 78.687904 70.927788 71.0 66.535756 76.0 76.912758 75.0
76.423549 77.884740 80.0 79.200458 79.0 81.688004 73.0 77.0 74.912110 74.0 77.823451 79.0
72.569879 73.766508 74.508855 74.896252 75.0 81.370663 71.467423 73.0 68.044195 68.0 69.822965 71.0
73.569925 75.645759 75.508988 72.101244 75.0 76.687832 69.467323 72.0 70.348068 72.0 72.912701 75.0
73.569925 75.645759 77.0 77.896301 81.0 84.688098 73.321751 74.0 70.691559 63.0 65.912583 69.0
78.423630 82.646838 80.509606 81.200568 77.0 79.370394 72.829104 76.0 75.202240 65.0 72.540189 76.0
72.0 73.766508 76.757004 77.0 76.0 78.0 69.525507 72.0 68.771874 68.0 76.731834 80.0
84.423851 85.0 85.742103 83.896387 86.0 90.050273 81.526035 83.0 76.108508 73.0 79.344113 77.0
74.680728 79.523069 81.757151 82.682171 86.0 87.688185 77.383818 80.0 79.801478 69.0 71.823097 74.0
80.252955 85.524607 87.757306 84.101423 89.0 88.371510 78.045400 84.0 82.441543 66.0 72.823160 73.0
75.0 77.522502 81.238365 85.0 89.0 90.688266 80.384894 85.0 85.498970 71.0 76.637990 77.0
81.423745 82.884820 86.0 88.790768 89.0 89.688240 80.384894 83.0 82.364746 73.0 77.912772 77.0
80.0 81.767065 84.0 87.682776 90.0 90.371728 82.929814 82.0 81.885347 75.0 81.639087 81.0
79.681342 83.646978 86.0 88.896450 91.0 91.688292 82.467887 83.0 83.357127 73.0 78.542509 80.0
84.0 87.525071 90.757376 92.896495 94.0 92.688318 81.929668 84.0 83.401950 73.0 79.638665 80.0
81.904360 81.884805 81.927612 86.101447 90.0 90.0 75.707689 80.0 79.789080 74.0 80.445209 84.0
79.0 82.523867 87.0 88.896450 89.0 91.307038 80.525997 82.0 81.558876 70.0 78.542509 79.0
80.423707 82.767127 83.702516 90.683105 93.0 92.0 84.075453 84.0 84.694304 75.0 81.445700 78.0
80.423707 81.884805 84.238444 87.896438 87.0 91.371833 77.274311 84.0 83.593738 75.0 80.543202 79.0
78.947794 79.884773 84.0 89.0 90.0 91.688292 75.119181 81.0 81.596832 73.0 79.542860 78.0
76.0 78.646246 80.238337 85.682542 88.0 93.050979 79.467774 81.0 81.983426 74.0 77.638221 77.0
78.252262 82.646838 85.258560 89.896461 90.0 90.371728 80.308527 80.0 78.810646 73.0 77.638221 77.0
74.133263 76.522206 79.472122 83.790511 88.0 90.371728 80.467813 85.0 84.542802 77.0 79.732204 79.0
76.570056 78.646246 83.238418 85.896413 90.0 91.688292 81.467850 84.0 80.789463 77.0 80.732322 83.0
75.0 76.766731 81.472342 85.790617 87.0 87.371398 77.467693 81.0 81.498776 75.0 80.543202 82.0
83.134702 87.400044 89.259456 90.101494 93.0 94.688367 81.278241 83.0 83.122965 75.0 80.732322 82.0
77.0 78.766870 80.238337 82.790456 84.0 85.371165 77.610069 80.0 81.128183 74.0 79.638665 81.0
77.570097 79.646400 81.702053 84.0 83.0 86.371283 77.929045 79.0 81.637606 76.0 80.732322 82.0
74.423463 79.396846 83.0 84.896400 87.0 89.0 74.467563 79.0 80.637542 73.0 78.542509 81.0
72.569879 73.766508 74.756939 77.0 80.0 82.0 71.467423 73.0 75.319388 74.0 80.543202 80.0
74.0 76.645926 78.472008 86.101447 90.0 92.371936 77.274311 78.0 82.357054 75.0 83.446644 82.0
80.423707 84.524366 87.0 90.790862 92.0 94.372135 82.929814 82.0 82.814434 73.0 76.731834 79.0
77.639902 79.0 81.238365 87.572537 89.0 91.371833 81.467850 84.0 82.637668 76.0 78.732084 78.0
72.639316 75.645759 76.757004 78.896316 81.0 82.0 71.766519 74.0 78.119332 73.0 75.731703 74.0
75.0 76.766731 75.756972 81.682041 83.0 84.688098 74.928535 77.0 77.364496 72.0 77.443655 79.0
74.359539 75.766658 80.238337 83.0 89.0 91.688292 78.072445 78.0 78.637409 71.0 77.638221 75.0
75.0 79.396846 81.0 81.896359 81.0 84.0 71.927982 76.0 78.943158 72.0 77.542149 80.0
74.840465 76.884723 77.757035 81.0 82.0 84.0 73.467518 77.0 74.863166 72.0 76.541779 75.0
71.423326 73.766508 77.757035 79.790282 79.0 80.370530 71.927982 73.0 72.772457 71.0 76.637990 72.0
76.133613 76.766731 73.756906 76.0 75.0 76.687832 70.0 73.0 73.621400 70.0 72.636999 73.0
77.133780 76.884723 78.238280 80.101369 83.0 85.721947 75.383728 76.0 73.863335 71.0 75.637752 77.0
78.0 79.766937 77.509245 79.896331 81.0 84.306845 72.928172 76.0 76.912170 73.0 76.731834 76.0
75.423507 76.884723 76.238219 78.790221 78.0 82.370793 71.072047 76.0 76.401589 74.0 76.637990 77.0
73.0 73.884669 78.0 79.0 78.0 80.687972 73.928356 76.0 76.078410 71.0 73.823221 74.0
76.0 76.0 78.238280 79.896331 78.0 80.687972 69.927587 73.0 70.819021 73.0 73.912716 75.0
72.0 71.884630 73.756906 75.0 75.0 76.717092 71.0 74.0 69.813997 71.0 74.637508 75.0
72.423373 74.766584 75.756972 76.0 77.0 79.687938 72.467471 74.0 71.095819 75.0 76.823396 73.0
73.0 73.884669 75.756972 75.0 77.0 77.687869 70.525558 72.0 68.477734 66.0 70.823032 72.0
73.0 74.766584 77.471891 81.790399 83.0 83.306815 71.381396 76.0 76.982711 77.0 79.823556 78.0
76.133613 75.0 78.757065 78.0 78.0 81.0 73.467518 75.0 72.607412 66.0 71.731144 72.0
73.843412 73.884669 75.508988 75.0 72.0 74.687757 68.467271 70.0 54.282858 73.0 75.823339 77.0
74.0 74.884687 75.756972 74.101278 74.0 77.370110 70.467374 73.0 71.498194 75.0 80.638879 84.0
78.570137 79.766937 78.757065 78.101340 79.0 83.688068 75.467608 76.0 72.479544 65.0 72.540189 72.0
75.570013 75.0 74.756939 74.0 76.0 79.687938 73.0 75.0 71.917961 73.0 75.637752 75.0
77.570097 77.884740 79.509488 78.0 73.0 76.369962 72.525656 74.0 68.493179 69.0 70.636459 75.0
72.0 73.766508 74.508855 74.789961 74.0 77.687869 72.0 74.0 71.052293 77.0 76.0 76.0
74.423463 76.766731 77.925873 82.0 82.0 83.370920 75.467608 74.0 75.461204 73.0 79.444705 76.0
75.570013 75.884705 80.757123 80.896345 81.0 84.0 75.467608 77.0 76.912170 70.0 77.443655 77.0
80.0 82.646838 85.238469 89.0 88.0 91.371833 81.929668 83.0 82.747096 74.0 73.912716 76.0
79.134103 82.398122 86.0 87.0 90.0 89.688240 82.385568 83.0 81.956671 67.0 76.131367 77.0
80.054660 85.524607 88.757330 91.896484 90.0 92.688318 84.467959 87.0 85.035358 72.0 82.138811 83.0
82.253614 84.884849 87.0 89.896461 93.0 95.688390 85.322730 86.0 85.655054 72.0 81.345500 84.0
76.359769 76.766731 82.238392 85.790617 88.0 89.371620 77.929045 79.0 80.356903 72.0 77.638221 76.0
80.423707 84.524366 85.702958 91.101505 91.0 93.372037 82.766853 85.0 83.470601 70.0 79.344113 80.0
76.423549 81.397708 86.238494 88.896450 90.0 90.688266 80.384894 82.0 81.769068 77.0 83.346816 84.0
80.423707 84.524366 86.0 88.896450 91.0 91.0 80.467813 84.0 82.983558 73.0 79.732204 82.0
79.0 80.767002 84.702739 91.790908 91.0 94.372135 83.836234 86.0 83.441858 72.0 79.444705 80.0
75.840637 79.646400 81.0 86.790669 87.0 89.688240 78.929207 79.0 80.445629 74.0 80.543202 80.0
72.202765 73.766508 76.700792 83.682298 88.0 89.688240 78.384186 82.0 82.593663 74.0 78.542509 80.0
74.569970 76.645926 80.472234 85.790617 90.0 92.371936 81.842500 85.0 80.773451 72.0 80.445209 80.0
80.252955 84.647113 86.757282 91.683210 92.0 95.372232 84.930096 87.0 86.939757 73.0 78.732084 81.0
80.0 80.884789 84.258322 90.573135 90.0 92.688318 81.929668 81.0 81.637606 74.0 80.445209 80.0
77.532041 80.646550 84.238444 87.0 89.0 90.688266 83.526109 85.0 84.217145 77.0 82.543859 82.0
81.244528 83.398526 89.238564 91.896484 94.0 95.688390 83.665314 87.0 88.461860 77.0 78.0 82.0
80.300124 81.646696 84.238444 91.683210 93.0 93.372037 85.467993 86.0 84.920879 74.0 78.732084 79.0
80.570215 81.767065 85.238469 89.896461 93.0 94.688367 79.713564 83.0 84.217145 76.0 81.543534 82.0
82.570289 83.767188 88.0 89.790816 90.0 92.371936 83.384029 85.0 84.357198 72.0 77.638221 78.0
77.0 80.523342 80.472234 88.790768 91.0 90.0 78.384186 81.0 81.175139 73.0 80.241933 79.0
74.423463 79.396846 82.238392 85.896413 87.0 89.371620 79.467774 83.0 82.122826 74.0 80.445209 83.0
76.570056 76.884723 80.238337 84.790565 88.0 89.0 78.467734 82.0 81.746729 74.0 78.638446 78.0
84.570359 86.647375 87.238518 92.790953 94.0 95.688390 86.468027 87.0 86.035513 73.0 77.823451 79.0
76.241325 78.396399 77.238250 83.682298 86.0 87.688185 78.467734 81.0 78.773221 74.0 77.638221 78.0
74.775935 76.766731 79.238309 80.200513 84.0 87.371398 76.045064 83.0 80.730358 75.0 78.732084 77.0
79.570176 82.523867 82.0 85.790617 88.0 88.688213 82.0 83.0 78.745570 74.0 78.638446 80.0
78.0 79.766937 82.757179 87.896438 90.0 92.688318 81.385235 85.0 83.456432 70.0 76.637990 79.0
73.342288 74.766584 77.0 78.896316 81.0 83.688068 73.0 77.0 74.729611 76.0 79.444705 80.0
74.423463 75.884705 79.757095 80.896345 80.0 82.688036 73.382247 75.0 73.400498 71.0 74.731569 75.0
73.423419 76.645926 75.238188 76.896285 76.0 80.0 71.0 74.0 73.171365 69.0 77.342648 77.0
75.079579 76.645926 76.238219 80.790342 80.0 86.049255 75.842371 80.0 77.189628 69.0 73.912716 75.0
75.0 76.766731 78.0 79.0 81.0 85.048985 77.929045 78.0 76.218997 70.0 76.637990 77.0
76.0 76.884723 75.756972 83.224453 83.0 84.905762 73.688944 76.0 75.878006 70.0 75.442546 74.0
72.569879 72.884650 75.0 76.0 74.0 77.046571 72.0 75.0 70.814157 71.0 76.637990 71.0
75.423507 76.884723 75.508988 77.790159 78.0 79.687938 70.467374 74.0 69.401155 74.0 75.0 72.0
77.0 76.884723 78.509368 79.790282 80.0 84.688098 76.0 79.0 70.859219 75.0 79.732204 80.0
74.133263 74.645588 75.756972 75.0 76.0 77.0 71.467423 71.0 66.515256 71.0 71.0 69.0
71.569831 73.645412 74.756939 76.0 75.0 78.370254 71.0 72.0 68.256311 72.0 74.731569 74.0
72.569879 72.884650 74.471522 75.790028 78.0 79.687938 72.928172 70.0 68.120460 66.0 71.539763 72.0
74.0 74.0 74.756939 75.0 75.0 78.0 71.525607 75.0 71.257064 68.0 74.541007 74.0
69.0 71.645044 75.238188 73.390806 75.0 78.306653 71.467423 72.0 70.904351 74.0 77.443655 78.0
68.569681 70.644853 70.508282 66.388873 75.0 65.687361 70.525558 72.0 66.024498 49.0 75.552640 81.0
74.569970 76.645926 80.000104 79.790282 80.0 81.688004 76.0 78.0 77.498561 61.0 58.246947 58.0
74.0 76.645926 76.757004 73.296580 60.0 74.0 66.926951 69.0 65.346311 68.0 74.441968 77.0
76.241325 74.0 75.0 76.0 77.0 80.370530 75.0 77.0 71.334188 64.0 64.912564 64.0
76.0 77.766801 79.257044 77.101325 78.0 78.687904 73.525702 74.0 70.052266 67.0 71.440128 75.0
80.134259 80.767002 82.238392 82.896373 82.0 89.723786 78.467734 79.0 76.863584 69.0 72.912701 74.0
80.423707 84.524366 86.238494 90.790862 90.0 91.688292 82.0 84.0 83.498875 75.0 79.732204 79.0
79.570176 81.646696 84.0 84.0 81.0 83.688068 76.928880 82.0 82.228565 72.0 75.442546 79.0
76.690906 76.766731 80.0 80.896345 83.0 87.0 77.929045 82.0 79.228406 68.0 78.444187 80.0
82.0 83.767188 85.0 88.790768 89.0 93.725466 86.0 88.0 85.791242 75.0 80.344816 80.0
79.691998 81.646696 84.702739 91.790908 91.0 94.688367 78.467734 82.0 85.912404 79.0 79.912798 84.0
79.300006 84.139562 90.0 91.0 92.0 93.688342 82.385568 83.0 84.180187 72.0 78.444187 82.0
78.423630 81.646696 83.258079 91.573326 90.0 88.688213 76.529301 80.0 78.983007 76.0 79.732204 81.0
74.0 75.766658 76.0 81.790399 82.0 84.371044 72.856081 79.0 77.642925 75.0 79.638665 80.0
80.0 80.0 80.509606 85.459253 83.0 85.306874 77.525877 81.0 77.232134 76.0 82.446178 80.0
74.0 74.884687 77.0 79.200458 80.0 84.721459 76.0 78.0 78.585472 75.0 81.639087 80.0
75.0 79.396846 79.472122 85.101435 87.0 93.050979 73.231077 77.0 80.313054 75.0 80.638879 80.0
78.947794 78.884757 84.238444 84.790565 86.0 90.0 81.929668 81.0 77.262182 75.0 81.639087 81.0
77.448186 81.0 78.472008 85.0 87.0 87.688185 79.384544 80.0 76.333719 74.0 75.912745 78.0
72.423373 75.645759 76.757004 84.571894 84.0 85.688128 74.233238 77.0 77.680341 76.0 78.638446 78.0
76.570056 78.646246 83.0 84.790565 85.0 88.0 76.295379 80.0 79.034344 78.0 83.639487 82.0
78.423630 80.767002 83.472552 88.572741 88.0 90.0 77.467693 80.0 82.814434 75.0 78.732084 78.0
80.134259 81.646696 83.0 87.790719 88.0 90.688266 77.292021 84.0 80.730358 79.0 82.446178 85.0
77.423590 79.766937 84.0 90.573135 90.0 91.371833 82.0 85.0 79.350676 72.0 79.542860 80.0
76.219492 78.646246 83.238418 87.0 86.0 89.688240 79.929364 82.0 77.863786 78.0 83.639487 84.0
74.569970 74.884687 75.508988 77.790159 81.0 85.371165 77.929045 79.0 79.956658 77.0 82.543859 84.0
77.423590 81.523608 84.0 87.0 87.0 89.0 81.699320 84.0 80.146243 74.0 81.543534 84.0
77.0 77.0 79.238309 82.790456 86.0 83.905500 73.856104 79.0 79.601179 72.0 78.444187 79.0
77.0 82.269508 82.238392 84.790565 86.0 86.688157 75.383053 77.0 79.356824 76.0 81.823657 82.0
79.423669 80.884789 82.0 83.896387 84.0 87.371398 77.308168 82.0 78.637409 75.0 79.638665 80.0
80.570215 84.398919 85.0 90.790862 92.0 94.688367 85.930232 86.0 84.787438 74.0 79.542860 78.0
78.252262 80.0 83.472552 86.896425 90.0 91.688292 79.929364 80.0 79.983150 74.0 78.638446 77.0
78.570137 78.884757 81.472342 86.0 87.0 89.688240 81.467850 82.0 80.324193 73.0 80.445209 78.0
84.517480 84.884849 83.757205 88.896450 89.0 89.0 77.026585 82.0 80.052439 74.0 78.542509 80.0
79.0 81.646696 82.0 88.790768 90.0 93.372037 79.833868 79.0 79.302592 77.0 78.732084 75.0
74.569970 77.522502 81.702053 86.896425 88.0 90.688266 76.709215 81.0 79.045200 71.0 77.542149 79.0
74.423463 76.766731 75.756972 77.896301 79.0 82.688036 72.829104 74.0 72.542315 67.0 72.540189 71.0
74.0 77.646088 77.757035 78.896316 80.0 82.370793 72.856081 74.0 71.390832 72.0 79.542860 79.0
70.423277 71.0 74.255589 74.101278 77.0 80.0 71.525607 74.0 73.461082 74.0 80.344816 82.0
71.0 73.645412 74.756939 75.0 76.0 77.370110 70.467374 71.0 70.120856 73.0 77.731960 74.0
75.0 76.766731 77.509245 78.0 78.0 80.370530 71.467423 74.0 74.215233 72.0 75.637752 73.0
76.581348 75.884705 75.998076 75.101294 77.0 81.688004 74.766620 76.0 72.348703 76.0 79.542860 81.0
71.0 72.766429 73.0 72.896218 71.0 73.369496 67.927169 72.0 70.280267 79.0 79.912798 78.0
75.0 76.766731 78.757065 77.896301 78.0 81.0 75.467608 77.0 72.819496 68.0 71.823097 73.0
72.0 72.766429 74.756939 75.0 75.0 77.370110 70.467374 72.0 66.825003 69.0 71.0 74.0
75.0 74.884687 76.256194 72.200026 71.0 76.693264 72.0 75.0 73.257531 65.0 76.443109 74.0
75.0 74.112602 75.756972 75.101294 74.0 76.687832 71.0 76.0 69.904383 57.0 64.822599 68.0
69.423227 69.884589 66.0 67.0 66.0 72.687677 66.467161 68.0 67.172835 65.0 66.822752 70.0
75.423507 76.884723 78.757065 78.0 76.0 81.386012 73.467518 77.0 75.453286 62.0 74.128588 79.0
73.689724 72.884650 72.756871 72.0 72.0 77.0 68.525455 74.0 72.350154 72.0 73.637257 72.0
74.250765 77.766801 81.0 82.0 81.0 82.688036 78.0 81.0 75.920161 53.0 71.232414 75.0
71.569831 73.645412 77.0 77.0 79.0 81.306752 75.086552 75.0 71.815809 55.0 68.119154 75.0
74.0 76.645926 76.509118 76.0 72.0 52.616069 68.554342 74.0 68.957090 58.0 74.157981 81.0
80.0 83.524120 84.757231 83.101410 84.0 86.0 78.467734 80.0 78.788687 71.0 74.441968 76.0
80.0 82.646838 85.0 88.790768 89.0 92.0 82.526072 84.0 80.738517 63.0 77.023541 79.0
79.0 80.767002 83.0 89.0 88.0 86.688157 80.0 82.0 82.319939 67.0 74.235868 77.0
83.456242 86.524841 88.757330 89.101483 94.0 95.688390 86.468027 88.0 88.402172 72.0 77.638221 84.0
83.868824 88.142595 91.757398 92.896495 94.0 95.688390 84.930096 88.0 87.542902 78.0 83.639487 83.0
77.840965 82.523867 85.0 88.790768 91.0 93.0 81.691091 81.0 81.173054 68.0 78.444187 79.0
77.840965 84.270683 89.757353 92.896495 93.0 94.688367 84.386210 85.0 81.112240 71.0 78.444187 78.0
81.0 82.767127 85.0 90.573135 92.0 92.688318 81.467850 82.0 80.773451 69.0 78.444187 79.0
82.570289 86.399678 89.757353 90.896473 92.0 91.371833 79.384544 82.0 81.257981 72.0 78.542509 79.0
83.0 85.647246 90.0 92.790953 94.0 94.688367 82.929814 84.0 84.669370 71.0 77.342648 77.0
80.570215 83.524120 86.703171 91.0 90.0 93.688342 81.856268 86.0 85.498970 76.0 82.543859 84.0
83.0 85.647246 87.0 90.896473 91.0 92.0 83.929957 84.0 82.585622 71.0 77.443655 80.0
79.0 80.767002 82.757179 89.790816 89.0 89.371620 79.467774 80.0 78.216056 73.0 79.444705 78.0
79.423669 83.524120 85.472752 89.896461 91.0 93.0 80.467813 82.0 82.790200 74.0 81.445700 82.0
81.0 85.399303 86.757282 90.790862 92.0 91.688292 84.766904 88.0 85.035358 72.0 77.542149 78.0
76.570056 79.523069 83.258079 86.101447 87.0 88.371510 77.419720 79.0 77.350148 75.0 81.445700 82.0
79.423669 83.524120 85.238469 88.790768 90.0 92.371936 80.782391 84.0 83.654455 77.0 81.639087 81.0
76.423549 79.646400 84.0 88.790768 91.0 95.688390 82.835663 84.0 84.129675 75.0 82.543859 85.0
82.0 83.767188 86.238494 89.682998 91.0 91.307038 81.766826 84.0 82.122826 72.0 77.638221 76.0
76.251533 82.398122 87.757306 89.896461 90.0 91.371833 80.384894 81.0 83.696091 77.0 81.345500 80.0
82.0 82.884820 87.0 92.0 94.0 95.0 77.383818 78.0 81.696835 73.0 78.444187 79.0
79.0 80.767002 81.472342 89.790816 92.0 95.372232 81.716287 81.0 81.789836 72.0 79.542860 78.0
81.0 83.646978 86.510251 89.896461 91.0 94.0 82.717599 84.0 84.223735 76.0 79.823556 80.0
80.0 81.767065 84.238444 87.896438 89.0 92.371936 85.766929 88.0 83.790556 73.0 77.731960 76.0
83.343403 86.524841 86.757282 89.0 89.0 92.371936 78.142418 80.0 83.418581 76.0 79.638665 80.0
80.0 81.767065 83.757205 90.460884 91.0 92.050749 82.0 85.0 82.441543 73.0 77.731960 80.0
74.0 74.884687 78.0 83.0 87.0 89.688240 77.528733 79.0 79.956658 74.0 78.638446 77.0
78.570137 79.766937 83.0 87.896438 88.0 89.306986 73.609902 75.0 80.469601 75.0 79.542860 81.0
82.570289 85.524607 87.238518 88.0 90.0 89.0 79.610147 83.0 83.654455 71.0 74.912730 73.0
77.423590 78.0 78.0 81.896359 85.0 85.0 76.0 79.0 79.498671 74.0 79.444705 77.0
75.840637 78.646246 81.0 87.682776 88.0 92.307063 80.834481 83.0 81.184232 70.0 74.637508 73.0
74.569970 76.645926 80.472234 82.0 83.0 85.371165 74.706123 78.0 78.519903 74.0 75.912745 75.0
73.133081 73.766508 76.238219 77.0 79.0 80.687972 72.525656 76.0 75.772854 71.0 76.731834 76.0
76.423549 79.646400 76.757004 83.896387 85.0 86.371283 77.781727 79.0 79.220887 74.0 77.638221 77.0
79.0 80.767002 83.0 85.790617 87.0 90.688266 81.929668 83.0 80.983290 73.0 76.731834 74.0
75.0 77.646088 79.757095 80.101369 80.0 82.048136 76.322025 79.0 76.035284 74.0 77.731960 80.0
74.569970 76.645926 78.0 78.790221 78.0 80.0 69.467323 70.0 69.297799 77.0 81.639087 78.0
75.133440 74.884687 77.757035 83.896387 82.0 79.306687 68.383408 73.0 75.121754 74.0 76.731834 78.0
69.0 69.884589 69.237980 72.0 72.0 77.0 70.0 72.0 72.0 76.0 79.638665 79.0
71.0 71.884630 71.238053 71.101227 73.0 77.370110 68.623364 70.0 68.045742 71.0 77.542149 77.0
77.570097 80.523342 81.000579 81.896359 81.0 86.371283 75.467608 82.0 82.814434 72.0 77.638221 79.0
74.569970 74.884687 75.756972 72.296433 74.0 77.687869 65.926726 72.0 72.077684 74.0 73.823221 79.0
75.570013 76.766731 78.509368 78.0 79.0 80.687972 71.927982 74.0 68.213816 78.0 81.445700 82.0
74.423463 81.268898 81.200556 71.659213 71.0 76.369962 72.467471 75.0 65.475635 80.0 78.168465 79.0
78.252262 79.112687 80.0 82.790456 79.0 78.687904 70.698917 73.0 70.636805 73.0 74.823281 73.0
76.0 77.766801 78.757065 78.896316 79.0 83.370920 75.620303 75.0 72.214787 82.0 85.544784 83.0
74.0 75.766658 76.757004 76.896285 76.0 76.687832 72.0 73.0 67.728575 67.0 74.541007 74.0
70.132504 70.766265 73.699954 71.296283 72.0 74.902826 68.0 70.0 67.095747 0.0 0.0 0.0
79.0 80.767002 83.0 81.200568 81.0 85.371165 78.929207 82.0 79.319715 71.0 74.541007 75.0
78.0 80.646550 78.509368 79.790282 79.0 87.390722 74.830555 79.0 81.983426 77.0 78.0 80.0
75.840637 78.766870 83.757205 84.896400 86.0 89.688240 77.980105 80.0 83.274157 75.0 79.542860 77.0
77.0 81.397708 85.472752 89.790816 90.0 90.0 81.467850 86.0 84.912380 72.0 76.541779 77.0
84.570359 87.525071 90.0 92.790953 94.0 95.0 84.930096 86.0 85.698056 74.0 79.638665 80.0
79.841278 84.524366 89.0 92.896495 94.0 94.688367 84.467959 87.0 83.773776 73.0 81.445700 84.0
79.0 83.398526 85.510150 91.573326 93.0 94.051204 82.385568 83.0 81.189842 73.0 81.445700 84.0
82.161260 82.884820 83.472552 91.683210 94.0 94.372135 79.463539 82.0 78.655848 74.0 81.345500 82.0
76.840803 82.398122 84.702739 89.0 89.0 90.688266 79.929364 82.0 81.319866 76.0 78.638446 79.0
76.570056 79.523069 81.472342 86.682660 88.0 90.0 79.467774 83.0 80.696511 72.0 79.542860 79.0
80.905777 84.884849 88.473035 92.790953 92.0 93.688342 82.385568 84.0 81.441220 78.0 81.732436 80.0
78.423630 82.646838 86.757282 89.896461 91.0 91.0 82.467887 84.0 82.773670 76.0 81.543534 83.0
78.423630 82.523867 86.238494 87.0 89.0 92.371936 82.929814 83.0 82.697152 71.0 76.443109 79.0
79.0 83.524120 85.757257 88.790768 90.0 91.371833 79.384544 85.0 85.498970 75.0 79.638665 77.0
79.640116 83.524120 85.757257 86.896425 87.0 89.688240 82.0 83.0 83.416745 75.0 79.638665 81.0
80.0 84.398919 88.510446 91.790908 91.0 93.0 83.232144 84.0 83.498875 75.0 78.912785 78.0
78.0 80.646550 84.238444 89.572940 90.0 92.371936 79.467774 81.0 83.258176 75.0 78.542509 83.0
77.0 77.884740 82.238392 86.790669 89.0 90.371728 77.383818 82.0 82.351419 74.0 77.731960 79.0
81.0 83.646978 86.472848 88.896450 89.0 90.688266 80.929518 84.0 82.095981 74.0 78.732084 80.0
75.789974 80.523342 84.0 85.790617 87.0 87.371398 78.833239 79.0 79.593426 72.0 78.542509 79.0
81.570252 80.112702 81.509720 85.790617 86.0 88.0 80.0 80.0 80.095954 72.0 77.638221 75.0
75.423507 78.646246 81.257574 86.0 87.0 87.0 76.928880 77.0 79.232252 73.0 77.542149 78.0
76.423549 78.766870 78.238280 85.790617 89.0 92.050749 78.122745 76.0 78.126443 73.0 78.638446 76.0
79.570176 81.646696 83.0 85.896413 88.0 88.306959 79.384544 83.0 81.382325 75.0 77.638221 77.0
76.570056 78.646246 80.472234 83.0 88.0 89.371620 80.690846 81.0 81.513227 71.0 79.344113 79.0
80.134259 80.767002 85.238469 89.790816 91.0 91.0 84.467959 86.0 84.079656 71.0 79.542860 80.0
77.0 77.0 78.238280 81.682041 87.0 88.688213 75.831253 78.0 78.642748 75.0 81.445700 81.0
79.0 82.523867 85.757257 86.0 88.0 89.0 79.073263 80.0 79.052487 74.0 77.731960 76.0
82.570289 83.767188 84.472653 90.790862 90.0 91.0 79.0 83.0 78.035954 73.0 77.731960 77.0
79.423669 77.330444 77.0 81.896359 85.0 89.371620 74.454792 76.0 80.095954 75.0 78.638446 76.0
73.569925 76.522206 78.509368 80.681908 81.0 83.048426 72.381827 78.0 77.052442 75.0 78.732084 78.0
74.0 74.0 76.0 81.790399 83.0 87.722888 75.928710 76.0 76.029280 72.0 76.637990 77.0
78.252262 77.222774 78.701315 84.790565 87.0 86.608955 80.066471 81.0 75.349593 73.0 76.823396 76.0
76.690906 78.522789 82.149131 84.896400 84.0 86.052068 75.766652 79.0 81.257981 74.0 79.444705 77.0
73.569925 76.522206 78.472008 82.896373 83.0 86.0 77.383818 79.0 76.307241 74.0 77.638221 79.0
73.423419 79.267629 82.757179 83.0 83.0 85.048985 75.383053 78.0 72.370873 74.0 76.823396 76.0
74.0 75.766658 80.757123 82.0 83.0 86.306903 76.467651 81.0 75.612011 73.0 76.731834 76.0
74.569970 74.884687 76.509118 76.0 78.0 78.370254 71.072047 75.0 72.786105 75.0 78.732084 79.0
75.0 76.766731 76.757004 76.0 74.0 79.047221 71.467423 74.0 66.350653 76.0 80.638879 79.0
72.622972 76.645926 75.756972 73.101261 74.0 78.718269 71.448959 75.0 73.369851 75.0 77.731960 74.0
76.570056 75.112620 77.0 77.896301 77.0 79.687938 71.467423 74.0 70.052266 74.0 79.732204 79.0
72.0 73.766508 76.757004 76.0 76.0 77.687869 70.467374 73.0 71.827642 74.0 75.731703 75.0
70.0 71.766348 73.238122 75.896269 74.0 75.687795 69.467323 73.0 72.073893 74.0 75.637752 76.0
78.570137 78.884757 79.737836 77.101325 76.0 80.370530 72.0 77.0 74.637123 69.0 74.637508 76.0
80.570215 82.646838 81.000579 80.790342 82.0 84.371044 76.0 78.0 79.653678 81.0 76.406588 79.0
74.0 74.884687 76.757004 76.896285 77.0 78.687904 72.0 74.0 73.052346 77.0 78.542509 79.0
78.0 78.884757 78.509368 77.0 61.0 76.306582 68.0 73.0 67.614960 68.0 70.439477 72.0
73.569925 73.884669 75.471648 78.101340 78.0 82.688036 75.0 76.0 72.323148 64.0 74.637508 75.0
78.841124 79.112687 82.928021 85.101435 91.0 92.0 77.383818 85.0 85.542836 68.0 77.443655 78.0
80.0 81.767065 83.0 84.0 84.0 82.370793 73.467518 77.0 76.121919 79.0 83.544175 82.0
78.0 79.766937 82.238392 85.896413 86.0 86.049255 79.0 83.0 82.052550 76.0 83.139937 84.0
79.841278 83.646978 90.238586 92.790953 92.0 92.688318 83.467924 86.0 86.217474 71.0 78.444187 81.0
81.841575 85.647246 91.0 92.790953 94.0 95.688390 79.929364 84.0 84.593811 72.0 78.444187 81.0
81.841575 86.524841 89.757353 92.0 94.0 95.688390 84.930096 87.0 87.499061 74.0 79.732204 80.0
78.423630 82.523867 87.0 91.683210 92.0 91.688292 79.833868 81.0 80.079064 72.0 84.347449 84.0
82.570289 82.884820 86.238494 90.896473 93.0 94.688367 84.073905 84.0 83.453948 71.0 78.542509 77.0
77.423590 80.523342 83.472552 89.896461 92.0 93.688342 80.929518 79.0 79.542617 77.0 81.823657 81.0
79.0 81.646696 84.238444 87.790719 89.0 89.0 78.467734 80.0 81.841060 71.0 78.444187 78.0
83.0 84.767247 89.238564 92.896495 93.0 94.688367 83.929957 87.0 84.483957 70.0 77.443655 82.0
80.0 81.767065 82.757179 85.896413 88.0 92.0 77.383818 79.0 80.714209 69.0 75.341099 75.0
78.517157 78.884757 82.509831 88.572741 89.0 91.371833 78.690337 80.0 82.122826 76.0 80.543202 82.0
78.570137 78.884757 81.0 88.460255 91.0 90.050273 79.467774 85.0 84.445774 76.0 82.543859 80.0
78.252262 82.646838 85.0 89.896461 91.0 92.371936 82.385568 84.0 84.956689 76.0 80.543202 81.0
80.623837 86.399678 87.0 90.790862 90.0 93.372037 82.929814 84.0 83.223193 76.0 80.638879 82.0
83.0 84.767247 86.703171 91.790908 92.0 95.372232 86.0 87.0 84.790903 74.0 80.445209 78.0
80.134259 82.523867 86.703171 91.896484 92.0 95.0 84.386210 88.0 86.637903 74.0 81.445700 82.0
76.0 79.523069 84.510046 86.896425 88.0 91.050514 77.383818 81.0 79.601179 77.0 79.732204 81.0
80.570215 85.271248 87.472943 91.896484 91.0 92.371936 81.622026 86.0 85.217312 76.0 79.638665 78.0
77.0 80.523342 83.0 87.790719 90.0 92.0 77.274311 80.0 81.095968 73.0 78.638446 79.0
78.423630 79.884773 83.367605 88.0 91.0 93.725466 76.072837 80.0 83.320010 77.0 78.823504 77.0
0.0 0.0 0.0 0.0 0.0 0.0 0.0 0.0 0.0 0.0 0.0 0.0
0.0 0.0 0.0 0.0 0.0 0.0 0.0 0.0 0.0 0.0 0.0 0.0
77.570097 78.766870 80.238337 88.790768 91.0 91.307038 79.384544 83.0 81.498776 72.0 78.542509 80.0
83.423816 85.767304 87.238518 91.896484 92.0 94.688367 83.385893 85.0 83.079513 76.0 78.732084 82.0
78.423630 79.884773 76.925411 86.682660 90.0 90.0 80.856250 83.0 81.956671 74.0 78.732084 84.0
75.840637 79.646400 84.472653 87.896438 91.0 93.0 82.929814 84.0 81.216621 71.0 78.638446 78.0
76.0 77.766801 82.238392 88.0 88.0 88.688213 80.0 82.0 79.908720 71.0 77.542149 75.0
77.423590 79.766937 81.0 84.0 83.0 85.306874 75.383053 79.0 79.273701 73.0 77.731960 77.0
75.0 75.884705 77.757035 81.896359 81.0 82.0 69.265096 71.0 74.319300 73.0 76.731834 73.0
81.570252 81.884805 83.472552 88.0 88.0 90.724220 81.385235 79.0 79.593426 72.0 73.823221 73.0
71.423326 73.766508 76.757004 76.896285 80.0 80.306720 68.825948 69.0 69.498057 74.0 78.638446 77.0
78.0 78.884757 78.0 79.0 78.0 77.687869 70.467374 74.0 72.956608 74.0 77.731960 78.0
76.423549 77.884740 80.509606 82.0 79.0 85.0 75.467608 81.0 78.426366 69.0 75.541398 76.0
71.0 74.521591 75.0 78.101340 78.0 80.370530 72.467471 74.0 72.786105 70.0 74.823281 74.0
74.569970 74.884687 76.509118 75.0 76.0 78.687904 70.467374 74.0 71.785632 72.0 76.637990 76.0
80.0 80.884789 82.757179 84.682422 86.0 86.688157 78.467734 79.0 77.461319 74.0 77.638221 79.0
67.0 67.0 67.756683 67.0 65.0 68.368625 63.0 64.0 63.095666 74.0 77.638221 76.0
75.202853 77.766801 80.238337 82.896373 81.0 84.371044 73.928356 75.0 76.317055 72.0 75.731703 78.0
72.0 73.645412 75.756972 76.0 74.0 79.370394 72.467471 72.0 70.460887 77.0 80.638879 81.0
77.0 79.646400 81.509720 82.790456 84.0 86.688157 78.0 81.0 78.680408 65.0 72.540189 71.0
71.423326 75.521903 75.756972 75.896269 75.0 77.687869 67.262452 68.0 62.596245 51.0 69.229928 73.0
77.0 78.766870 80.757123 80.200513 80.0 82.370793 76.072837 78.0 74.189452 70.0 72.823160 78.0
73.423419 77.522502 78.999617 75.200220 74.0 74.369655 67.583978 72.0 74.058934 68.0 72.636999 72.0
77.0 79.646400 80.0 76.200282 77.0 82.688036 73.231077 72.0 68.826105 65.0 79.686713 82.0
81.0 82.767127 83.509940 81.200568 80.0 83.370920 78.0 81.0 78.396268 34.0 62.328362 66.0
74.0 75.766658 77.757035 79.0 78.0 80.687972 72.467471 73.0 71.555359 66.0 73.540604 76.0
77.423590 77.112654 79.238309 80.896345 81.0 85.721947 76.231427 80.0 78.637409 70.0 74.441968 76.0
78.423630 80.767002 84.238444 85.0 87.0 89.371620 79.384544 83.0 79.820979 75.0 76.637990 77.0
73.840290 76.766731 80.472234 81.0 85.0 87.306931 77.467693 82.0 81.311006 71.0 74.731569 74.0
80.372257 85.399303 88.238541 90.790862 92.0 94.688367 82.929814 86.0 86.499016 77.0 78.823504 81.0
81.570252 83.646978 88.757330 90.896473 90.0 91.688292 82.856287 84.0 83.939332 66.0 80.028317 76.0
81.203011 85.399303 89.510541 90.790862 93.0 93.688342 84.467959 86.0 84.217145 69.0 74.637508 77.0
81.0 82.646838 85.757257 91.683210 93.0 95.0 81.467850 85.0 84.697762 78.0 83.544175 81.0
82.570289 82.0 84.928811 92.896495 94.0 94.688367 80.467813 85.0 84.301317 75.0 79.542860 81.0
82.0 83.767188 84.472653 90.573135 91.0 92.371936 80.384894 83.0 82.923502 75.0 79.638665 80.0
80.423707 83.646978 85.472752 90.790862 93.0 93.688342 83.929957 85.0 82.790200 71.0 79.638665 80.0
77.202909 80.646550 83.757205 86.896425 89.0 90.0 79.384544 82.0 82.956677 74.0 80.543202 81.0
79.0 80.767002 83.472552 88.790768 88.0 92.371936 80.929518 82.0 83.956683 72.0 77.638221 80.0
69.0 71.645044 75.238188 80.681908 83.0 85.0 78.929207 81.0 78.788687 76.0 79.638665 81.0
77.0 78.766870 78.757065 82.0 84.0 85.371165 76.231427 77.0 76.121919 78.0 81.639087 80.0
76.0 79.523069 80.0 83.790511 86.0 86.688157 75.928710 78.0 79.814324 72.0 79.542860 79.0
76.423549 81.397708 86.472848 89.896461 91.0 94.0 81.929668 83.0 81.356979 75.0 79.638665 79.0
79.423669 81.767065 84.238444 88.682888 90.0 90.688266 78.0 82.0 78.052465 71.0 76.443109 78.0
78.640010 81.767065 86.472848 89.896461 93.0 94.688367 83.0 86.0 83.654455 75.0 79.638665 81.0
81.0 82.767127 86.510251 88.790768 90.0 90.609383 80.929518 83.0 82.004761 75.0 78.638446 79.0
76.775996 81.397708 85.510150 89.790816 91.0 92.050749 79.833868 84.0 83.680717 72.0 76.541779 77.0
79.423669 81.767065 83.0 86.896425 88.0 86.389983 76.557935 83.0 81.912306 76.0 81.639087 83.0
70.423277 73.645412 78.238280 79.896331 84.0 86.688157 76.231427 78.0 81.163005 73.0 77.638221 78.0
80.134259 81.646696 86.703171 89.0 87.0 91.050514 81.467850 81.0 80.600171 75.0 77.823451 80.0
80.423707 81.884805 83.757205 86.790669 85.0 88.688213 78.467734 81.0 80.172861 74.0 79.638665 79.0
79.134103 81.523608 83.928420 90.896473 89.0 93.050979 85.0 86.0 81.098916 71.0 76.731834 80.0
79.372220 80.767002 83.0 86.0 89.0 88.688213 78.384186 79.0 80.052509 74.0 76.731834 75.0
72.740777 75.521903 77.509245 82.896373 86.0 87.0 78.467734 79.0 76.261532 74.0 76.823396 76.0
73.689724 73.766508 78.757065 80.896345 81.0 84.688098 73.928356 81.0 78.912227 75.0 80.543202 78.0
72.423373 75.645759 77.509245 79.0 82.0 80.608234 70.765801 79.0 76.052419 74.0 77.731960 78.0
74.792800 76.645926 80.0 81.790399 83.0 87.371398 75.467608 79.0 79.721215 73.0 78.542509 80.0
71.132702 72.645231 73.756906 75.0 77.0 78.0 71.467423 77.0 75.480777 70.0 76.731834 74.0
72.733475 74.766584 74.471522 79.896331 79.0 82.0 70.380952 74.0 75.401532 73.0 76.637990 74.0
79.423669 80.884789 85.0 87.0 89.0 90.688266 82.073657 85.0 81.134767 72.0 72.912701 74.0
69.622598 71.0 73.255274 73.789891 78.0 78.0 67.506936 70.0 72.113339 72.0 76.731834 77.0
74.0 75.766658 78.0 80.790342 81.0 81.370663 72.467471 74.0 72.390221 71.0 75.823339 73.0
73.0 75.645759 79.757095 79.896331 81.0 82.048136 73.928356 77.0 73.171365 72.0 74.731569 76.0
67.109870 68.766092 69.508129 68.101171 68.0 72.687677 65.926726 67.0 64.387284 75.0 78.638446 77.0
72.569879 75.521903 76.757004 77.0 77.0 80.370530 71.0 73.0 74.772725 73.0 77.542149 77.0
72.0 73.766508 77.0 78.896316 79.0 81.370663 74.0 75.0 75.637198 76.0 77.912772 73.0
70.0 72.645231 73.756906 73.896235 75.0 76.0 67.0 69.0 66.771557 72.0 73.637257 74.0
71.947732 73.766508 75.508988 74.0 72.0 78.687904 70.927788 71.0 66.535756 76.0 76.912758 75.0
76.423549 77.884740 80.0 79.200458 79.0 81.688004 73.0 77.0 74.912110 74.0 77.823451 79.0
72.569879 73.766508 74.508855 74.896252 75.0 81.370663 71.467423 73.0 68.044195 68.0 69.822965 71.0
73.569925 75.645759 75.508988 72.101244 75.0 76.687832 69.467323 72.0 70.348068 72.0 72.912701 75.0
73.569925 75.645759 77.0 77.896301 81.0 84.688098 73.321751 74.0 70.691559 63.0 65.912583 69.0
78.423630 82.646838 80.509606 81.200568 77.0 79.370394 72.829104 76.0 75.202240 65.0 72.540189 76.0
72.0 73.766508 76.757004 77.0 76.0 78.0 69.525507 72.0 68.771874 68.0 76.731834 80.0
84.423851 85.0 85.742103 83.896387 86.0 90.050273 81.526035 83.0 76.108508 73.0 79.344113 77.0
74.680728 79.523069 81.757151 82.682171 86.0 87.688185 77.383818 80.0 79.801478 69.0 71.823097 74.0
80.252955 85.524607 87.757306 84.101423 89.0 88.371510 78.045400 84.0 82.441543 66.0 72.823160 73.0
75.0 77.522502 81.238365 85.0 89.0 90.688266 80.384894 85.0 85.498970 71.0 76.637990 77.0
81.423745 82.884820 86.0 88.790768 89.0 89.688240 80.384894 83.0 82.364746 73.0 77.912772 77.0
80.0 81.767065 84.0 87.682776 90.0 90.371728 82.929814 82.0 81.885347 75.0 81.639087 81.0
79.681342 83.646978 86.0 88.896450 91.0 91.688292 82.467887 83.0 83.357127 73.0 78.542509 80.0
84.0 87.525071 90.757376 92.896495 94.0 92.688318 81.929668 84.0 83.401950 73.0 79.638665 80.0
81.904360 81.884805 81.927612 86.101447 90.0 90.0 75.707689 80.0 79.789080 74.0 80.445209 84.0
79.0 82.523867 87.0 88.896450 89.0 91.307038 80.525997 82.0 81.558876 70.0 78.542509 79.0
80.423707 82.767127 83.702516 90.683105 93.0 92.0 84.075453 84.0 84.694304 75.0 81.445700 78.0
80.423707 81.884805 84.238444 87.896438 87.0 91.371833 77.274311 84.0 83.593738 75.0 80.543202 79.0
78.947794 79.884773 84.0 89.0 90.0 91.688292 75.119181 81.0 81.596832 73.0 79.542860 78.0
76.0 78.646246 80.238337 85.682542 88.0 93.050979 79.467774 81.0 81.983426 74.0 77.638221 77.0
78.252262 82.646838 85.258560 89.896461 90.0 90.371728 80.308527 80.0 78.810646 73.0 77.638221 77.0
74.133263 76.522206 79.472122 83.790511 88.0 90.371728 80.467813 85.0 84.542802 77.0 79.732204 79.0
76.570056 78.646246 83.238418 85.896413 90.0 91.688292 81.467850 84.0 80.789463 77.0 80.732322 83.0
75.0 76.766731 81.472342 85.790617 87.0 87.371398 77.467693 81.0 81.498776 75.0 80.543202 82.0
83.134702 87.400044 89.259456 90.101494 93.0 94.688367 81.278241 83.0 83.122965 75.0 80.732322 82.0
77.0 78.766870 80.238337 82.790456 84.0 85.371165 77.610069 80.0 81.128183 74.0 79.638665 81.0
77.570097 79.646400 81.702053 84.0 83.0 86.371283 77.929045 79.0 81.637606 76.0 80.732322 82.0
74.423463 79.396846 83.0 84.896400 87.0 89.0 74.467563 79.0 80.637542 73.0 78.542509 81.0
72.569879 73.766508 74.756939 77.0 80.0 82.0 71.467423 73.0 75.319388 74.0 80.543202 80.0
74.0 76.645926 78.472008 86.101447 90.0 92.371936 77.274311 78.0 82.357054 75.0 83.446644 82.0
80.423707 84.524366 87.0 90.790862 92.0 94.372135 82.929814 82.0 82.814434 73.0 76.731834 79.0
77.639902 79.0 81.238365 87.572537 89.0 91.371833 81.467850 84.0 82.637668 76.0 78.732084 78.0
72.639316 75.645759 76.757004 78.896316 81.0 82.0 71.766519 74.0 78.119332 73.0 75.731703 74.0
75.0 76.766731 75.756972 81.682041 83.0 84.688098 74.928535 77.0 77.364496 72.0 77.443655 79.0
74.359539 75.766658 80.238337 83.0 89.0 91.688292 78.072445 78.0 78.637409 71.0 77.638221 75.0
75.0 79.396846 81.0 81.896359 81.0 84.0 71.927982 76.0 78.943158 72.0 77.542149 80.0
74.840465 76.884723 77.757035 81.0 82.0 84.0 73.467518 77.0 74.863166 72.0 76.541779 75.0
71.423326 73.766508 77.757035 79.790282 79.0 80.370530 71.927982 73.0 72.772457 71.0 76.637990 72.0
76.133613 76.766731 73.756906 76.0 75.0 76.687832 70.0 73.0 73.621400 70.0 72.636999 73.0
77.133780 76.884723 78.238280 80.101369 83.0 85.721947 75.383728 76.0 73.863335 71.0 75.637752 77.0
78.0 79.766937 77.509245 79.896331 81.0 84.306845 72.928172 76.0 76.912170 73.0 76.731834 76.0
75.423507 76.884723 76.238219 78.790221 78.0 82.370793 71.072047 76.0 76.401589 74.0 76.637990 77.0
73.0 73.884669 78.0 79.0 78.0 80.687972 73.928356 76.0 76.078410 71.0 73.823221 74.0
76.0 76.0 78.238280 79.896331 78.0 80.687972 69.927587 73.0 70.819021 73.0 73.912716 75.0
72.0 71.884630 73.756906 75.0 75.0 76.717092 71.0 74.0 69.813997 71.0 74.637508 75.0
72.423373 74.766584 75.756972 76.0 77.0 79.687938 72.467471 74.0 71.095819 75.0 76.823396 73.0
73.0 73.884669 75.756972 75.0 77.0 77.687869 70.525558 72.0 68.477734 66.0 70.823032 72.0
73.0 74.766584 77.471891 81.790399 83.0 83.306815 71.381396 76.0 76.982711 77.0 79.823556 78.0
76.133613 75.0 78.757065 78.0 78.0 81.0 73.467518 75.0 72.607412 66.0 71.731144 72.0
73.843412 73.884669 75.508988 75.0 72.0 74.687757 68.467271 70.0 54.282858 73.0 75.823339 77.0
74.0 74.884687 75.756972 74.101278 74.0 77.370110 70.467374 73.0 71.498194 75.0 80.638879 84.0
78.570137 79.766937 78.757065 78.101340 79.0 83.688068 75.467608 76.0 72.479544 65.0 72.540189 72.0
75.570013 75.0 74.756939 74.0 76.0 79.687938 73.0 75.0 71.917961 73.0 75.637752 75.0
77.570097 77.884740 79.509488 78.0 73.0 76.369962 72.525656 74.0 68.493179 69.0 70.636459 75.0
72.0 73.766508 74.508855 74.789961 74.0 77.687869 72.0 74.0 71.052293 77.0 76.0 76.0
74.423463 76.766731 77.925873 82.0 82.0 83.370920 75.467608 74.0 75.461204 73.0 79.444705 76.0
75.570013 75.884705 80.757123 80.896345 81.0 84.0 75.467608 77.0 76.912170 70.0 77.443655 77.0
80.0 82.646838 85.238469 89.0 88.0 91.371833 81.929668 83.0 82.747096 74.0 73.912716 76.0
79.134103 82.398122 86.0 87.0 90.0 89.688240 82.385568 83.0 81.956671 67.0 76.131367 77.0
80.054660 85.524607 88.757330 91.896484 90.0 92.688318 84.467959 87.0 85.035358 72.0 82.138811 83.0
82.253614 84.884849 87.0 89.896461 93.0 95.688390 85.322730 86.0 85.655054 72.0 81.345500 84.0
76.359769 76.766731 82.238392 85.790617 88.0 89.371620 77.929045 79.0 80.356903 72.0 77.638221 76.0
80.423707 84.524366 85.702958 91.101505 91.0 93.372037 82.766853 85.0 83.470601 70.0 79.344113 80.0
76.423549 81.397708 86.238494 88.896450 90.0 90.688266 80.384894 82.0 81.769068 77.0 83.346816 84.0
80.423707 84.524366 86.0 88.896450 91.0 91.0 80.467813 84.0 82.983558 73.0 79.732204 82.0
79.0 80.767002 84.702739 91.790908 91.0 94.372135 83.836234 86.0 83.441858 72.0 79.444705 80.0
75.840637 79.646400 81.0 86.790669 87.0 89.688240 78.929207 79.0 80.445629 74.0 80.543202 80.0
72.202765 73.766508 76.700792 83.682298 88.0 89.688240 78.384186 82.0 82.593663 74.0 78.542509 80.0
74.569970 76.645926 80.472234 85.790617 90.0 92.371936 81.842500 85.0 80.773451 72.0 80.445209 80.0
80.252955 84.647113 86.757282 91.683210 92.0 95.372232 84.930096 87.0 86.939757 73.0 78.732084 81.0
80.0 80.884789 84.258322 90.573135 90.0 92.688318 81.929668 81.0 81.637606 74.0 80.445209 80.0
77.532041 80.646550 84.238444 87.0 89.0 90.688266 83.526109 85.0 84.217145 77.0 82.543859 82.0
81.244528 83.398526 89.238564 91.896484 94.0 95.688390 83.665314 87.0 88.461860 77.0 78.0 82.0
80.300124 81.646696 84.238444 91.683210 93.0 93.372037 85.467993 86.0 84.920879 74.0 78.732084 79.0
80.570215 81.767065 85.238469 89.896461 93.0 94.688367 79.713564 83.0 84.217145 76.0 81.543534 82.0
82.570289 83.767188 88.0 89.790816 90.0 92.371936 83.384029 85.0 84.357198 72.0 77.638221 78.0
77.0 80.523342 80.472234 88.790768 91.0 90.0 78.384186 81.0 81.175139 73.0 80.241933 79.0
74.423463 79.396846 82.238392 85.896413 87.0 89.371620 79.467774 83.0 82.122826 74.0 80.445209 83.0
76.570056 76.884723 80.238337 84.790565 88.0 89.0 78.467734 82.0 81.746729 74.0 78.638446 78.0
84.570359 86.647375 87.238518 92.790953 94.0 95.688390 86.468027 87.0 86.035513 73.0 77.823451 79.0
76.241325 78.396399 77.238250 83.682298 86.0 87.688185 78.467734 81.0 78.773221 74.0 77.638221 78.0
74.775935 76.766731 79.238309 80.200513 84.0 87.371398 76.045064 83.0 80.730358 75.0 78.732084 77.0
79.570176 82.523867 82.0 85.790617 88.0 88.688213 82.0 83.0 78.745570 74.0 78.638446 80.0
78.0 79.766937 82.757179 87.896438 90.0 92.688318 81.385235 85.0 83.456432 70.0 76.637990 79.0
73.342288 74.766584 77.0 78.896316 81.0 83.688068 73.0 77.0 74.729611 76.0 79.444705 80.0
74.423463 75.884705 79.757095 80.896345 80.0 82.688036 73.382247 75.0 73.400498 71.0 74.731569 75.0
73.423419 76.645926 75.238188 76.896285 76.0 80.0 71.0 74.0 73.171365 69.0 77.342648 77.0
75.079579 76.645926 76.238219 80.790342 80.0 86.049255 75.842371 80.0 77.189628 69.0 73.912716 75.0
75.0 76.766731 78.0 79.0 81.0 85.048985 77.929045 78.0 76.218997 70.0 76.637990 77.0
76.0 76.884723 75.756972 83.224453 83.0 84.905762 73.688944 76.0 75.878006 70.0 75.442546 74.0
72.569879 72.884650 75.0 76.0 74.0 77.046571 72.0 75.0 70.814157 71.0 76.637990 71.0
75.423507 76.884723 75.508988 77.790159 78.0 79.687938 70.467374 74.0 69.401155 74.0 75.0 72.0
77.0 76.884723 78.509368 79.790282 80.0 84.688098 76.0 79.0 70.859219 75.0 79.732204 80.0
74.133263 74.645588 75.756972 75.0 76.0 77.0 71.467423 71.0 66.515256 71.0 71.0 69.0
71.569831 73.645412 74.756939 76.0 75.0 78.370254 71.0 72.0 68.256311 72.0 74.731569 74.0
72.569879 72.884650 74.471522 75.790028 78.0 79.687938 72.928172 70.0 68.120460 66.0 71.539763 72.0
74.0 74.0 74.756939 75.0 75.0 78.0 71.525607 75.0 71.257064 68.0 74.541007 74.0
69.0 71.645044 75.238188 73.390806 75.0 78.306653 71.467423 72.0 70.904351 74.0 77.443655 78.0
68.569681 70.644853 70.508282 66.388873 75.0 65.687361 70.525558 72.0 66.024498 49.0 75.552640 81.0
74.569970 76.645926 80.000104 79.790282 80.0 81.688004 76.0 78.0 77.498561 61.0 58.246947 58.0
74.0 76.645926 76.757004 73.296580 60.0 74.0 66.926951 69.0 65.346311 68.0 74.441968 77.0
76.241325 74.0 75.0 76.0 77.0 80.370530 75.0 77.0 71.334188 64.0 64.912564 64.0
76.0 77.766801 79.257044 77.101325 78.0 78.687904 73.525702 74.0 70.052266 67.0 71.440128 75.0
80.134259 80.767002 82.238392 82.896373 82.0 89.723786 78.467734 79.0 76.863584 69.0 72.912701 74.0
80.423707 84.524366 86.238494 90.790862 90.0 91.688292 82.0 84.0 83.498875 75.0 79.732204 79.0
79.570176 81.646696 84.0 84.0 81.0 83.688068 76.928880 82.0 82.228565 72.0 75.442546 79.0
76.690906 76.766731 80.0 80.896345 83.0 87.0 77.929045 82.0 79.228406 68.0 78.444187 80.0
82.0 83.767188 85.0 88.790768 89.0 93.725466 86.0 88.0 85.791242 75.0 80.344816 80.0
79.691998 81.646696 84.702739 91.790908 91.0 94.688367 78.467734 82.0 85.912404 79.0 79.912798 84.0
79.300006 84.139562 90.0 91.0 92.0 93.688342 82.385568 83.0 84.180187 72.0 78.444187 82.0
78.423630 81.646696 83.258079 91.573326 90.0 88.688213 76.529301 80.0 78.983007 76.0 79.732204 81.0
74.0 75.766658 76.0 81.790399 82.0 84.371044 72.856081 79.0 77.642925 75.0 79.638665 80.0
80.0 80.0 80.509606 85.459253 83.0 85.306874 77.525877 81.0 77.232134 76.0 82.446178 80.0
74.0 74.884687 77.0 79.200458 80.0 84.721459 76.0 78.0 78.585472 75.0 81.639087 80.0
75.0 79.396846 79.472122 85.101435 87.0 93.050979 73.231077 77.0 80.313054 75.0 80.638879 80.0
78.947794 78.884757 84.238444 84.790565 86.0 90.0 81.929668 81.0 77.262182 75.0 81.639087 81.0
77.448186 81.0 78.472008 85.0 87.0 87.688185 79.384544 80.0 76.333719 74.0 75.912745 78.0
72.423373 75.645759 76.757004 84.571894 84.0 85.688128 74.233238 77.0 77.680341 76.0 78.638446 78.0
76.570056 78.646246 83.0 84.790565 85.0 88.0 76.295379 80.0 79.034344 78.0 83.639487 82.0
78.423630 80.767002 83.472552 88.572741 88.0 90.0 77.467693 80.0 82.814434 75.0 78.732084 78.0
80.134259 81.646696 83.0 87.790719 88.0 90.688266 77.292021 84.0 80.730358 79.0 82.446178 85.0
77.423590 79.766937 84.0 90.573135 90.0 91.371833 82.0 85.0 79.350676 72.0 79.542860 80.0
76.219492 78.646246 83.238418 87.0 86.0 89.688240 79.929364 82.0 77.863786 78.0 83.639487 84.0
74.569970 74.884687 75.508988 77.790159 81.0 85.371165 77.929045 79.0 79.956658 77.0 82.543859 84.0
77.423590 81.523608 84.0 87.0 87.0 89.0 81.699320 84.0 80.146243 74.0 81.543534 84.0
77.0 77.0 79.238309 82.790456 86.0 83.905500 73.856104 79.0 79.601179 72.0 78.444187 79.0
77.0 82.269508 82.238392 84.790565 86.0 86.688157 75.383053 77.0 79.356824 76.0 81.823657 82.0
79.423669 80.884789 82.0 83.896387 84.0 87.371398 77.308168 82.0 78.637409 75.0 79.638665 80.0
80.570215 84.398919 85.0 90.790862 92.0 94.688367 85.930232 86.0 84.787438 74.0 79.542860 78.0
78.252262 80.0 83.472552 86.896425 90.0 91.688292 79.929364 80.0 79.983150 74.0 78.638446 77.0
78.570137 78.884757 81.472342 86.0 87.0 89.688240 81.467850 82.0 80.324193 73.0 80.445209 78.0
84.517480 84.884849 83.757205 88.896450 89.0 89.0 77.026585 82.0 80.052439 74.0 78.542509 80.0
79.0 81.646696 82.0 88.790768 90.0 93.372037 79.833868 79.0 79.302592 77.0 78.732084 75.0
74.569970 77.522502 81.702053 86.896425 88.0 90.688266 76.709215 81.0 79.045200 71.0 77.542149 79.0
74.423463 76.766731 75.756972 77.896301 79.0 82.688036 72.829104 74.0 72.542315 67.0 72.540189 71.0
74.0 77.646088 77.757035 78.896316 80.0 82.370793 72.856081 74.0 71.390832 72.0 79.542860 79.0
70.423277 71.0 74.255589 74.101278 77.0 80.0 71.525607 74.0 73.461082 74.0 80.344816 82.0
71.0 73.645412 74.756939 75.0 76.0 77.370110 70.467374 71.0 70.120856 73.0 77.731960 74.0
75.0 76.766731 77.509245 78.0 78.0 80.370530 71.467423 74.0 74.215233 72.0 75.637752 73.0
76.581348 75.884705 75.998076 75.101294 77.0 81.688004 74.766620 76.0 72.348703 76.0 79.542860 81.0
71.0 72.766429 73.0 72.896218 71.0 73.369496 67.927169 72.0 70.280267 79.0 79.912798 78.0
65.733187 67.644242 68.507970 67.101151 66.0 66.0 59.609140 64.0 62.254587 76.0 74.912730 73.0
70.168167 70.884610 74.508855 74.0 70.0 76.046233 70.0 71.0 69.189125 70.0 71.823097 72.0
69.423227 71.766348 72.0 73.101261 74.0 75.687795 67.467217 68.0 65.641940 76.0 77.731960 80.0
71.0 73.645412 74.756939 74.896252 76.0 76.687832 65.525288 71.0 69.636719 79.0 79.542860 74.0
73.253996 75.0 71.254616 69.199814 66.0 75.369811 70.525558 72.0 74.160333 72.0 77.638221 74.0
74.0 75.766658 77.757035 77.0 78.0 80.687972 73.467518 76.0 74.401473 48.0 66.635277 70.0
77.0 78.766870 79.509488 77.101325 77.0 81.688004 74.467563 78.0 69.985685 56.0 70.231190 70.0
73.569925 74.766584 75.998076 77.896301 78.0 80.370530 76.525835 78.0 76.401589 53.0 64.634628 67.0
74.0 74.884687 75.756972 76.0 75.0 75.687795 70.525558 73.0 68.599242 47.0 66.380448 79.0
72.569879 73.766508 73.508718 73.0 74.0 77.687869 71.467423 73.0 72.498259 58.0 72.636999 74.0
74.733547 75.766658 79.757095 80.681908 83.0 84.371044 69.467323 72.0 70.636805 74.0 81.345500 80.0
81.570252 83.646978 86.258792 87.790719 87.0 88.688213 81.526035 85.0 84.129675 60.0 72.085126 77.0
76.423549 79.646400 81.757151 83.896387 85.0 86.0 75.928710 79.0 78.262816 74.0 77.731960 79.0
79.841278 81.884805 83.0 86.790669 88.0 88.371510 78.467734 81.0 80.007998 75.0 80.638879 77.0
80.0 83.524120 87.510350 91.573326 92.0 94.0 80.145069 82.0 81.653826 74.0 81.445700 81.0
78.947794 79.884773 82.757179 86.682660 90.0 91.371833 80.929518 81.0 80.216437 74.0 79.638665 80.0
82.570289 83.767188 84.0 90.790862 91.0 92.688318 84.232237 86.0 82.357276 74.0 80.732322 79.0
78.841124 83.524120 84.0 88.896450 89.0 92.688318 78.588697 81.0 80.461481 71.0 77.823451 74.0
77.423590 81.646696 85.757257 90.896473 89.0 91.688292 79.544283 80.0 79.498671 76.0 81.543534 82.0
77.840965 80.767002 84.472653 90.683105 90.0 90.307012 80.929518 84.0 83.008122 75.0 79.638665 78.0
77.423590 80.646550 82.238392 85.896413 88.0 89.050027 77.0 80.0 80.052509 72.0 76.731834 77.0
72.569879 74.645588 78.238280 82.682171 82.0 85.0 73.928356 77.0 77.720802 73.0 81.345500 83.0
78.252262 80.0 83.258079 84.896400 87.0 89.371620 77.141908 82.0 82.079367 73.0 80.638879 82.0
74.569970 76.645926 77.925873 86.682660 86.0 87.306931 76.620609 79.0 80.498724 78.0 81.639087 83.0
76.0 77.766801 77.757035 78.896316 81.0 84.688098 72.381827 77.0 78.052465 73.0 79.542860 83.0
79.0 81.646696 83.757205 86.896425 86.0 88.371510 78.467734 81.0 81.079218 70.0 75.731703 77.0
76.0 79.523069 83.238418 84.896400 87.0 90.050273 79.467774 80.0 83.079513 76.0 80.638879 79.0
80.134259 79.884773 82.757179 87.682776 89.0 90.371728 80.384894 82.0 76.035284 75.0 80.543202 83.0
76.133613 78.522789 80.757123 84.896400 85.0 87.688185 77.0 79.0 78.637409 73.0 79.444705 76.0
76.423549 80.523342 86.0 88.0 89.0 91.371833 83.0 84.0 81.593586 75.0 80.543202 81.0
75.623318 80.523342 83.0 84.790565 87.0 89.0 78.384186 78.0 76.829936 73.0 79.638665 77.0
77.423590 78.0 80.757123 81.896359 84.0 84.371044 73.231077 80.0 80.498724 68.0 77.443655 82.0
76.0 77.766801 79.757095 79.896331 83.0 84.048709 78.467734 81.0 75.825776 74.0 78.638446 78.0
81.517324 81.0 83.757205 86.896425 90.0 91.0 77.467693 78.0 77.652471 72.0 76.637990 78.0
67.0 70.520250 75.471648 77.101325 81.0 80.687972 71.0 74.0 74.680131 79.0 81.732436 80.0
76.570056 78.646246 81.238365 84.896400 84.0 85.688128 76.467651 79.0 77.680341 69.0 78.638446 76.0
73.0 77.395938 78.0 80.0 82.0 86.371283 72.766554 76.0 75.028677 69.0 74.731569 76.0
78.997701 82.646838 84.472653 91.573326 92.0 92.0 78.929207 83.0 84.074629 65.0 80.241933 81.0
73.423419 75.766658 77.757035 77.790159 77.0 78.0 68.467271 73.0 72.907647 70.0 77.731960 79.0
73.423419 76.645926 77.757035 77.0 80.0 80.687972 70.467374 74.0 74.215233 74.0 76.731834 77.0
72.919223 72.766429 73.0 77.0 76.0 79.370394 68.927381 72.0 69.636719 70.0 78.444187 78.0
68.132092 69.644655 71.0 74.896252 74.0 82.048136 67.379542 74.0 76.637270 74.0 77.638221 77.0
72.689309 72.766429 73.471392 78.896316 80.0 83.688068 74.978277 76.0 71.480054 72.0 76.637990 76.0
70.219302 70.884610 74.238156 75.790028 73.0 74.687757 69.526719 72.0 67.157152 77.0 79.823556 79.0
70.569783 71.0 71.756836 73.0 73.0 76.0 66.379044 72.0 73.542362 74.0 76.731834 76.0
75.133440 74.884687 79.0 79.101355 78.0 80.687972 74.525748 77.0 73.257531 74.0 76.823396 75.0
70.261092 72.766429 74.238156 77.0 76.0 80.687972 73.467518 72.0 71.636888 74.0 77.731960 77.0
83.134702 81.112717 79.238309 78.101340 80.0 83.370920 74.467563 75.0 72.772457 74.0 77.638221 78.0
73.0 73.0 77.757035 78.0 81.0 86.722423 75.383053 77.0 75.637198 79.0 81.085245 82.0
74.299368 75.645759 77.0 78.0 78.0 82.370793 74.0 76.0 72.908231 78.0 80.0 79.0
72.423373 74.766584 73.756906 74.0 74.0 78.0 72.0 73.0 68.903838 76.0 78.638446 79.0
74.835255 75.884705 76.0 76.0 76.0 79.687938 75.044889 79.0 74.140341 73.0 77.443655 77.0
75.0 79.396846 82.757179 80.392415 80.0 79.0 71.467423 78.0 71.441993 74.0 79.542860 83.0
76.161132 76.0 77.509245 76.101310 76.0 81.370663 72.0 77.0 75.078236 77.0 79.638665 77.0
77.570097 80.523342 82.757179 81.896359 82.0 84.049827 79.045562 79.0 77.189628 75.0 75.0 75.0
74.0 74.884687 77.238250 77.896301 77.0 81.688004 76.0 77.0 69.241300 75.0 77.912772 76.0
76.570056 78.646246 82.0 81.101383 80.0 81.688004 76.0 78.0 72.949268 35.0 59.533440 70.0
75.570013 76.766731 78.757065 78.0 78.0 83.370920 75.467608 78.0 75.729743 64.0 68.730681 71.0
84.0 84.884849 87.510350 87.0 86.0 89.688240 80.623874 83.0 79.692781 40.0 62.875047 72.0
79.570176 81.767065 82.757179 84.790565 84.0 88.723342 80.467813 81.0 78.007910 48.0 67.646250 79.0
79.423669 82.646838 87.0 88.101471 89.0 91.050514 82.144332 83.0 79.220759 67.0 72.731290 75.0
82.570289 84.647113 88.238541 90.896473 90.0 91.688292 83.699382 84.0 83.052570 67.0 76.341884 79.0
79.423669 86.271800 89.0 90.896473 90.0 92.0 81.0 80.0 83.445739 73.0 76.637990 77.0
79.0 82.646838 83.0 88.682888 92.0 91.688292 82.385568 80.0 77.815160 72.0 76.637990 77.0
81.0 81.767065 83.0 87.790719 93.0 92.688318 83.467924 85.0 82.832322 72.0 77.542149 78.0
78.570137 79.766937 83.702516 87.0 88.0 88.0 79.0 80.0 79.738175 68.0 81.137654 84.0
77.0 80.523342 84.238444 85.200773 86.0 89.0 73.584361 77.0 71.958985 71.0 80.543202 82.0
82.793014 84.647113 88.0 91.683210 92.0 93.372037 81.835079 82.0 80.637542 72.0 80.543202 81.0
77.570097 79.646400 82.702287 89.790816 90.0 92.688318 81.467850 80.0 81.220958 69.0 77.638221 78.0
83.887483 85.767304 87.0 88.0 88.0 88.049776 76.928880 80.0 80.637542 68.0 80.445209 80.0
81.570252 83.646978 84.238444 89.572940 89.0 88.371510 80.929518 84.0 84.559733 78.0 82.732547 80.0
76.0 76.884723 81.509720 87.572537 87.0 90.371728 82.385568 81.0 81.637606 69.0 75.442546 72.0
81.0 83.646978 86.238494 91.790908 92.0 95.688390 86.468027 88.0 85.359085 70.0 75.731703 76.0
77.947786 79.766937 83.0 87.790719 88.0 93.0 81.467850 85.0 83.357127 71.0 77.443655 75.0
79.134103 78.884757 82.0 84.790565 86.0 86.0 76.928880 77.0 76.599893 69.0 72.540189 74.0
78.570137 84.139562 84.0 90.896473 92.0 92.0 74.382656 79.0 81.814398 70.0 77.731960 78.0
77.517098 80.523342 82.238392 85.896413 87.0 87.306931 79.929364 83.0 81.680598 73.0 76.731834 79.0
77.423590 80.646550 82.238392 85.0 87.0 89.0 78.384186 81.0 82.841223 71.0 77.542149 79.0
76.0 76.884723 79.701567 85.0 90.0 93.372037 81.961073 81.0 80.461481 71.0 76.731834 76.0
80.0 82.646838 84.238444 89.682998 88.0 88.0 77.383818 77.0 78.401699 72.0 77.823451 78.0
76.423549 77.884740 82.757179 89.0 91.0 91.688292 82.929814 83.0 80.783958 73.0 80.543202 84.0
78.0 79.766937 82.702287 86.0 86.0 87.0 76.928880 80.0 76.772980 71.0 74.731569 73.0
78.509712 81.397708 84.238444 87.790719 90.0 93.372037 84.622796 85.0 76.081765 69.0 17.129200 14.0
76.0 78.646246 79.757095 83.896387 85.0 86.688157 77.274311 79.0 76.432037 69.0 79.344113 81.0
74.423463 77.646088 81.0 82.790456 88.0 88.371510 79.467774 82.0 78.773221 72.0 79.542860 80.0
82.134558 83.646978 82.757179 89.790816 91.0 93.372037 78.833239 82.0 82.841223 68.0 75.637752 77.0
71.889236 74.766584 76.757004 78.456602 85.0 89.050027 73.0 85.0 81.926652 71.0 76.541779 80.0
73.342288 73.0 75.508988 76.0 78.0 81.047838 71.751147 76.0 74.512567 71.0 75.541398 74.0
75.0 77.646088 74.255589 79.457011 81.0 83.0 70.0 73.0 75.118829 71.0 74.823281 74.0
78.841124 80.884789 84.472653 90.460884 90.0 90.688266 81.385235 79.0 75.365106 74.0 78.343390 77.0
77.570097 78.766870 79.257044 82.682171 85.0 87.049518 77.467693 81.0 76.176992 74.0 78.444187 78.0
72.342159 72.884650 74.471522 79.0 79.0 83.688068 73.525702 75.0 73.814610 72.0 76.731834 75.0
72.901819 73.645412 74.255589 77.101325 79.0 79.0 71.0 73.0 73.415903 74.0 77.731960 77.0
74.569970 77.522502 78.0 84.682422 83.0 86.0 70.266327 75.0 75.416416 72.0 75.731703 75.0
75.740882 76.766731 79.757095 82.0 83.0 82.0 74.467563 76.0 76.033778 75.0 80.543202 79.0
74.0 74.884687 76.757004 77.0 77.0 79.687938 72.467471 74.0 73.772593 72.0 74.731569 72.0
69.0 70.766265 71.0 69.896162 72.0 75.0 66.926951 68.0 66.497837 74.0 73.249259 71.0
73.0 74.766584 74.756939 75.0 74.0 78.687904 72.467471 73.0 69.679740 72.0 72.912701 74.0
74.133263 73.884669 74.0 77.681487 77.0 78.306653 72.0 72.0 72.590231 60.0 73.234751 75.0
74.569970 74.884687 75.756972 76.0 75.0 79.370394 73.856104 75.0 69.072584 68.0 72.338601 76.0
71.185253 72.645231 74.997535 74.789961 72.0 77.717688 70.927788 71.0 65.497759 44.0 60.743251 59.0
72.0 73.766508 74.508855 75.896269 75.0 78.370254 70.927788 73.0 73.498323 49.0 68.773372 13.0
76.423549 75.222640 73.508718 68.295806 66.0 71.687636 62.228157 67.0 67.213555 71.0 68.327236 72.0
77.133780 75.112620 75.0 76.0 78.0 80.687972 74.0 76.0 71.906984 76.0 75.085169 76.0
75.680857 77.884740 78.757065 79.896331 83.0 84.688098 74.392415 75.0 74.839797 74.0 79.444705 80.0
75.570013 75.0 77.757035 75.101294 76.0 78.370254 72.0 74.0 76.220441 71.0 71.912685 75.0
83.300461 82.0 83.757205 85.682542 86.0 89.688240 81.699320 84.0 80.486095 68.0 78.542509 81.0
78.657611 82.767127 85.757257 84.896400 84.0 89.050027 81.0 84.0 82.189893 60.0 72.014585 70.0
77.0 77.884740 79.0 81.790399 81.0 85.688128 77.467693 80.0 79.814324 71.0 75.637752 73.0
80.423707 84.524366 89.757353 92.790953 93.0 94.688367 84.526144 86.0 84.448791 67.0 78.343390 80.0
79.406964 86.399678 89.0 90.896473 89.0 93.050979 83.385893 85.0 82.216800 76.0 84.141034 82.0
83.0 82.884820 86.703171 91.0 92.0 90.907218 80.467813 79.0 79.127016 71.0 76.541779 78.0
79.570176 81.646696 84.0 88.896450 89.0 92.371936 81.467850 84.0 79.482278 72.0 79.344113 80.0
76.133613 77.646088 79.472122 88.682888 92.0 94.372135 80.467813 86.0 81.180778 69.0 76.637990 78.0
80.134259 82.523867 84.0 87.0 86.0 87.306931 77.467693 80.0 74.165623 73.0 77.638221 78.0
81.476777 80.767002 81.509720 85.896413 88.0 91.688292 75.528961 78.0 74.510392 71.0 78.542509 78.0
76.0 78.646246 80.757123 82.896373 83.0 86.0 76.856170 78.0 78.461375 75.0 80.543202 80.0
79.0 80.767002 83.472552 87.101460 91.0 92.725060 81.322436 82.0 79.010571 66.0 79.240991 82.0
77.364914 79.646400 83.0 84.682422 86.0 90.688266 79.929364 80.0 79.078907 73.0 76.823396 79.0
75.570013 76.766731 80.472234 83.790511 86.0 91.688292 84.295636 86.0 82.906918 71.0 76.541779 78.0
79.570176 81.646696 84.0 85.101435 88.0 89.0 79.525958 83.0 80.561338 73.0 76.637990 75.0
79.423669 82.646838 87.510350 90.683105 93.0 95.0 84.467959 87.0 86.079931 77.0 80.638879 82.0
77.423590 78.0 83.0 89.572940 90.0 90.0 81.622026 83.0 83.542766 74.0 80.344816 81.0
84.0 84.884849 84.0 88.896450 89.0 88.688213 78.467734 81.0 80.789463 73.0 80.543202 82.0
79.841278 81.884805 86.510251 90.896473 91.0 90.371728 79.384544 79.0 81.257981 73.0 81.543534 80.0
75.423507 77.766801 80.238337 85.896413 86.0 87.688185 79.467774 83.0 78.701023 72.0 78.638446 80.0
85.570393 86.884877 89.238564 92.790953 91.0 92.0 84.0 88.0 83.515546 71.0 78.444187 79.0
78.202935 84.270683 86.0 90.790862 92.0 92.725060 80.467813 79.0 78.938553 69.0 77.342648 79.0
81.0 81.884805 82.702287 89.790816 92.0 93.0 79.833868 82.0 84.275088 73.0 80.638879 78.0
78.359988 78.884757 82.0 83.896387 87.0 86.688157 78.142418 81.0 77.485357 73.0 77.542149 78.0
77.570097 79.646400 79.757095 83.571669 85.0 87.306931 78.073124 77.0 76.912170 71.0 78.444187 81.0
77.570097 77.884740 81.238365 85.682542 89.0 90.371728 80.929518 80.0 80.084095 70.0 77.443655 78.0
74.569970 77.522502 77.925873 87.682776 90.0 90.0 77.690073 79.0 76.772980 70.0 76.341884 76.0
74.0 76.645926 81.0 82.790456 83.0 83.370920 74.838663 80.0 76.905732 68.0 74.441968 73.0
75.570013 75.884705 78.238280 79.896331 80.0 82.370793 75.467608 77.0 78.189683 72.0 78.542509 77.0
72.249954 74.884687 76.509118 77.0 78.0 81.688004 72.928172 75.0 73.637047 71.0 76.541779 77.0
77.0 78.766870 79.238309 83.896387 84.0 84.371044 72.230954 78.0 77.557629 74.0 79.638665 79.0
75.570013 76.766731 82.702287 87.682776 88.0 90.688266 80.0 82.0 80.773451 73.0 76.731834 77.0
72.219369 75.521903 76.757004 81.790399 85.0 87.371398 75.831253 78.0 76.394817 70.0 75.731703 75.0
73.0 74.766584 79.0 82.682171 83.0 85.0 79.467774 82.0 78.396268 72.0 75.731703 73.0
75.570013 78.522789 77.701057 82.0 82.0 83.048426 80.0 81.0 72.119978 72.0 76.731834 77.0
78.570137 79.766937 81.757151 82.0 82.0 84.688098 76.467651 79.0 79.052487 73.0 77.638221 76.0
72.569879 74.766584 75.0 75.896269 78.0 82.0 71.927982 75.0 72.323148 72.0 75.731703 77.0
74.423463 74.112602 74.0 76.896285 78.0 82.370793 70.467374 75.0 74.542407 75.0 77.731960 79.0
72.0 74.521591 75.756972 75.0 75.0 75.687795 72.0 74.0 73.542362 75.0 75.823339 75.0
74.569970 74.0 81.0 80.0 79.0 81.688004 74.467563 79.0 76.258186 73.0 76.731834 76.0
72.621597 74.645588 75.238188 76.896285 75.0 76.369962 70.071876 72.0 67.213555 74.0 75.823339 73.0
72.423373 72.884650 71.756836 71.101227 73.0 74.687757 68.0 71.0 70.046144 75.0 78.638446 80.0
74.569970 76.645926 78.509368 77.896301 77.0 79.0 73.0 74.0 69.214069 75.0 76.085182 73.0
71.0 72.766429 74.0 74.0 73.0 77.717688 70.0 73.0 69.768105 67.0 75.341099 76.0
68.132092 63.431525 64.237778 66.896102 68.0 75.369811 69.467323 65.0 54.853714 72.0 75.541398 74.0
70.0 72.645231 76.0 76.101310 78.0 80.687972 75.228643 77.0 72.904836 61.0 69.912653 70.0
75.0 76.766731 78.256768 74.200157 74.0 75.687795 72.928172 75.0 69.605465 72.0 73.823221 75.0
75.161108 75.0 77.757035 74.391054 72.0 76.369962 72.467471 74.0 69.436514 68.0 68.167900 60.0
83.0 83.0 82.702287 84.200723 84.0 89.371620 77.467693 81.0 81.680598 75.0 74.823281 73.0
78.691643 79.646400 81.509720 83.790511 84.0 86.688157 78.699221 80.0 78.652822 47.0 71.230736 77.0
76.423549 79.646400 81.927612 84.0 84.0 88.371510 77.383818 80.0 82.074275 77.0 79.444705 81.0
83.0 84.767247 89.238564 91.0 91.0 92.688318 81.0 85.0 85.005191 72.0 80.344816 81.0
85.423885 86.884877 89.238564 91.0 91.0 93.372037 80.929518 80.0 79.721215 71.0 79.240991 79.0
81.423745 84.647113 89.0 92.896495 94.0 94.688367 83.929957 85.0 82.864830 74.0 82.243740 84.0
81.0 83.646978 85.757257 90.896473 94.0 94.0 85.232327 81.0 62.071689 76.0 82.346167 81.0
79.0 79.884773 81.472342 87.896438 88.0 90.371728 81.929668 80.0 77.281219 70.0 76.541779 77.0
76.570056 78.646246 83.238418 90.790862 91.0 92.688318 83.836234 82.0 78.660607 71.0 76.637990 80.0
78.0 78.884757 83.238418 85.896413 88.0 90.0 78.929207 82.0 79.355329 70.0 78.240024 81.0
78.0 80.646550 82.472449 87.790719 89.0 91.0 80.467813 84.0 80.696511 73.0 77.638221 80.0
74.840465 79.523069 81.472342 87.572537 88.0 91.050514 83.232144 84.0 78.370972 71.0 77.342648 79.0
80.423707 83.524120 85.472752 89.0 91.0 92.688318 82.467887 85.0 81.641164 74.0 79.542860 78.0
78.252262 82.646838 86.238494 89.0 91.0 90.688266 76.273264 79.0 81.364698 72.0 76.731834 79.0
78.0 80.767002 84.238444 88.682888 88.0 91.050514 79.833868 81.0 82.216800 70.0 74.637508 77.0
77.840965 81.767065 81.757151 88.572741 89.0 92.0 80.030209 82.0 82.189893 79.0 83.639487 84.0
78.841124 82.646838 83.757205 86.682660 89.0 88.306959 79.525958 81.0 79.047698 73.0 76.637990 76.0
79.342991 81.646696 85.0 87.0 86.0 90.0 81.163661 81.0 80.052509 74.0 80.543202 78.0
82.0 81.112717 77.757035 80.681908 82.0 85.0 70.827570 71.0 75.498445 73.0 78.542509 78.0
81.0 83.646978 84.757231 88.790768 91.0 91.688292 81.856268 84.0 84.146477 71.0 79.542860 79.0
77.570097 78.766870 85.238469 90.896473 89.0 90.688266 80.929518 80.0 80.514627 76.0 79.638665 79.0
77.0 78.766870 82.238392 84.101423 84.0 89.371620 80.384894 80.0 78.052465 74.0 78.638446 79.0
75.423507 75.884705 80.238337 86.790669 87.0 88.049776 79.384544 82.0 80.680536 71.0 76.731834 75.0
80.423707 81.767065 83.0 85.896413 87.0 87.371398 78.467734 79.0 78.556011 75.0 78.823504 80.0
79.897783 82.767127 84.238444 90.790862 90.0 92.0 80.929518 81.0 80.637542 67.0 76.341884 78.0
80.0 82.646838 83.0 86.790669 89.0 91.371833 79.929364 81.0 76.353228 70.0 77.443655 77.0
75.570013 76.766731 81.757151 87.682776 89.0 89.688240 82.699351 83.0 80.216437 74.0 76.731834 77.0
78.252262 81.767065 80.472234 87.682776 87.0 88.688213 77.467693 80.0 79.319715 70.0 77.443655 80.0
77.261339 81.523608 83.928420 88.790768 90.0 91.0 79.467774 83.0 85.542836 71.0 79.444705 79.0
77.570097 78.766870 82.757179 85.790617 86.0 89.688240 77.383818 81.0 80.542656 73.0 78.542509 78.0
75.570013 78.522789 83.0 87.572537 87.0 87.688185 75.383053 78.0 73.279069 73.0 78.542509 78.0
80.0 80.0 81.757151 82.0 84.0 85.0 73.928356 77.0 75.498445 71.0 74.731569 75.0
76.775996 76.0 77.238250 80.790342 84.0 85.371165 76.0 81.0 77.680341 72.0 77.638221 77.0
73.423419 74.884687 74.0 77.896301 80.0 81.370663 72.928172 76.0 76.498504 73.0 76.731834 75.0
74.133263 77.395938 81.702053 85.896413 87.0 89.050027 81.467850 83.0 78.921665 73.0 76.731834 75.0
76.570056 77.766801 76.471771 78.0 80.0 84.688098 74.162795 76.0 74.088795 74.0 76.823396 77.0
74.775935 76.766731 79.757095 81.896359 79.0 82.688036 75.231313 78.0 75.787447 74.0 77.731960 77.0
84.423851 85.0 85.757257 88.896450 85.0 87.722888 75.467608 78.0 79.696179 74.0 75.912745 74.0
73.0 74.766584 75.508988 79.790282 78.0 79.0 73.0 74.0 74.651358 75.0 77.731960 80.0
75.570013 76.766731 80.257312 78.0 79.0 83.688068 72.829104 75.0 74.863166 76.0 77.731960 76.0
71.569831 72.766429 73.238122 74.896252 74.0 77.687869 72.525656 74.0 74.007180 71.0 76.443109 77.0
73.569925 73.884669 76.238219 77.0 77.0 81.370663 70.380952 73.0 73.768462 74.0 76.731834 76.0
77.0 77.0 77.0 78.0 77.0 80.370530 73.467518 73.0 70.814157 73.0 77.731960 72.0
73.569925 77.266290 79.238309 77.790159 78.0 81.0 72.525656 75.0 73.323291 77.0 79.823556 80.0
76.570056 80.397283 84.510046 84.896400 85.0 90.371728 79.833868 83.0 83.559454 63.0 75.442546 76.0
71.621551 71.884630 72.756871 73.896235 73.0 75.687795 68.467271 72.0 70.504932 69.0 73.441372 73.0
76.0 77.766801 78.757065 79.896331 81.0 85.048985 78.0 82.0 78.440204 66.0 69.730840 70.0
79.423669 81.767065 82.509831 81.101383 79.0 80.687972 72.0 75.0 71.119450 74.0 75.731703 75.0
79.623738 82.646838 85.510150 86.790669 87.0 87.688185 81.467850 78.0 76.599893 68.0 76.541779 78.0
81.0 83.646978 86.0 86.101447 86.0 88.688213 82.929814 85.0 81.665669 72.0 77.638221 79.0
78.038007 83.524120 87.757306 89.896461 89.0 91.688292 83.467924 86.0 85.123232 75.0 77.638221 82.0
81.0 82.767127 87.0 88.896450 89.0 89.688240 78.929207 81.0 79.815415 68.0 78.133988 81.0
80.423707 85.399303 88.238541 91.790908 93.0 94.688367 83.0 85.0 83.351655 77.0 80.732322 82.0
79.423669 82.646838 84.238444 88.790768 92.0 93.0 79.276325 79.0 74.038967 73.0 77.731960 79.0
77.050952 81.397708 82.928021 90.683105 91.0 94.051204 83.467924 80.0 42.355861 73.0 78.444187 79.0
76.133613 77.646088 81.238365 89.682998 91.0 91.307038 83.0 81.0 58.979629 73.0 78.542509 81.0
76.570056 78.646246 84.472653 87.896438 90.0 90.688266 79.929364 79.0 76.481167 76.0 79.638665 80.0
77.570097 79.646400 84.757231 87.790719 89.0 89.688240 79.929364 81.0 78.921665 73.0 78.542509 76.0
79.261401 83.524120 85.0 87.896438 88.0 87.0 76.928880 80.0 79.073344 73.0 78.638446 80.0
78.423630 81.646696 83.509940 86.790669 87.0 90.688266 80.690846 81.0 79.026385 74.0 80.543202 82.0
78.570137 81.523608 83.757205 87.790719 90.0 91.371833 80.834481 82.0 79.570303 71.0 75.637752 75.0
80.0 83.524120 88.0 90.896473 91.0 93.372037 79.221322 81.0 80.308286 75.0 82.446178 83.0
80.0 83.646978 88.757330 91.683210 91.0 94.688367 84.930096 87.0 82.357276 74.0 77.823451 79.0
79.254191 82.646838 84.238444 90.790862 90.0 88.688213 80.384894 82.0 82.773027 74.0 79.638665 79.0
80.0 84.398919 87.238518 90.896473 91.0 93.372037 81.929668 81.0 82.122826 74.0 79.542860 80.0
78.168369 80.646550 86.0 88.0 90.0 92.0 79.833868 81.0 81.680598 71.0 79.444705 81.0
78.423630 80.767002 85.238469 88.896450 91.0 93.0 80.929518 82.0 81.417979 72.0 78.542509 80.0
78.0 80.646550 83.472552 89.790816 91.0 93.688342 79.467774 82.0 82.146363 76.0 79.732204 81.0
79.0 82.523867 85.238469 91.790908 92.0 94.688367 82.622289 83.0 81.417979 72.0 77.638221 78.0
74.423463 78.522789 84.0 87.682776 90.0 93.0 78.384186 81.0 81.601785 69.0 76.541779 75.0
77.570097 79.646400 83.757205 87.682776 89.0 90.0 79.276325 80.0 79.350676 69.0 75.637752 76.0
80.680977 80.0 85.238469 90.683105 90.0 90.688266 81.610220 83.0 81.773562 70.0 78.444187 78.0
76.423549 81.523608 84.702739 88.790768 89.0 90.371728 80.384894 79.0 78.146117 69.0 74.541007 76.0
79.570176 80.767002 82.509831 84.790565 86.0 87.371398 78.0 79.0 78.172461 67.0 78.343390 78.0
77.840965 78.112671 81.0 83.896387 85.0 88.371510 77.929045 78.0 79.232252 69.0 76.541779 75.0
82.0 82.884820 84.928811 91.683210 93.0 94.688367 86.0 86.0 83.637729 63.0 74.441968 75.0
81.372292 83.767188 87.238518 91.790908 91.0 90.688266 83.467924 85.0 83.453948 64.0 74.541007 74.0
80.0 79.112687 79.238309 80.896345 83.0 83.0 70.927788 77.0 78.401699 71.0 77.731960 77.0
77.0 80.523342 83.0 85.790617 87.0 88.0 76.928880 78.0 76.637270 70.0 74.637508 74.0
75.0 73.222500 77.701057 82.790456 86.0 84.608726 72.698999 76.0 74.556606 69.0 74.731569 72.0
73.0 73.884669 74.238156 77.790159 78.0 81.0 71.688332 73.0 74.095868 68.0 74.637508 73.0
76.840803 78.884757 80.472234 84.896400 82.0 85.371165 75.525792 77.0 76.692405 69.0 73.637257 71.0
74.0 75.766658 77.757035 79.790282 80.0 81.306752 73.321751 76.0 73.171365 71.0 73.823221 74.0
70.839733 74.645588 78.238280 82.790456 83.0 83.688068 74.382656 79.0 75.439108 69.0 71.912685 69.0
70.423277 71.0 73.238122 73.0 74.0 76.687832 68.0 73.0 72.214787 72.0 75.823339 75.0
73.569925 74.766584 73.756906 74.0 74.0 76.0 68.467271 70.0 69.916766 68.0 72.731290 73.0
71.202734 73.645412 76.0 77.101325 80.0 81.370663 71.828348 70.0 67.956565 72.0 75.823339 74.0
73.423419 76.645926 78.238280 77.297129 77.0 79.687938 73.0 74.0 70.437496 73.0 75.731703 76.0
75.133440 74.884687 76.757004 79.681771 79.0 83.688068 76.383441 79.0 75.052395 73.0 74.823281 73.0
73.0 74.766584 75.508988 75.896269 76.0 79.0 72.0 74.0 74.512567 73.0 75.731703 74.0
73.569925 71.222351 74.0 75.0 75.0 78.046900 71.467423 72.0 65.326374 72.0 77.542149 76.0
72.792739 74.645588 74.756939 77.790159 76.0 80.608234 74.699077 75.0 74.052371 69.0 71.912685 71.0
74.0 74.0 73.756906 73.0 73.0 78.370254 71.467423 72.0 68.347396 76.0 81.639087 86.0
75.0 76.766731 79.257044 78.896316 76.0 80.719386 73.467518 75.0 71.348390 77.0 78.823504 81.0
74.202825 75.884705 77.509245 77.896301 77.0 81.047838 73.467518 74.0 69.231594 70.0 70.0 72.0
77.0 77.884740 81.0 82.0 81.0 85.688128 75.0 76.0 73.215013 72.0 74.637508 78.0
73.569925 75.645759 78.472008 80.896345 80.0 81.047838 71.467423 75.0 78.983007 75.0 73.405643 75.0
80.423707 84.524366 87.003194 87.790719 88.0 87.688185 81.322436 86.0 82.122826 74.0 78.732084 80.0
78.570137 79.766937 81.509720 85.790617 88.0 89.688240 80.467813 82.0 81.261772 75.0 74.912730 78.0
81.659411 88.400401 91.510723 91.790908 92.0 94.0 84.467959 87.0 87.080064 74.0 81.543534 83.0
79.841278 84.524366 86.238494 89.790816 93.0 94.372135 85.930232 86.0 83.498875 71.0 78.343390 79.0
84.0 86.647375 90.0 92.790953 93.0 94.372135 85.232327 86.0 84.912380 68.0 79.344113 82.0
77.0 80.523342 85.238469 88.896450 90.0 92.688318 82.929814 85.0 81.923059 75.0 79.542860 79.0
76.570056 81.268898 86.510251 89.0 89.0 89.688240 81.929668 83.0 80.789463 74.0 79.638665 79.0
78.202935 81.646696 84.472653 89.790816 92.0 93.688342 82.929814 82.0 80.122539 75.0 79.444705 78.0
80.423707 83.646978 87.0 89.0 89.0 90.371728 77.467693 80.0 79.696179 74.0 81.639087 83.0
74.0 78.522789 80.0 83.790511 89.0 88.0 75.928710 78.0 78.652822 71.0 78.444187 79.0
80.570215 80.0 82.238392 86.790669 89.0 89.688240 77.467693 79.0 78.863982 70.0 78.343390 78.0
78.0 80.646550 85.472752 90.790862 90.0 90.0 81.766826 83.0 81.542693 73.0 78.542509 78.0
79.0 81.646696 84.0 88.682888 90.0 94.051204 81.385235 81.0 81.558876 70.0 79.344113 79.0
80.423707 82.767127 84.702739 91.683210 93.0 92.688318 85.074024 83.0 81.784860 74.0 80.445209 82.0
81.570252 83.646978 87.238518 89.896461 91.0 93.688342 83.929957 86.0 84.079656 73.0 78.542509 78.0
75.840637 78.766870 79.509488 83.571669 86.0 88.0 76.467651 78.0 78.052465 72.0 78.542509 78.0
84.423851 84.112761 86.238494 89.790816 93.0 94.688367 84.467959 86.0 81.880853 73.0 79.542860 81.0
81.0 83.646978 85.238469 86.896425 87.0 89.371620 79.929364 81.0 81.445666 74.0 78.732084 77.0
78.0 81.523608 83.0 86.0 89.0 91.688292 79.425434 81.0 81.593586 74.0 78.542509 77.0
78.423630 80.767002 84.0 87.790719 87.0 89.0 81.467850 82.0 81.122684 74.0 77.638221 79.0
79.423669 81.767065 83.238418 87.790719 88.0 90.371728 81.0 83.0 81.956671 72.0 76.637990 76.0
78.364953 82.398122 85.0 89.682998 91.0 89.688240 80.384894 80.0 80.052509 73.0 79.638665 79.0
74.423463 79.396846 82.757179 85.0 88.0 88.688213 77.071898 79.0 79.814324 71.0 75.541398 78.0
80.423707 81.884805 83.238418 87.896438 88.0 90.050273 81.467850 82.0 82.034870 74.0 79.542860 79.0
79.776082 80.884789 83.0 87.682776 88.0 90.371728 82.526072 86.0 81.216621 74.0 80.445209 80.0
79.0 80.767002 84.757231 87.790719 87.0 88.688213 79.621481 81.0 80.138373 72.0 77.638221 75.0
77.570097 79.766937 83.238418 88.790768 90.0 89.688240 81.622026 83.0 82.079367 72.0 78.542509 80.0
76.570056 78.646246 79.0 83.790511 84.0 85.0 72.829104 78.0 79.007954 73.0 78.343390 78.0
77.570097 80.523342 82.238392 87.682776 86.0 87.371398 80.929518 83.0 79.831174 70.0 76.637990 76.0
76.0 78.646246 80.472234 83.790511 85.0 86.688157 75.0 75.0 76.078410 69.0 74.541007 74.0
77.570097 77.884740 78.0 81.790399 83.0 83.688068 74.467563 75.0 72.461019 72.0 75.637752 72.0
68.132092 67.884545 69.237980 71.0 68.0 73.369496 67.043299 67.0 62.952756 59.0 64.729993 67.0
72.423373 73.0 73.756906 76.790094 77.0 79.0 68.617912 71.0 67.691419 70.0 73.637257 77.0
72.0 75.521903 76.757004 77.896301 76.0 83.048426 72.381827 74.0 72.636968 68.0 73.637257 74.0
66.569574 68.644452 70.238017 71.789746 69.0 72.687677 67.927169 69.0 67.825562 69.0 72.823160 71.0
70.423277 71.884630 73.0 76.681339 76.0 77.687869 69.380495 69.0 64.410093 68.0 75.442546 75.0
78.0 77.112654 79.238309 82.896373 84.0 87.049518 74.271087 77.0 76.498504 75.0 79.638665 81.0
76.261306 77.884740 77.238250 79.790282 81.0 86.049255 79.0 80.0 74.787012 76.0 78.912785 79.0
78.133944 80.523342 79.0 82.682171 86.0 89.723786 77.0 80.0 77.637341 75.0 80.445209 81.0
80.0 81.767065 82.0 82.0 84.0 87.688185 78.0 80.0 79.257777 55.0 63.996920 70.0
70.249098 74.645588 76.256194 73.896235 76.0 77.370110 69.525507 74.0 66.397779 70.0 73.912716 74.0
74.0 74.884687 79.257044 77.200342 76.0 79.687938 71.467423 74.0 72.121230 72.0 74.731569 77.0
75.0 75.884705 78.757065 79.790282 78.0 80.687972 73.467518 74.0 70.904351 65.0 72.125638 78.0
75.423507 75.112620 74.508855 73.896235 73.0 75.045886 68.467271 69.0 65.094422 70.0 79.135244 79.0
76.0 75.112620 77.757035 77.0 76.0 79.370394 72.467471 75.0 70.565620 61.0 63.434299 68.0
80.570215 81.767065 82.757179 84.0 86.0 87.371398 81.0 83.0 79.696179 66.0 74.541007 77.0
76.423549 77.884740 77.757035 79.896331 82.0 84.371044 79.0 81.0 80.122539 75.0 79.542860 79.0
78.570137 81.523608 83.258079 84.0 81.0 83.370920 76.0 78.0 72.280718 68.0 76.443109 78.0
82.659982 87.647501 89.510541 89.0 89.0 90.688266 81.073529 84.0 81.441220 70.0 73.637257 74.0
