507.111646234989 0 0 0 74.6135 0 0.422825 0.409925 12.451 0.3667187843 1.463589557
447.476081550121 0 0 0 75.006 0 0.423075 0.409725 12.3325 0.3582476493 1.282566638
432.329211384058 0 0 0 75.7195 0 0.4231 0.409725 12.1575 0.3440358658 1.423214673
426.801480352879 0 0 0 76.4935 0 0.4231 0.409625 11.974 0.329065311 1.508081617
371.975485235453 0 0 0 77.0425 0 0.423075 0.409575 11.902 0.3198570284 1.731737227
305.125214159489 0 0 0 77.5195 0 0.4231 0.4096 11.776 0.3106164509 1.636643749
276.751969009638 0 0 0 77.8245 0 0.423075 0.4096 11.738 0.305633961 1.412058455
282.045945525169 0 0 0 77.5765 0 0.4231 0.40955 11.7415 0.3091235029 1.477800454
238.041657954454 0 0 0 77.756 0 0.42315 0.40955 11.669 0.3051830953 1.218816821
166.382052004337 0 0 0 78.736 0 0.42315 0.40955 11.4555 0.28764525 1.554698671
213.759586215019 0 0 0 79.129 0 0.4231 0.409575 11.2875 0.2792031286 1.517245654
197.410382330418 0 0 0 80.643 0 0.4231 0.409575 10.979 0.2536991838 1.454558333
114.929303526878 0 0 0 81.257 0 0.423175 0.4095 10.8455 0.2434801835 1.515253472
113.008808344603 0 0 0 81.2495 0 0.423175 0.4093 10.849 0.2436343548 1.74886999
111.088313162327 0 0 0 81.52 0 0.423175 0.40935 10.8415 0.2399997931 1.660815555
56.2623180449009 0 0 0 81.5275 0 0.423175 0.409325 10.8455 0.2399662642 1.660815555
89.211143553257 0 0 0 81.314 0 0.423125 0.409325 10.9065 0.2437269325 1.722573191
34.3851484358311 0 0 0 82.1835 0 0.423125 0.409275 10.731 0.2296867598 1.31590248
0 0 0 0 82.443 0 0.423225 0.409275 10.6735 0.2254758447 1.530394054
11.6065219044685 0 0 0 83.072 0 0.423175 0.409275 10.5555 0.2156941792 1.173395076
0 0 0 0 83.961 0 0.423225 0.409175 10.384 0.2020403508 1.166223222
0 0 0 0 84.331 0 0.423175 0.40905 10.3535 0.1969777452 1.066082884
0 0 0 0 84.346 0 0.42315 0.409125 10.361 0.1968878155 1.148027961
0 0 0 0 84.3805 0 0.423175 0.409075 10.3535 0.196355472 1.503034757
0 0 0 0 85.0975 0 0.42325 0.409075 10.193 0.1853423113 1.511136296
0 0 0 0 86.76 0 0.4232 0.409075 9.911 0.1615847388 1.616323495
0 0 0 0 87.6105 0 0.423225 0.409025 9.728 0.1493594942 1.480855133
0 15.537417896367 0.197106700588 0 89.1325 0.093238742 0.423225 0.40905 9.5105 0.1291099335 1.884471164
0 50.8132705500693 21.65205777308 0 89.0485 10.24222222 0.423225 0.409025 9.602 0.1309109447 1.543542453
0 86.5448699623921 48.43722073526 0 88.255 22.91259259 0.423225 0.409 9.728 0.1415898349 1.365574213
0 122.664192223008 81.25119850834 0 88.5105 38.43481481 0.423225 0.40875 9.6285 0.1375868937 1.438355255
0 159.102475311743 120.23179258398 0 88.1295 56.87407407 0.423275 0.40875 9.6975 0.1428099328 1.480855133
0 195.790350004013 164.36271703782 0 87.172 77.74962963 0.42325 0.40875 9.831 0.1557187041 1.492941036
0 232.657971932521 195.14412296218 0 85.9705 92.31037037 0.423225 0.4087 10.0675 0.1730251689 1.204738736
0 269.635154552928 278.1522903782 0 84.8915 131.5762963 0.423225 0.408575 10.342 0.1897857085 1.273535414
0 306.651502761408 349.2406296218 0 83.24 165.2037037 0.42325 0.40825 10.67 0.215190168 1.680073312
0 343.636546908844 349.0339273526 0 82.6335 165.1059259 0.423275 0.408175 10.8185 0.2251937557 1.67808113
0 380.519876957048 477.17208 0 81.6955 225.72 0.423275 0.408075 11.116 0.2420985523 1.608221956
0 417.231276521288 519.5460354616 0 79.8725 245.7644444 0.423225 0.40805 11.5205 0.2734456989 1.798408911
121.091410517693 453.700856544362 575.7862650834 0 79.7925 272.3681481 0.4232 0.408125 11.608 0.2761266304 2.103876786
375.582486391068 489.85918834722 639.5883511346 0 78.98 302.5488889 0.423175 0.4081 11.917 0.2931526814 1.556690853
707.027144730091 525.637435803078 704.4411734038 0 77.794 333.2266667 0.42325 0.408025 12.3215 0.3180561126 1.781276147
999.994777143002 560.967486383807 766.4173896218 0 75.8945 362.5437037 0.423175 0.407825 12.9885 0.360703138 1.335160238
1454.08404618502 595.78208082801 829.9094222692 0 73.084 392.5777778 0.423175 0.407825 13.5455 0.4176704455 1.437292758
2151.05786919594 630.014941185424 894.1421377308 0 71.2685 422.9622222 0.423175 0.40785 13.919 0.456804137 1.522292514
2803.54252830148 663.600896992562 957.2379911346 0 69.6515 452.8088889 0.423175 0.407875 14.289 0.4942284394 1.519237836
3417.55086556077 696.476009340168 1017.474463782 0 67.6455 481.302963 0.423075 0.40785 14.842 0.5460595843 1.455488018
4249.19334053993 728.577692595958 1076.1606696218 0 66.387 509.0637037 0.4231 0.4079 15.0865 0.5763025973 1.484839497
4920.91651260853 759.844833551153 1134.1234177308 0 65.1895 536.4822222 0.423075 0.40785 15.601 0.6168782525 1.06209852
5305.26714026928 790.217907763678 1193.4297303782 0 63.065 564.5362963 0.423075 0.40785 16.234 0.6815496068 0.909364583
6124.88557398319 819.639092876878 1243.3827673526 0 61.555 588.1659259 0.42295 0.40785 16.2685 0.7109749977 1.497058212
7324.46211576462 848.052378697736 1299.8124741602 0 60.529 614.8592593 0.42295 0.4079 16.7035 0.7504345762 1.050942302
7906.00579977036 875.403673825245 1354.8124903782 0 58.5345 640.8762963 0.422925 0.4079 16.94 0.8002754535 1.169277901
8101.57853364944 901.640908625669 1402.8363065962 0 56.41 663.5933333 0.42285 0.407875 17.626 0.8785713531 1.298769717
8733.62258076668 926.714134359253 1445.9164949166 0 55.7845 683.9718519 0.4229 0.4078 17.6035 0.8899148779 1.618448489
9205.74849843979 950.575618268686 1493.0101511346 0 54.45 706.2488889 0.422875 0.407625 18.0265 0.9415198773 1.125848337
9404.9279987812 973.17993444939 1532.7142030256 0 52.459 725.0303704 0.4228 0.4076 18.7935 1.031064969 0.9731144
9715.93227982521 994.484050327815 1582.374411891 0 51.17 748.5214815 0.422725 0.407625 18.9915 1.072194114 1.170340397
10483.8477820158 1014.44740858351 1621.561708109 0 48.5765 767.0585185 0.4227 0.40765 18.961 1.126994583 1.541550272
10455.7747095823 1033.03200435895 1659.526016218 0 48.0655 785.017037 0.4227 0.407625 18.778 1.125260372 1.606229774
10202.8542011976 1050.20245761006 1687.7408696218 0 45.827 798.3637037 0.422675 0.4076 19.56 1.232364127 1.199691876
9702.23839581013 1065.92608045978 1713.3891703782 0 45.3385 810.4962963 0.422625 0.407625 19.453 1.23523659 1.376597619
9645.30837535858 1080.17293942641 1748.2701703782 0 42.7795 826.9962963 0.422625 0.407625 19.991 1.33694851 0.750521288
9836.07271313667 1092.91591240824 1774.1251734038 0 42.322 839.2266667 0.422475 0.4078 19.7545 1.328033642 1.794424547
10017.2165036201 1104.13074031612 1806.956376218 0 40.7585 854.757037 0.42265 0.407975 20.0555 1.389705341 1.918736691
10200.7654309273 1113.79607325543 1828.401731891 0 39.763 864.9014815 0.4227 0.407775 19.838 1.394153256 1.865213407
10568.2819783688 1121.89351116986 1853.0337465962 0 37.898 876.5533333 0.422875 0.407825 20.235 1.473066461 1.623495349
10926.1798560619 1128.40763886933 1861.8530415128 0 37.124 880.7251852 0.423075 0.4078 20.399 1.506605838 1.616323495
11151.8130451441 1133.32605537552 1872.7221334038 0 37.3375 885.8666667 0.423 0.407875 20.4865 1.509616575 2.010908302
11280.0522744656 1136.63939752914 1886.2611288654 0 36.3 892.2711111 0.4229 0.4079 20.647 1.549866045 2.18688436
11720.9151685238 1138.34135781396 1881.4553022692 0 35.5105 889.9977778 0.42295 0.40785 21.0015 1.603662745 2.078642483
11801.0591715574 1138.42869636368 1890.7913526474 0 36.239 894.4140741 0.423 0.4079 20.483 1.53574928 2.526750574
12080.8004289865 1136.90124712884 1895.7177554616 0 35.6325 896.7444444 0.423025 0.4081 20.952 1.595768927 1.720581009
12013.0482316017 1133.76191819194 1894.5808934038 0 36.0865 896.2066667 0.422975 0.408225 21.2685 1.615591328 1.898549249
12402.2081941366 1129.01668623022 1722.828571891 0 36.1435 814.9614815 0.4229 0.408225 21.1425 1.601726167 1.394792879
12546.0779964924 1122.67458513669 1030.2900015128 0 36.4295 487.3651852 0.422875 0.4082 20.929 1.573784175 1.753916851
10452.2852897644 1114.74768882099 1135.4497569744 0 35.9455 537.1096296 0.4229 0.4081 21.154 1.607826639 1.471691097
12069.0929889679 1105.25108822286 1854.8768415128 0 34.168 877.4251852 0.422875 0.4081 21.623 1.700590801 1.711416973
14889.5036280155 1094.20286258203 1620.4248458398 0 33.31 766.5207407 0.4229 0.408125 21.9055 1.752729464 0.738435385
12301.5238344669 1081.62404501917 1093.4892058398 0 32.2345 517.2607407 0.422875 0.408125 21.745 1.763634757 1.244183936
12087.0789438486 1067.53858249341 911.0744949166 0 31.155 430.9718519 0.42285 0.408075 21.6915 1.785883722 1.470761412
11775.2400934696 1051.97329021269 746.797903782 0 29.992 353.262963 0.42285 0.4081 21.219 1.764284595 1.370621074
10271.8249261379 1034.95780058388 1378.204291891 0 26.941 651.9414815 0.42285 0.408125 21.8825 1.917425882 0.827419505
13694.6359723806 1016.52450679954 1736.4709184872 0 23.9625 821.4148148 0.4229 0.408375 23.076 2.145597961 0.77070873
14802.8304576874 996.708501168943 1744.170576218 0 23.8825 825.057037 0.4229 0.408375 23.08 2.14837475 1.622432852
14056.9254308939 975.547508310796 1715.6456696218 0 24.359 811.5637037 0.422875 0.40845 22.7025 2.086693641 1.644745288
14322.2386837006 953.081813334726 1743.1542903782 0 24.7555 824.5762963 0.422875 0.408375 22.7255 2.078651402 1.902666425
14665.7057404518 929.354185148237 1318.794628109 0 27.452 623.8385185 0.42285 0.40845 22.9885 2.036330042 1.573823617
12099.3703007698 904.409795035327 812.1674815128 0 29.5725 384.1851852 0.422825 0.40875 22.447 1.912980302 2.803796656
10496.1550980806 878.296130661525 530.6390549166 0 32.0095 251.0118519 0.4228 0.4088 21.6345 1.757584807 1.875307128
8969.89394724369 851.06290566927 574.4427007564 0 32.6275 271.7325926 0.422825 0.4088 21.726 1.751373231 1.746877808
8615.97083508968 822.761965035657 381.2622488654 0 31.7805 180.3511111 0.422825 0.4088 21.562 1.755705021 2.1686891
7872.47188389301 793.44718637268 394.4911911346 0 32.494 186.6088889 0.42285 0.408775 21.421 1.722417551 1.630534392
7879.26860153675 763.174377357961 792.8752741602 0 32.795 375.0592593 0.422875 0.408775 21.646 1.738500787 2.322352722
9776.23625099659 732.001169491131 1217.9411688654 0 30.995 576.1311111 0.422875 0.4088 22.3475 1.863043829 2.679484512
10939.740434289 699.986908378317 1127.35392 0 31.651 533.28 0.422875 0.4088 22.386 1.8496557 2.28901688
10775.7968455553 667.192540753243 1000.1287022692 0 33.779 473.0977778 0.422875 0.4088 22.115 1.762767084 2.788656074
10448.327422142 633.680498450545 881.5333022692 0 34.092 416.9977778 0.422925 0.408825 21.604 1.700577688 2.941390012
10188.1915032864 599.514579551671 967.9003807564 0 33.226 457.8525926 0.4229 0.4089 21.7985 1.743516398 2.616797191
10133.6656808853 564.759826929905 851.0619496218 0 31.544 402.5837037 0.422925 0.408925 21.6575 1.772107443 2.811898195
8669.92869973183 529.482404425808 765.9006341602 0 31.689 362.2992593 0.4229 0.40885 21.7375 1.777017576 2.060447223
7825.42714476585 493.74947088858 685.1489658398 0 30.713 324.1007407 0.422925 0.40885 21.7755 1.806594109 2.042251962
7568.89893114567 457.629052323103 591.0650045384 0 31.0295 279.5955556 0.422925 0.408925 21.5275 1.771291193 2.497399096
7117.581859231 421.189912386718 557.7170458398 0 31.163 263.8207407 0.422925 0.408825 21.787 1.796121396 1.810627626
6828.58899235725 384.501421481057 526.7461630256 0 30.8005 249.1703704 0.4229 0.4089 21.7795 1.804753325 1.548589314
6650.21646022797 347.633424689392 445.0643349166 0 29.5955 210.5318519 0.422925 0.40905 21.7945 1.837862497 1.951142848
6243.38878691196 310.656108810123 366.1729865962 0 29.9195 173.2133333 0.422975 0.409275 21.722 1.821323664 1.644745288
5813.71513009071 273.639868739913 299.4942949166 0 30.545 141.6718519 0.42295 0.40935 21.772 1.810587596 1.168215404
5367.20692366362 236.655173460546 270.1425792436 0 30.7205 127.7874074 0.422975 0.4093 21.7565 1.804304108 0.958903503
5001.26000493765 199.772431885018 243.0473630256 0 31.4145 114.9703704 0.42305 0.409325 21.5585 1.764746658 1.391871013
4794.03052479029 163.061858817828 178.83187258398 0 37.444 84.59407407 0.423 0.40935 20.395 1.498568192 2.318368359
4497.82271683216 126.59334128498 124.45196296218 0 41.4905 58.87037037 0.423025 0.409175 19.5025 1.326267482 1.924846049
4152.31664478779 90.436305488093 81.76795407564 0 44.0765 38.67925926 0.423 0.409125 18.9535 1.22504283 1.722573191
3817.63251498342 54.6595846356614 50.15973926474 0 46.639 23.72740741 0.423025 0.409125 18.343 1.12510982 1.152145137
3550.28235912323 19.3312879034093 28.11150222692 0 48.611 13.29777778 0.423125 0.409175 17.8665 1.051575583 0.666584028
3251.6703531146 0 12.936114073526 0 49.8045 6.119259259 0.423125 0.40915 17.5155 1.004679345 1.358402359
3007.16594606638 0 0 0 51.742 0 0.42315 0.409175 17.0085 0.9354218024 0.743482245
2870.87697163224 0 0 0 53.443 0 0.42315 0.40915 16.631 0.881087785 1.112699938
2617.95599386096 0 0 0 54.587 0 0.42315 0.4091 16.3715 0.8453655649 1.218816821
2454.01240512729 0 0 0 55.1135 0 0.423225 0.409125 16.2725 0.8303112551 1.263308881
2315.31876325607 0 0 0 57.398 0 0.4233 0.409125 15.7345 0.7614336376 0.841497589
2141.75603538752 0 0 0 57.646 0 0.4233 0.409075 15.727 0.7566377729 1.11973898
1971.80030867457 0 0 0 58.95 0 0.4233 0.40915 15.4945 0.7224995715 1.081223465
1883.60773399472 0 0 0 60.6775 0 0.423325 0.4091 15.3075 0.6838388426 1.367566395
1734.09261927009 0 0 0 61.086 0 0.423375 0.4091 15.2885 0.6759094945 1.448448976
1644.6977108717 0 0 0 61.883 0 0.423325 0.40905 15.0595 0.6523903857 1.424144358
1518.02811026573 0 0 0 61.017 0 0.423375 0.4089 15.2275 0.6744595413 1.695213894
1419.01429742575 0 0 0 61.677 0 0.4234 0.408975 14.9985 0.6533459765 1.69122953
1338.03595975041 0 0 0 60.96 0 0.423425 0.408975 14.9565 0.6637721635 1.603175095
1217.37873181701 0 0 0 57.7565 0 0.42345 0.408975 15.132 0.7263973261 1.462659873
1215.75887873769 0 0 0 54.442 0 0.42345 0.409 15.216 0.7876337712 1.391871013
1157.62605518103 0 0 0 55.1745 0 0.4235 0.409075 14.9185 0.7602761967 1.490948854
1064.62367624044 0 0 0 55.857 0 0.4235 0.409225 14.7355 0.7399196149 1.515253472
1014.90789279342 0 0 0 56.086 0 0.423575 0.40915 14.537 0.7267076909 1.335160238
983.228053897619 0 0 0 55.2775 0 0.423575 0.40905 14.48 0.7373656983 1.250160481
907.059520483017 0 0 0 56.166 0 0.423575 0.408825 14.232 0.711211136 1.359464856
898.225195705891 0 0 0 56.7 0 0.4236 0.408875 14.003 0.692193728 1.285621317
884.581301361322 0 0 0 57.7145 0 0.4236 0.408825 13.763 0.6655201592 1.257332336
931.057378649712 0 0 0 60.0255 0 0.423625 0.408825 13.366 0.6130919132 1.087332823
863.305415958166 0 0 0 62.2225 0 0.423625 0.4088 12.939 0.5634565064 0.786911808
852.066423743963 0 0 0 65.441 0 0.42365 0.408625 12.2755 0.4934923955 0.543201569
790.326833724976 0 0 0 70.807 0 0.42365 0.4086 11.5775 0.3981054932 0.585701447
728.58677431941 0 0 0 71.238 0 0.42365 0.4086 11.4745 0.3895630474 0.71306827
492.499172687531 0 0 0 72.859 0 0.4237 0.4086 11.177 0.3604283918 0.594732671
505.308263003826 0 0 0 73.477 0 0.423675 0.408575 10.8795 0.3453263634 0.818255469
433.949064463377 0 0 0 76.6195 0 0.42375 0.408575 10.5325 0.2974542489 1.049879805
521.306600421667 0 0 0 73.7515 0 0.42375 0.40855 10.773 0.3393383233 1.290668178
522.091414779425 0 0 0 72.146 0 0.423725 0.408375 10.853 0.3620169074 1.484839497
412.25565969944 0 0 0 71.326 0 0.423775 0.4083 10.914 0.3741899509 1.332105559
355.325639247894 0 0 0 70.1665 0 0.423775 0.408325 11.0245 0.392191944 1.514190975
310.41919067502 0 0 0 69.701 0 0.42405 0.40825 11.036 0.398615929 1.68618267
312.406573444605 0 0 0 69.5105 0 0.424125 0.4083 10.994 0.4000040406 1.494933218
214.594859629869 0 0 0 70.1245 0 0.4243 0.4082 10.8795 0.388975522 1.393863195
162.474174052477 0 0 0 72.1265 0 0.424175 0.4081 10.5515 0.3550654335 1.413120952
171.67579382658 0 0 0 71.8405 0 0.42425 0.408025 10.5365 0.3583498482 1.391871013
120.757676661015 0 0 0 72.409 0 0.424225 0.407875 10.3495 0.3467586055 1.231035536
185.269463807344 0 0 0 71.223 0 0.42455 0.407725 10.4755 0.3647202458 1.427199037
157.197095453739 0 0 0 71.589 0 0.424475 0.407525 10.338 0.3567899325 1.140988919
53.3730089664459 0 0 0 73.469 0 0.42455 0.40755 9.995 0.3256202495 0.819317965
55.3603917360306 0 0 0 74.2165 0 0.42455 0.407525 9.8805 0.3140262052 0.72621667
60.9550103545189 0 0 0 74.4645 0 0.4246 0.40755 9.869 0.3107659182 1.006450242
0 0 0 0 73.6715 0 0.42455 0.407525 10.0175 0.3236224533 1.171270082
0 0 0 0 73.614 0 0.424575 0.407325 9.968 0.3232551804 1.335160238
0 0 0 0 74.1325 0 0.42455 0.407325 9.8155 0.3136783705 1.677018634
30.8450348675251 0 0 0 74.068 0 0.4245 0.407275 9.785 0.3138174626 1.733729409
0 0 0 0 74.499 0 0.4245 0.40725 9.686 0.306556913 1.975447466
6.37919828295708 0 0 0 75.3305 0 0.42455 0.40715 9.545 0.2937637426 2.044244144
0 0 0 0 76.1885 0 0.424575 0.40705 9.4 0.2807933819 1.798408911
0 0 0 0 74.7775 0 0.4246 0.4069 9.5755 0.3009655087 1.900541431
0 0 0 0 73.7855 0 0.42465 0.40675 9.6785 0.3149754177 1.899611746
58.4498941898346 0 0 0 73.168 0 0.424625 0.4068 9.751 0.3239685404 1.840908789
2.32956558465958 20.9631564699726 1.819943221516 0 73.736 0.860900294 0.424625 0.406825 9.64 0.3147548725 1.553636174
62.8419443964958 56.1761278861152 22.66834369744 0 75.971 10.72296296 0.424575 0.406775 9.278 0.2810388821 1.079231283
57.2224482893944 91.8431711091851 51.29660149166 0 76.6385 24.26518519 0.4246 0.4067 9.1785 0.2714049163 1.371550759
0 127.896386017584 87.31446369744 0 76.9665 41.30296296 0.424625 0.406725 9.137 0.2668461572 1.656831191
0 164.267137342337 129.37836592436 0 76.7185 61.20074074 0.424625 0.406625 9.1825 0.2705484959 2.331516759
0 200.886185329985 179.0385748109 0 74.2245 84.69185185 0.424625 0.406375 9.6175 0.3084337851 1.97943183
15.5059508979321 237.683817555666 230.9552830256 0 70.8985 109.2503704 0.424625 0.4063 10.2125 0.3624076551 1.812619808
12.291356921196 274.589981636195 285.5418949166 0 69.5105 135.0718519 0.4246 0.40625 10.5135 0.3874057778 1.766002754
94.4466814398766 311.534418590187 343.1773645384 0 68.664 162.3355556 0.4246 0.406175 10.7345 0.4040716497 2.209063984
171.792671084404 348.446796591503 405.7736873526 0 67.756 191.9459259 0.4246 0.405925 10.994 0.4230220333 2.416516515
342.925854027271 385.256844861307 467.6293273526 0 66.7265 221.2059259 0.424775 0.40585 11.3715 0.447603976 1.705440427
350.532732903957 421.894487443788 530.1222992436 0 64.8005 250.7674074 0.42485 0.40585 11.978 0.4928845378 1.723635688
536.094389855862 458.289976610997 591.58176 0 63.7135 279.84 0.4248 0.405825 12.325 0.5198504912 1.886463346
829.87218350172 494.374025642795 654.8843154616 0 62.737 309.7844444 0.424825 0.40585 12.8095 0.5510899529 1.572893932
1200.60332491994 530.077940728923 720.236668109 0 61.0705 340.6985185 0.4248 0.40585 13.1185 0.5874948119 1.80651045
1698.78864660859 565.333751742683 786.7258830256 0 59.526 372.1503704 0.4248 0.405875 13.6295 0.631501584 1.526276878
1978.13773155212 600.074341636489 848.8054503782 0 57.89 401.5162963 0.424725 0.405725 14.377 0.6896825096 1.596136053
2364.5001500845 634.233574213466 906.9749007564 0 57.173 429.0325926 0.424775 0.405625 14.541 0.7089027464 1.478862951
2800.16083270311 667.746420031909 968.417136218 0 56.1585 458.097037 0.424725 0.40565 14.8345 0.7395725495 1.671971773
3648.24451133609 700.549080202365 1029.6698949166 0 53.8435 487.0718519 0.424675 0.40555 15.7765 0.8271841886 1.261316699
4459.05420184135 732.579107842483 1087.1331126474 0 52.4325 514.2540741 0.424675 0.405475 16.2305 0.8775518515 1.258262021
5505.53280115128 763.77552695764 1145.5092650834 0 51.376 541.8681481 0.424625 0.40535 16.73 0.9260113859 1.742760633
6726.36035084724 794.078948521536 1202.352376218 0 50.7465 568.757037 0.424625 0.4051 17.3595 0.9761604866 1.334097741
7419.33406144381 823.431683535462 1257.1456903782 0 48.6795 594.6762963 0.424625 0.404975 17.7405 1.041874366 2.093783065
8935.95166504383 851.777852851384 1312.4385349166 0 45.106 620.8318519 0.424575 0.40505 18.351 1.158013676 2.046236326
9168.4069186449 879.063493549267 1366.5083911346 0 42.5545 646.4088889 0.42445 0.405075 18.9345 1.25689195 2.206009306
9420.10045051575 905.236661666614 1416.0652488654 0 42.0435 669.8511111 0.424475 0.405075 19.129 1.28354891 2.402305618
9985.62021553516 930.24753108432 1462.5387984872 0 40.7925 691.8348148 0.424325 0.4051 19.541 1.345303637 2.345594843
10638.9152705669 954.048488380778 1506.6524977308 0 40.7735 712.7022222 0.424325 0.405125 19.2355 1.320406572 3.299451486
11442.5097852945 976.5942234735 1550.5594949166 0 40.766 733.4718519 0.424325 0.4051 19.6325 1.353575168 2.046236326
11282.9840630293 997.841815876018 1588.3171007564 0 39.885 751.3325926 0.4243 0.405175 20.0325 1.40819057 1.896557067
11848.5028892756 1017.75081640535 1625.6613022692 0 38.92 768.9977778 0.424075 0.4051 20.1395 1.440297407 1.911697649
12227.6517748833 1036.28332418499 1663.4361334038 0 37.94 786.8666667 0.424025 0.405075 19.9605 1.44728718 2.672312657
12056.1003684998 1053.40405879656 1693.184028109 0 36.685 800.9385185 0.4239 0.4051 20.4865 1.525336101 2.366844782
11757.0964246988 1069.08042744277 1725.8085288654 0 35.076 816.3711111 0.423825 0.4051 21.047 1.618984907 1.959244388
11801.9763529301 1083.28258699398 1760.1727734038 0 33.184 832.6266667 0.423725 0.4051 20.723 1.633305726 2.578281677
11409.1852158308 1095.98350080007 1799.566771891 0 32.517 851.2614815 0.423775 0.4051 21.1615 1.694664674 2.157532882
11306.171759963 1107.15899015962 1831.7950934038 0 32.4785 866.5066667 0.423675 0.405125 21.459 1.726825159 2.169618785
11405.1606953144 1116.78778034833 1849.330331891 0 31.8265 874.8014815 0.42375 0.405175 21.4055 1.737798868 2.387165037
11676.092505455 1124.85154111902 1860.612828109 0 31.6625 880.1385185 0.423625 0.40515 21.131 1.712914968 2.273876299
11719.7717428207 1131.33492159631 1873.0321865962 0 31.6435 886.0133333 0.423625 0.405075 21.3635 1.737987706 2.165634421
11813.951343298 1136.22557949925 1909.5668045384 0 31.384 903.2955556 0.4236 0.40505 21.1045 1.717101082 2.789718571
12407.1264266968 1139.51420463658 1983.6351007564 0 31.491 938.3325926 0.423575 0.40505 21.707 1.778851282 1.63358907
13344.1863209009 1141.19453662966 2077.51236 0 29.8395 982.74 0.423575 0.4051 22.2065 1.87806612 1.792299553
14685.2538138628 1141.26337682947 2168.719714616 0 29.3515 1025.884444 0.42375 0.4051 22.2295 1.893777427 1.945166303
14560.5969429016 1139.72059440494 1099.3457688654 0 30.381 520.0311111 0.42385 0.405075 22.1495 1.857116988 1.996697405
12085.2502137423 1136.56912659103 519.8560888654 0 32.5855 245.9111111 0.423775 0.40525 20.883 1.664235971 2.621844052
10639.157474041 1131.81497309609 746.1950222692 0 32.4975 352.9777778 0.423775 0.405425 20.8755 1.665640193 2.070540944
9794.26351189613 1125.46718467917 806.9310250834 0 31.205 381.7081481 0.4237 0.4054 21.1275 1.72401215 1.419097497
10385.0343972445 1117.53784591903 1888.7243303782 0 28.6685 893.4362963 0.423775 0.405475 21.8445 1.86775238 2.071470629
14337.7096652985 1108.04205220757 1970.0961050834 0 26.144 931.9281481 0.42375 0.4056 22.0805 1.961880062 1.758034026
13639.5102739334 1096.9978810116 1995.3310015128 0 25.9835 943.8651852 0.42385 0.405625 22.8475 2.059895959 1.109645259
13995.8122372627 1084.42635745768 1958.4002045384 0 25.7475 926.3955556 0.423825 0.405675 22.4925 2.022457199 2.573234816
14216.2427455187 1070.35141430531 1932.6313273526 0 24.439 914.2059259 0.4238 0.405775 22.508 2.0600353 2.092720568
13671.9495803118 1054.79984638499 1827.2648696218 0 24.725 864.3637037 0.4239 0.40585 22.523 2.054107677 2.407352479
12955.7116627693 1037.8012595877 1771.2657926474 0 23.459 837.8740741 0.423775 0.4058 23.0645 2.158304631 1.127840519
13051.0947704315 1019.38801450294 1435.1335288654 0 23.6 678.8711111 0.423625 0.4058 23.2745 2.181829783 1.835861929
11627.8470754623 999.595164812611 292.5008696218 0 24.321 138.3637037 0.42355 0.405925 21.9395 1.993104515 2.1686891
8807.41202831268 978.460390558195 943.302816218 0 24.977 446.217037 0.4236 0.405775 21.722 1.949774406 1.231035536
12199.7711509466 956.02392640796 1742.7236607564 0 23.8135 824.3725926 0.423625 0.40565 23.206 2.166753747 0.886122462
14383.7189376354 932.328485060992 448.2509941602 0 26.079 212.0392593 0.4236 0.405775 22.714 2.040666397 2.51957872
9959.28481221199 907.419175933912 293.3276784872 0 28.39 138.7548148 0.4236 0.40595 21.562 1.842963325 1.77516679
7933.63577127457 881.343419284758 1196.2891111346 0 27.4595 565.8888889 0.4236 0.405925 22.016 1.919378101 1.243121439
11027.7992337942 854.150855937919 1509.7358058398 0 25.1255 714.1607407 0.4237 0.40595 23.614 2.182472274 1.28455882
11488.709628582 825.893252781741 475.8457407564 0 26.8 225.0925926 0.423675 0.405925 22.3895 1.981354474 1.978502145
8650.23981034756 796.624404218696 304.7135258398 0 27.25 144.1407407 0.423675 0.40595 21.768 1.896020178 1.994705224
7263.06447386742 766.400029755872 779.646331891 0 26.712 368.8014815 0.423675 0.4059 21.974 1.93419866 1.635581252
8723.16840291023 735.277667930681 542.74836 0 26.121 256.74 0.423675 0.40595 22.115 1.966618888 1.090387501
7994.90761756897 703.316566773586 914.054451891 0 26.14 432.3814815 0.42365 0.406075 22.584 2.022970471 1.930955406
8775.65708756447 670.577571016675 772.3600784872 0 26.3195 365.3548148 0.42375 0.4061 22.466 2.00365043 2.291009062
8578.85549962521 637.123006262425 980.216388109 0 25.694 463.6785185 0.4238 0.40615 22.8015 2.062199658 1.822713529
8936.3609701395 603.016560333641 818.9369792436 0 24.7555 387.3874074 0.4237 0.40615 22.767 2.083885592 1.548589314
8152.78860926628 568.323162029731 868.9072415128 0 25.259 411.0251852 0.4237 0.406075 22.7785 2.071383985 2.440688321
7924.72587525845 533.108857521185 829.8060711346 0 27.494 392.5288889 0.42385 0.40595 22.687 1.99833034 3.118428567
7349.16921705008 497.4406846164 693.8649096218 0 28.398 328.2237037 0.42395 0.406 22.367 1.935452026 2.867546473
6661.78965568542 461.386545141026 614.5601569744 0 28.6075 290.7096296 0.424025 0.40605 22.237 1.914594244 2.922265066
6305.06993830204 425.015075672578 552.0844103782 0 29.5075 261.1562963 0.42405 0.40625 22.2105 1.887412494 2.011837987
6048.14837872982 388.395516876183 496.0508830256 0 29.416 234.6503704 0.424025 0.40625 21.9585 1.861075887 3.249912565
5945.13492286205 351.597581690435 435.5215822692 0 29.8965 206.0177778 0.424 0.406275 21.7755 1.827883587 2.666336112
5617.27262288332 314.691322614425 378.3856430256 0 30.2435 178.9903704 0.42405 0.4064 21.585 1.797788172 3.178061209
5456.54386281967 277.746998348029 323.0755734038 0 30.4955 152.8266667 0.424025 0.40655 21.3485 1.765553069 2.737124972
5126.27642601728 240.83494004002 269.4191215128 0 30.442 127.4451852 0.42405 0.40655 21.0665 1.73661904 2.966757126
4773.1639444828 204.025417398159 219.9656149166 0 29.744 104.0518519 0.42415 0.40655 20.807 1.726295921 3.386443424
4459.73011851311 167.388504916471 173.28536296218 0 29.813 81.97037037 0.4242 0.406525 20.5705 1.699669771 2.438696139
4183.57028067112 130.993948473841 129.37836592436 0 29.9845 61.20074074 0.4242 0.406475 20.212 1.658416884 2.367907279
3932.66203254461 94.9110325587945 90.1910696218 0 30.1295 42.6637037 0.424125 0.4064 19.9605 1.629434078 2.33350894
3788.76641392708 59.208448372145 55.39619554616 0 30.827 26.20444444 0.42415 0.406325 19.6325 1.580694451 2.251563863
3537.85769641399 23.9541630594895 27.49139554616 0 31.8645 13.00444444 0.42415 0.4064 19.2355 1.519025469 1.703315433
3320.615965873 0 12.005954073526 0 33.1805 5.679259259 0.42405 0.4063 18.7935 1.449175358 1.480855133
3145.45826241374 0 0 0 34.298 0 0.42395 0.406375 18.4425 1.393985152 2.040126968
2936.63333728909 0 0 0 35.705 0 0.423975 0.406325 18.0345 1.329648072 1.59719855
2765.08263498545 0 0 0 36.609 0 0.424025 0.4063 17.813 1.292811556 1.84595565
2568.28198581934 0 0 0 37.738 0 0.424 0.4063 17.531 1.247413914 1.650721834
2376.29020214081 0 0 0 39.019 0 0.423975 0.406275 17.2295 1.19869638 1.588034513
2222.77567908168 0 0 0 40.2815 0 0.424 0.406225 16.955 1.153651055 1.54460495
2078.88052985072 0 0 0 41.361 0 0.424025 0.4063 16.7565 1.118621041 1.840908789
1999.91468712687 0 0 0 42.6005 0 0.42405 0.406275 16.5925 1.083626197 2.294063741
1957.02096819878 0 0 0 44.496 0 0.42405 0.4063 16.2915 1.027957907 1.878361807
1870.84018439054 0 0 0 46.3035 0 0.424175 0.40615 15.9445 0.9727037725 2.095775246
1860.41135340929 0 0 0 47.7185 0 0.4242 0.4062 15.811 0.9390223853 2.451844539
1688.86065110564 0 0 0 48.306 0 0.4242 0.406175 15.788 0.9271052484 2.809906013
1543.76293346286 0 0 0 49.141 0 0.424225 0.40625 15.6315 0.9030371557 2.175728142
1585.03726869822 0 0 0 50.2775 0 0.424275 0.406225 15.399 0.8697946208 2.064431586
1539.73817825317 0 0 0 51.1205 0 0.4244 0.40605 15.197 0.8440264905 1.865213407
1449.95062798262 0 0 0 52.7335 0 0.42455 0.405825 14.9835 0.805040536 2.117025186
1369.78245154023 0 0 0 54.0455 0 0.424425 0.405875 14.644 0.7657485302 1.588034513
1347.32934460044 0 0 0 54.9115 0 0.4246 0.40585 14.3805 0.7386319668 1.78021365
1186.60058453679 0 0 0 54.6445 0 0.4247 0.405775 14.1975 0.7342547749 1.709424791
1180.9808537364 0 0 0 53.485 0 0.4247 0.4058 14.186 0.7524648979 1.984611502
1076.76482945681 0 0 0 53.626 0 0.42475 0.4059 14.0335 0.7428031755 1.673963955
1039.8827791214 0 0 0 55.67 0 0.424675 0.4058 13.614 0.6909679556 1.989658363
915.225673466921 0 0 0 56.78 0 0.4247 0.405775 13.431 0.6656837418 1.81965885
930.047024041414 0 0 0 56.601 0 0.4247 0.4058 13.3815 0.6662869061 1.873314946
932.84409865737 0 0 0 56.6275 0 0.4247 0.4058 13.294 0.6620899955 1.820721347
875.521436333656 0 0 0 57.1155 0 0.4247 0.40575 13.1335 0.6478153715 2.202024942
847.056426107883 0 0 0 56.5855 0 0.4247 0.4058 13.107 0.6546868507 2.369899461
828.210555016994 0 0 0 56.212 0 0.424775 0.405775 13.1145 0.6606429334 2.064431586
691.529642790556 0 0 0 56.5205 0 0.424775 0.405725 12.939 0.6485026052 1.941049127
639.016315340996 0 0 0 57.15 0 0.424775 0.405725 12.7105 0.6296188644 1.392800698
567.264709621668 0 0 0 57.516 0 0.4247 0.405525 12.5615 0.6181689798 1.428261534
544.811837375164 0 0 0 58.828 0 0.424825 0.4055 12.2525 0.5870350376 1.466644236
474.262565374374 0 0 0 60.464 0 0.4248 0.4055 12.024 0.5552885002 1.798408911
439.785417169333 0 0 0 61.4445 0 0.4246 0.40555 11.902 0.5371772911 2.072533126
394.487030804157 0 0 0 61.7875 0 0.424825 0.40545 11.753 0.5271862338 2.149431343
400.891341269016 0 0 0 61.8445 0 0.424825 0.4054 11.6615 0.5232260849 2.159525064
324.330400675535 0 0 0 62.1005 0 0.4249 0.4054 11.5355 0.515401781 1.749932487
292.25791990757 0 0 0 61.9895 0 0.4248 0.405375 11.4515 0.5140445715 1.797479226
280.626285821199 0 0 0 61.532 0 0.424775 0.405425 11.467 0.5207659664 1.328121195
250.958941876888 0 0 0 62.676 0 0.4249 0.4053 11.2115 0.4967932584 1.927900727
216.481793671846 0 0 0 62.314 0 0.424925 0.40535 11.28 0.5038961681 2.093783065
167.57570207119 0 0 0 62.474 0 0.4249 0.405375 11.2115 0.499481937 2.135220446
163.158774375916 0 0 0 62.6075 0 0.4249 0.40495 11.2115 0.4977050133 1.917807006
161.146279424429 0 0 0 63.1225 0 0.42505 0.4048 11.12 0.4878779083 1.257332336
93.0021442472935 0 0 0 62.9505 0 0.4249 0.4045 11.055 0.4880417578 2.029103562
10.4290656745434 0 0 0 63.576 0 0.424875 0.404525 10.929 0.4758003523 1.839846292
0 0 0 0 65.1475 0 0.424925 0.404525 10.5975 0.4453313631 2.035080108
71.6093815863132 0 0 0 65.399 0 0.425175 0.404525 10.5745 0.4414401494 2.113040822
0 0 0 0 66.0515 0 0.425225 0.404525 10.46 0.429818969 1.947158485
0 0 0 0 67.714 0 0.42515 0.404525 10.2045 0.4018498522 1.937994448
0 0 0 0 68.908 0 0.425225 0.404525 10.0595 0.3832507889 1.514190975
0 0 0 0 69.842 0 0.42525 0.40455 9.915 0.3681555731 1.502105072
0 0 0 0 69.9795 0 0.425275 0.4045 9.8845 0.3657282073 1.789377687
0 0 0 0 70.872 0 0.4253 0.404375 9.7815 0.3524112197 1.733729409
0 0 0 0 71.631 0 0.425225 0.4042 9.6555 0.3403360669 1.73067473
0 26.1464376924515 2.566552592436 0 71.8445 1.214074074 0.425275 0.404125 9.5945 0.3363927474 1.905588291
0 61.2947697434087 10.472912592436 0 72.3935 4.954074074 0.425225 0.4039 9.545 0.3287374596 1.945166303
0 96.895794458803 40.9442651891 0 72.2715 19.36814815 0.42525 0.4039 9.5905 0.3312020125 1.952205345
0 132.881738290294 101.3702148109 0 70.765 47.95185185 0.4253 0.4038 9.888 0.3562423787 1.624425034
0 169.184094936649 96.65051407564 0 69.987 45.71925926 0.425325 0.403575 10.0405 0.3694801468 1.847018147
0 205.733755758989 120.45572 0 70.4715 56.98 0.4253 0.4036 10.0065 0.3626885397 1.55270649
0 242.461141342737 252.3834134038 0 68.801 119.3866667 0.4253 0.4036 10.3915 0.3932050407 1.860166546
3.47346067428589 279.296333955643 309.9499822692 0 66.753 146.6177778 0.425325 0.4036 10.8455 0.4318938089 1.438355255
99.1311594843864 316.16921064989 220.9991258398 0 66.124 104.5407407 0.425275 0.4036 11.078 0.4469205731 1.277519778
163.526069372892 353.009576754798 381.9684815128 0 66.078 180.6851852 0.4253 0.40345 11.28 0.4535680575 1.142981101
212.290171533823 389.747299505965 487.0248858398 0 64.259 230.3807407 0.425325 0.403375 11.738 0.4926005456 1.347246141
328.388247638941 426.312441556557 545.5216149166 0 63.5535 258.0518519 0.425325 0.4034 11.8295 0.5053692071 1.767065251
634.465847164392 462.63539411641 599.4708949166 0 62.596 283.5718519 0.425275 0.403375 12.188 0.5310511282 1.995634908
1023.5084630549 498.647009465799 679.9297349166 0 61.494 321.6318519 0.425275 0.4034 12.5615 0.5602865722 1.427199037
1331.99026063085 534.278732591339 741.9920769744 0 59.522 350.9896296 0.425275 0.40315 13.145 0.6119222859 1.535440914
1864.11880329251 569.46273169334 780.2664384872 0 59.3125 369.0948148 0.425275 0.403175 13.3395 0.6229495329 1.732666912
2242.33994632959 604.132027316543 693.8649096218 0 58.317 328.2237037 0.425225 0.403025 13.6675 0.6519753991 1.682065494
2531.58346563578 638.220619858214 814.2172784872 0 58.5155 385.1548148 0.425175 0.40305 14.0565 0.6654769405 1.033809539
2810.00574678183 671.663615210544 1029.7904711346 0 56.227 487.1288889 0.425125 0.40295 14.823 0.7378697787 1.288675996
3949.34543967247 704.397348298903 1059.2283126474 0 54.7475 501.0540741 0.425125 0.40265 15.0635 0.7747172021 1.753916851
4904.71798181534 736.359504280016 1106.3219688654 0 53.119 523.3311111 0.4251 0.4025 15.586 0.8299819426 1.390808516
5642.45568215847 767.489237169829 1165.197651891 0 52.4285 551.1814815 0.425075 0.40255 15.933 0.8611173028 1.076176605
6341.71776473522 797.727285674931 1230.1538250834 0 48.851 581.9081481 0.425075 0.40255 16.551 0.9630804126 1.290668178
7588.07102590799 827.016086007386 1280.1068622692 0 45.8765 605.5377778 0.4251 0.40255 16.1925 0.996084116 2.081697162
8687.73159384727 855.299881467787 1330.9039334038 0 45.148 629.5666667 0.42505 0.4026 16.4175 1.02406813 1.65988587
8671.56592011452 882.524828588183 1374.2941749166 0 44.4005 650.0918519 0.4251 0.40255 16.791 1.062963827 1.690167033
8572.43429124355 908.639099632842 1425.7113526474 0 44.3585 674.4140741 0.425175 0.402475 16.7645 1.061978789 1.629471895
8829.21409606934 933.59298126155 1472.1849022692 0 42.8065 696.3977778 0.425125 0.4025 16.8405 1.096878556 1.873314946
9069.1588819027 957.338969167694 1518.0555703782 0 42.5315 718.0962963 0.425125 0.402425 16.8635 1.103762047 1.630534392
9337.96155452728 979.831858511136 1564.821948109 0 41.262 740.2185185 0.42505 0.402275 17.531 1.176810871 1.657893688
10026.4014601707 1001.02882997342 1603.5097141602 0 41.231 758.5192593 0.42505 0.402275 17.3095 1.161074225 2.171610967
10272.3590880632 1020.88953127172 1643.8338726474 0 40.7925 777.5940741 0.425025 0.4023 17.718 1.200288122 1.618448489
10105.8930158615 1039.37615397629 1681.5742534038 0 40.6935 795.4466667 0.425025 0.402325 18.187 1.238289955 1.162238858
9636.42382621765 1056.45350548515 1737.4010784872 0 39.881 821.8548148 0.425 0.402275 18.3125 1.265179091 1.510206611
9631.08032941818 1072.089076019 1872.532656218 0 39.1415 885.777037 0.42495 0.402175 18.8125 1.32146154 0.697927688
10224.5304733515 1086.25310050897 1280.2274384872 0 38.6035 605.5948148 0.424975 0.402225 18.9765 1.346864353 1.377660116
9112.97987401485 1098.91861525907 777.5965349166 0 39.8355 367.8318519 0.42485 0.402225 17.775 1.224076701 2.841249674
7455.5392563343 1110.06150927583 1387.7470445384 0 39.9995 656.4555556 0.42485 0.402225 17.9125 1.231352392 1.663870234
9036.16006672382 1119.66057016722 1812.0894815128 0 38.722 857.1851852 0.4249 0.4022 18.755 1.325798031 1.052934484
11542.6271259785 1127.69752452347 1938.6945926474 0 37.7495 917.0740741 0.424925 0.4022 19.415 1.403412626 1.194512203
9899.61545169354 1134.15707270304 1932.8552549166 0 37.387 914.3118519 0.424875 0.402225 19.0795 1.382403284 1.808502632
9332.75136351585 1139.0269179574 1007.82836 0 38.447 476.74 0.424875 0.4022 18.6255 1.321006439 2.051283186
8002.36335396767 1142.29778983921 1801.4098665962 0 37.2115 852.1333333 0.42485 0.40225 19.247 1.400821193 1.711416973
10650.7137715816 1143.96346184944 1478.9544 0 37.6425 699.6 0.424825 0.402225 18.6675 1.341792836 1.945166303
9848.17913174629 1144.02076328966 1668.5520134038 0 36.2315 789.2866667 0.424825 0.402175 19.045 1.404889546 1.697338888
9157.46833384037 1142.4695852971 2027.7488 0 35.93 959.2 0.424825 0.402175 19.3425 1.437933455 1.873314946
10217.4493074417 1139.3128810509 1981.3786015128 0 33.8975 937.2651852 0.42485 0.40215 20.3075 1.574996386 1.464652054
9923.52975904942 1134.5566601492 1545.0302103782 0 33.5845 730.8562963 0.424775 0.4022 20.2195 1.57387504 1.571831435
9616.38289690018 1128.20997716774 1169.9345777308 0 35.6175 553.4222222 0.424775 0.402175 19.0715 1.420762422 1.834799432
10748.5085874796 1120.28491442187 2133.32196 0 34.2445 1009.14 0.42475 0.40215 19.865 1.524424604 1.874244631
16019.2908346653 1110.79655896456 1993.0745022692 0 33.329 942.7977778 0.424725 0.40215 20.418 1.599413918 1.769057432
12647.2298651934 1099.76297386447 1667.3290250834 0 33.169 788.7081481 0.42475 0.4022 19.8575 1.548638258 1.59719855
11088.3867144585 1087.20516381856 1668.5520134038 0 34.992 789.2866667 0.42475 0.40205 19.6435 1.486533396 2.051283186
11714.3024504185 1073.14703516479 1959.0203111346 0 34.8315 926.6888889 0.42475 0.40205 20.0365 1.526946457 1.906650788
12318.5747712851 1057.61535037104 1680.2479141602 0 34.4925 794.8192593 0.424775 0.4021 20.0365 1.534889479 1.783268329
11237.0827496052 1040.63967708688 953.9479807564 0 35.3845 451.2525926 0.4247 0.402075 19.705 1.48320807 1.969338109
9596.47715091705 1022.2523318551 1272.114376218 0 36.117 601.757037 0.424675 0.402025 19.8725 1.481702444 0.981083127
10567.4812048674 1002.48831859038 1787.5780430256 0 33.859 845.5903704 0.424725 0.402075 20.91 1.635509819 0.800060208
12013.4321898222 981.385261941925 1720.3653703782 0 33.2605 813.7962963 0.424675 0.4021 21.215 1.681502036 1.150020143
10592.8656309843 958.983335667171 1671.6353215128 0 33.52 790.7451852 0.424675 0.4021 21.3635 1.690277043 1.77516679
10622.3909854889 935.325186152823 1618.0822207564 0 33.928 765.4125926 0.424625 0.402 20.643 1.607182479 2.1686891
10808.2277029753 910.455851228712 1608.2294149166 0 32.8905 760.7518519 0.42465 0.402075 21.0205 1.670762896 1.503034757
10638.1548643112 884.422674429251 1528.5112577308 0 32.372 723.0422222 0.42465 0.402325 21.3865 1.721889119 1.480855133
10280.5085778236 857.275214865571 1554.3662607564 0 32.551 735.2725926 0.4245 0.40255 21.726 1.753361877 1.590026695
10621.4559674263 829.065152879897 879.0701007564 0 34.1185 415.8325926 0.424525 0.402575 21.192 1.657545123 1.854057189
8888.26480507851 799.846191661761 786.3124784872 0 35.1025 371.9548148 0.424525 0.402575 20.1815 1.534294756 1.203676239
8672.50093817711 769.673955013588 1408.26224 0 33.1995 666.16 0.424525 0.402775 21.623 1.725609367 1.520300332
12107.2203218937 738.605881459845 1203.9887688654 0 33.127 569.5311111 0.4245 0.402775 20.948 1.657476679 1.497987896
9887.05748319626 706.701114901729 351.1009496218 0 34.946 166.0837037 0.424575 0.402675 20.746 1.592486699 0.799130523
7333.83060246706 674.020392025372 932.2097969744 0 33.47 440.9696296 0.42455 0.40265 20.929 1.647051088 0.771771227
8604.23147678375 640.625926677978 656.6240592436 0 33.375 310.6074074 0.42455 0.402625 21.074 1.664158358 0.819317965
7769.23218369484 606.581291431688 898.655136218 0 32.616 425.097037 0.4246 0.40265 21.6195 1.740310128 0.746536924
7412.78752684593 571.951296561451 773.0663111346 0 32.8525 365.6888889 0.42465 0.402675 20.971 1.666633831 1.492941036
6609.0512573719 536.801866666213 728.4530815128 0 31.998 344.5851852 0.424575 0.40265 21.1805 1.709689492 0.693943325
6119.14028227329 501.199915169108 688.955731891 0 31.6055 325.9014815 0.424625 0.402675 21.703 1.775444376 0.945755103
5928.6275357008 465.213216935253 522.629343782 0 33.047 247.222963 0.424625 0.402625 21.074 1.672351137 1.10659058
5614.26667124033 428.910279249735 443.5312934038 0 32.925 209.8066667 0.424625 0.4026 20.761 1.64347607 1.349371135
5348.00197184086 392.360211401136 565.416703782 0 32.5055 267.462963 0.42465 0.402625 21.2685 1.706111055 0.760615009
5336.64657175541 355.632593119484 479.0324 0 32.204 226.6 0.42465 0.402575 21.4935 1.737509838 1.070200059
5302.44424939156 318.797342118236 325.435423782 0 38.222 153.942963 0.424675 0.4025 20.597 1.49847981 1.453495836
4826.96315646172 281.924580993233 302.2503245384 0 41.281 142.9755556 0.424675 0.402675 20.273 1.396094928 1.764010572
4248.07432293892 245.084503731517 266.95592 0 43.39 126.28 0.42465 0.40275 20.0215 1.325183693 1.969338109
3946.94077223539 208.34724208444 107.62295703782 0 44.7325 50.90962963 0.424675 0.40275 19.5485 1.256364775 2.041189465
3608.532294631 171.782732059106 105.88321334038 0 45.1405 50.08666667 0.424725 0.402675 19.4185 1.237054688 0.945755103
3282.14762359858 135.460580782632 75.10180741602 0 46.189 35.52592593 0.424725 0.402725 19.0945 1.189179546 0.950801964
2988.22807520628 99.4499339925524 76.84155111346 0 46.4865 36.34888889 0.424725 0.40275 18.999 1.175582895 1.144043598
2758.03549960256 63.8193444055604 46.0601451891 0 47.7565 21.78814815 0.424775 0.402725 18.6675 1.124162355 1.423214673
2545.87886855006 28.6366412152913 22.66834369744 0 49.206 10.72296296 0.424725 0.402725 18.267 1.065891667 1.180434119
2369.79412660003 0 11.075794073526 0 50.6285 5.239259259 0.424825 0.40275 17.9735 1.017115373 1.172332579
2202.12665945292 0 0 0 51.9555 0 0.42485 0.40275 17.6835 0.9718700419 1.152145137
2060.91123819351 0 0 0 53.3135 0 0.42485 0.4027 17.39 0.9270696631 1.255207342
1967.79245138168 0 0 0 54.545 0 0.42485 0.402725 17.123 0.8875020643 1.365574213
1801.32684856653 0 0 0 55.1285 0 0.42485 0.40265 16.993 0.8689247781 1.252285475
1651.69509127736 0 0 0 55.434 0 0.42485 0.40265 17.0465 0.8659392034 1.536503411
1530.92098608613 0 0 0 55.6665 0 0.424875 0.40265 16.9625 0.8568485605 1.366503898
1414.95621576905 0 0 0 56.0895 0 0.424925 0.402525 16.8675 0.8435759286 1.470761412
1402.3977778852 0 0 0 56.883 0 0.424925 0.402475 16.6535 0.8171536027 1.64169061
1323.7076997757 0 0 0 57.07 0 0.424925 0.402475 16.6535 0.8136095778 1.786323008
1220.96930444241 0 0 0 57.52 0 0.42495 0.40255 16.5125 0.7978962693 1.968408424
1142.27852225304 0 0 0 58.71 0 0.42505 0.4025 16.2035 0.7604307585 1.71752633
1170.60201242566 0 0 0 59.648 0 0.425025 0.40245 15.9405 0.7307834115 1.70437793
1115.95978215337 0 0 0 60.037 0 0.425 0.4024 15.9595 0.7246177115 2.144384482
1055.30517920852 0 0 0 61.875 0 0.4251 0.4024 15.704 0.6800862731 1.907713285
1041.54464229941 0 0 0 63.622 0 0.424975 0.402475 15.5895 0.6441811292 1.76201839
967.663899064064 0 0 0 65.1515 0 0.425025 0.4025 15.422 0.6105044363 1.750862172
921.438239514828 0 0 0 66.8865 0 0.42505 0.40245 15.117 0.568853528 1.561737714
893.24875921011 0 0 0 68.347 0 0.4251 0.402475 14.8765 0.5354092724 1.320019656
883.094988763332 0 0 0 69.686 0 0.4251 0.4025 14.64 0.5049974884 1.280574457
824.845757335424 0 0 0 71.3905 0 0.425125 0.40245 14.331 0.4671770552 2.20003276
793.049041181803 0 0 0 69.373 0 0.4251 0.40245 14.083 0.4921506037 1.945166303
667.464897036552 0 0 0 67.3555 0 0.425175 0.40245 13.7935 0.514802729 1.38669134
664.525832980871 0 0 0 68.0805 0 0.42515 0.402425 13.347 0.4889454551 1.286683814
672.408007085323 0 0 0 69.3655 0 0.425175 0.402425 13.046 0.4601270815 1.351363316
667.064040899277 0 0 0 70.193 0 0.42515 0.402175 12.8095 0.4408216791 1.376597619
638.874560594559 0 0 0 70.4905 0 0.425175 0.402175 12.691 0.4330454479 1.184418482
525.314692407846 0 0 0 71.6765 0 0.42515 0.402175 12.4585 0.4093466453 1.243121439
491.113074123859 0 0 0 71.707 0 0.425225 0.402125 12.163258 0.4010419183 1.254277657
523.043565452099 0 0 0 73.261 0 0.425175 0.4019475 11.91405 0.3728393882 1.065153199
386.637948453426 0 0 0 73.56613984 0 0.4252252559 0.402001161425 11.79836 0.3657804362 1.32905088
333.19828659296 0 0 0 73.85391969 0 0.4253005118 0.402004822825 11.65203677 0.3583167341 1.353355498
354.3068356812 0 0 0 75.12393953 0 0.425378267725 0.40185098425 11.68094016 0.3415639319 1.052004799
440.345160663128 0 0 0 75.43299937 0 0.425353523625 0.401827145675 11.51368354 0.3336087576 1.339277414
320.773154497147 0 0 0 75.00397921 0 0.425378779525 0.401493307075 11.40498693 0.3370000665 1.254277657
375.549394637346 0 0 0 73.90855906 0 0.425379035425 0.4015719685 11.27853031 0.3488323437 1.405949098
311.28779053688 0 0 0 75.9082589 0 0.42548429135 0.401575629925 11.2625537 0.3217560126 1.34219928
316.765297204256 0 0 0 75.97819874 0 0.42548454725 0.40157929135 11.14017709 0.3182270541 1.169277901
317.433468997478 0 0 0 75.95461858 0 0.42553730315 0.40150545275 11.07380047 0.3171383326 1.407011594
354.173295199871 0 0 0 76.19143843 0 0.42538005905 0.401561614175 10.98142386 0.3120930942 1.169277901
298.328496515751 0 0 0 76.13313827 0 0.42548531495 0.4015902756 10.87280724 0.3106054077 1.210715282
242.483697831631 0 0 0 76.68579811 0 0.425430570875 0.401541437 10.78451063 0.3016350781 1.06209852
118.102356791496 0 0 0 78.15237795 0 0.425588326775 0.401520098425 10.75485402 0.2821030433 1.06209852
193.319208920002 0 0 0 78.2267978 0 0.425636082675 0.40112875985 10.5916774 0.2781013002 1.127840519
209.6181884408 0 0 0 79.21905764 0 0.425996338575 0.40103242125 10.56202079 0.2649030269 1.263308881
97.2606539726257 0 0 0 78.67019748 0 0.4261015945 0.400861082675 10.43148417 0.2695410784 0.872974062
43.8209921121597 0 0 0 79.89709732 0 0.4263118504 0.4008647441 10.34726756 0.2526118926 0.789966487
0 0 0 0 80.80815717 0 0.4263121063 0.4008684055 10.18017094 0.2384840533 0.732326027
0 0 0 0 82.26633701 0 0.4263123622 0.400742066925 10.05371433 0.2185065986 0.752513469
0 0 0 0 83.39523685 0 0.4264176181 0.40074572835 10.02805772 0.2042454543 0.839505408
0 0 0 0 83.74293669 0 0.426312874025 0.400699389775 10.0747211 0.200594586 1.089325005
0 0 0 0 84.84159654 0 0.426418129925 0.400653051175 9.752344488 0.1830385055 0.49060797
0 0 0 0 85.44129638 0 0.426418385825 0.4006567126 9.760847874 0.1758974933 1.117746798
0 0 0 0 85.66075622 0 0.426418641725 0.400582874025 9.74751126 0.1730909293 1.021590824
0 0 0 0 86.21789606 0 0.42664389765 0.400429035425 9.467294646 0.1632612017 1.33715242
0 0 0 0 86.24527591 0 0.42682165355 0.40017019685 9.383078031 0.1620157049 1.32905088
0 31.2026829865907 9.129348149166 0 86.93457575 4.318518519 0.42679690945 0.400198858275 9.425741417 0.1543392214 1.13793424
0 66.2863128847833 28.62825777308 0 87.36347559 13.54222222 0.42679716535 0.400202519675 9.361924803 0.1486326263 0.924505164
0 101.821327434882 60.4431748109 0 87.26261543 28.59185185 0.42682242125 0.4002061811 9.408588189 0.150290493 0.895153686
0 137.740079645865 98.28690665962 0 87.39247528 46.49333333 0.426770177175 0.399984842525 9.618611575 0.150874944 0.680794925
0 173.974192032535 138.0943096218 0 87.89809512 65.3237037 0.426797933075 0.399988503925 9.857274961 0.1471638571 0.554357787
0 210.454686783968 184.1544548109 0 88.21611496 87.11185185 0.426798188975 0.39999216535 10.02505835 0.1449175372 0.515842272
0 247.11211707452 235.8816858398 0 88.3246948 111.5807407 0.426798444875 0.399945826775 10.20668173 0.1453386755 0.841497589
0 283.876699267912 293.9477850834 0 88.63375465 139.0481481 0.426798700775 0.3999494882 10.46726512 0.1439768434 0.862747529
0 320.678445762055 349.9640873526 0 88.72105449 165.5459259 0.4267989567 0.4000031496 10.7100085 0.1452027141 0.883997468
0 357.447298222429 409.8732815128 0 88.33851433 193.8851852 0.4268242126 0.400006811025 11.13003189 0.1543806504 0.887052146
0 394.113260950047 468.8695407564 0 87.87085417 221.7925926 0.4268244685 0.39996047245 11.66325528 0.1663461893 0.654498125
0 430.606534129814 530.6390549166 0 87.58631402 251.0118519 0.4267472244 0.39996163385 12.31375866 0.1777104834 0.427920649
0 466.857646706305 590.5482488654 0 87.40033386 279.3511111 0.426799980325 0.399965295275 13.04498205 0.1892331109 0.586631132
0 502.797588633422 656.7446354616 0 86.7148337 310.6644444 0.426772736225 0.4000214567 13.67140543 0.2078497896 0.544131254
0 538.357942246407 721.3735303782 0 85.90109354 341.2362963 0.426800492125 0.3998676181 14.35806882 0.2306308693 0.64227941
0 573.47101250622 778.1132903782 0 84.92551339 368.0762963 0.426775748025 0.399358779525 14.8153722 0.2539816665 1.200621561
151.610925793648 608.069955868111 840.4856858398 0 84.17561323 397.5807407 0.426801003925 0.39913494095 14.97947559 0.2694502914 1.083348459
707.027144730091 642.088907529131 899.4819450834 0 82.44403307 425.4881481 0.42674875985 0.39919110235 15.51757898 0.3094509891 1.087332823
1462.04179152846 675.463106812631 958.0648 0 79.96149291 453.2 0.42672401575 0.399244763775 15.85104236 0.3608323623 0.951864461
2077.57821679115 708.129020450505 1029.1703645384 0 78.57151276 486.8355556 0.42664427165 0.3991984252 16.36890575 0.3988266053 1.04895012
2717.16202050447 740.024463529086 1098.51896 0 77.1809726 519.64 0.42659452755 0.399202086625 16.83612913 0.4375105776 1.394792879
3320.6746391952 771.088717867926 1154.1218577308 0 73.10579244 545.9422222 0.426542283475 0.399180748025 17.04111252 0.5223893082 1.04390326
3979.49742525816 801.262647606631 1206.3486192436 0 72.85149228 570.6474074 0.426542539375 0.39918440945 17.55921591 0.5448873111 1.169277901
5077.19501852989 830.488811779134 1258.7820830256 0 69.51887213 595.4503704 0.426490295275 0.399290570875 17.76179929 0.6196382803 1.320949341
5680.70693314075 858.711573661655 1312.9552903782 0 67.82985197 621.0762963 0.426490551175 0.399294232275 18.05974268 0.6663487506 1.239137075
6176.00364983082 885.877206685828 1362.098743782 0 59.42923181 644.322963 0.426335807075 0.3992978937 18.35512606 0.8560800896 1.601182913
7319.39321011305 911.933996715497 1409.3991022692 0 52.52325165 666.6977778 0.426336063 0.399176555125 18.55770945 1.014598323 1.22691836
7623.50830435753 936.832340492516 1453.3060992436 0 50.8986315 687.4674074 0.4263363189 0.399152716525 19.07613283 1.083858701 1.32905088
7925.21873116493 960.524840064041 1502.036148109 0 49.06009134 710.5185185 0.4262590748 0.39876637795 19.19367622 1.132709444 1.571831435
8327.92988419533 982.966393011637 1544.5134549166 0 50.16771118 730.6118519 0.4262318307 0.398570039375 19.31969961 1.116808612 1.705440427
8741.46321415901 1004.11427831047 1575.1915096218 0 45.62661102 745.1237037 0.426282086625 0.398573700775 19.63980299 1.243067189 1.828822886
8966.21958911419 1023.92823765504 1616.9453584872 0 45.56887087 764.8748148 0.426127342525 0.3986023622 19.74118638 1.252240119 1.276457281
9033.4629714489 1042.37055209667 1658.0791007564 0 42.81249071 784.3325926 0.425952598425 0.398556023625 20.03672976 1.339964957 1.418167813
8890.28598368168 1059.40611384694 1688.1542741602 0 42.18691055 798.5592593 0.425875354325 0.39855968505 20.43619315 1.38847335 1.180434119
8696.60769402981 1075.00249311027 1752.6970430256 0 37.90621039 829.0903704 0.425875610225 0.39848834645 20.79053654 1.52419361 1.934010085
8695.31312584877 1089.12999981852 1138.1196607564 0 37.46431024 538.3725926 0.42587836615 0.398597007875 20.38591992 1.497242417 1.320019656
7656.34846687317 1101.76174014997 1930.7882326474 0 39.59225008 913.3340741 0.42582612205 0.3986506693 20.55026331 1.461029102 1.790307372
10520.3707516193 1112.8736677253 1811.1593215128 0 33.09170992 856.7451852 0.42577387795 0.3987043307 21.08100669 1.671953341 1.859104049
10323.0856955051 1122.44462938277 1329.6809450834 0 37.81132976 628.9881481 0.42577413385 0.398915492125 20.83647008 1.530841778 0.907372401
10247.2422122955 1130.4564054459 1989.5950149166 0 34.88414961 941.1518519 0.425749389775 0.39899415355 21.67649346 1.687599151 1.74886999
12320.0861960649 1136.89374440656 2085.1947926474 0 33.00304945 986.3740741 0.425774645675 0.39923531495 22.07187685 1.778744564 2.313321498
11442.2431737185 1141.74439195785 2125.622302692 0 31.24178929 1005.497778 0.425774901575 0.399316476375 22.11870024 1.830718715 2.095775246
11486.6396337748 1144.99911432109 2031.5555658398 0 32.11868913 961.0007407 0.425645157475 0.3991951378 22.12296362 1.807840127 1.742760633
11872.517645359 1146.65171582293 2161.433462692 0 29.00838898 1022.437778 0.425645413375 0.398938799225 22.34618701 1.916526734 2.096837743
12783.8438898325 1146.69905068883 1873.9451215128 0 27.84856882 886.4451852 0.4256456693 0.399002460625 22.25333039 1.936870382 2.422493061
12061.1115396023 1145.14102903052 1906.2767941602 0 29.60522866 901.7392593 0.4256459252 0.39903362205 21.94567378 1.854635562 1.437292758
12353.2023578882 1141.98061701622 2093.617908109 0 31.1401285 990.3585185 0.4255961811 0.399062283475 22.55753717 1.882994496 1.994705224
12550.3043532372 1137.22383122297 1377.274131891 0 28.43078835 651.5014815 0.425596437 0.399013444875 21.88340055 1.878429735 2.134290761
10765.8524215221 1130.87972718224 804.6745258398 0 30.67408819 380.6407407 0.425544192925 0.3990446063 20.85094394 1.708052396 1.99258023
9571.77802920342 1122.96038214016 1185.0066149166 0 34.19810803 560.5518519 0.425544448825 0.398923267725 20.60648732 1.597016091 1.443402115
11157.6503366232 1113.48087206567 534.9453511346 0 38.22164787 253.0488889 0.425544704725 0.398926929125 20.82963071 1.520101812 1.213769961
9858.96751284599 1102.45924294995 450.6108445384 0 42.21998772 213.1555556 0.425544960625 0.39893059055 20.01637409 1.352143479 1.701323251
7760.69028675556 1089.91647645204 424.962543782 0 45.71824756 201.022963 0.425647716525 0.398909251975 19.44007748 1.225670027 1.549651811
6599.08148646355 1075.87644995589 412.3364830256 0 49.2125874 195.0503704 0.42559547245 0.398937913375 19.30898087 1.137455231 1.383769474
5950.89617371559 1060.36589111507 384.1216296218 0 48.71468724 181.7037037 0.42567322835 0.3988640748 19.20004425 1.140842349 1.24006676
5496.29808962345 1043.4143269714 1096.2624607564 0 52.81550709 518.5725926 0.42572348425 0.399067736225 19.52006764 1.070725384 0.693943325
7879.35966253281 1025.05402774462 1662.6954503782 0 52.07008693 786.5162963 0.42567374015 0.39912139765 21.41897102 1.222781221 1.611276634
11493.6794936657 1005.31994539997 1519.6747377308 0 41.71002677 718.8622222 0.425648996075 0.39912505905 21.69835441 1.512712843 1.605300089
11853.1038165092 984.249647110649 1803.873068109 0 36.79316661 853.2985185 0.425754251975 0.399128720475 22.4438978 1.716526153 1.53955809
12063.432186842 961.883243741893 1713.699223782 0 30.59166646 810.642963 0.425649507875 0.3991098819 22.92448118 1.940672252 2.12419704
11822.8603005409 938.263313492716 1691.4270592436 0 27.8868063 800.1074074 0.425754763775 0.3995085433 22.44042457 1.95798562 2.184759367
11500.5259662867 913.434820840667 1481.8310058398 0 27.45722614 700.9607407 0.425650019675 0.399512204725 22.50772795 1.977716106 1.630534392
10669.5765405893 887.445030944057 1708.9795230256 0 28.29604598 808.4103704 0.4256502756 0.39956836615 23.08127134 2.023960358 1.34219928
11262.2681558132 860.343419664491 1372.9678354616 0 26.93126583 649.4644444 0.4255980315 0.39949452755 23.14425472 2.070348394 2.347719837
9926.31134390831 832.18157938092 602.0546726474 0 33.42720567 284.7940741 0.4255982874 0.399498188975 22.12419811 1.773124512 1.041778266
7854.4859290123 803.013120774755 331.2919865962 0 37.93346551 156.7133333 0.4256510433 0.3995793504 21.1548615 1.558009224 1.200621561
6618.32821369171 772.893570772707 211.24967111346 0 38.95092535 99.92888889 0.425651299225 0.3995080118 20.65744488 1.48632297 0.570428053
5521.64871990681 741.880266841908 171.33891703782 0 44.3666252 81.04962963 0.425601555125 0.399461673225 20.17810827 1.314998285 0.866864704
4898.7135887146 710.032247838341 145.79396741602 0 46.14456504 68.96592593 0.425651811025 0.39949033465 19.68093165 1.234372761 2.50138346
4435.69846451283 677.410141616632 210.83626665962 0 45.14322488 99.73333333 0.425677066925 0.399391496075 18.79327504 1.189712124 2.489297557
4316.5695592761 644.076049614637 232.9017288654 0 47.21124472 110.1711111 0.425757322825 0.399420157475 18.39337843 1.116565099 1.773174608
4241.9291138649 610.093428633218 239.7745777308 0 50.00558457 113.4222222 0.42575757875 0.3994488189 18.15332181 1.041653217 1.941049127
3942.43982434273 575.526970035759 249.8340858398 0 53.79840441 118.1807407 0.42565283465 0.399427480325 18.1031852 0.959601649 1.29266036
3712.6896455884 540.442476597555 293.120976218 0 53.64266425 138.657037 0.42567809055 0.399406141725 18.20448858 0.9689811634 1.65483901
3541.85733944178 504.906737239569 298.874188109 0 56.95332409 141.3785185 0.42578334645 0.39943480315 18.33459197 0.9071552008 1.488956672
3532.14643523097 468.987399884901 241.3076192436 0 58.61142394 114.1474074 0.42578360235 0.399438464575 18.44421535 0.8782268692 1.676088949
3422.63643443584 432.752842679983 162.20956888654 0 59.51016378 76.73111111 0.425783858275 0.399442125975 18.43487874 0.8586539765 1.244183936
3120.74200809002 396.272043825971 122.50551703782 0 58.61522362 57.94962963 0.425836614175 0.3993932874 18.38882213 0.8751030676 1.815674486
2874.15845319629 359.614450267702 105.57316 0 59.37676346 49.94 0.425836870075 0.399449448825 18.29196551 0.8537985069 1.695213894
2729.77913171053 322.849845490378 94.70406815128 0 58.19622331 44.79851852 0.425837125975 0.399478110225 18.2093489 0.8740673266 2.051283186
2657.5433537364 286.048216675715 100.75010815128 0 57.33544315 47.65851852 0.4258373819 0.39945677165 18.08257228 0.8849908985 2.161517246
2591.31924435496 249.279621470378 90.08771850834 0 55.03210299 42.61481481 0.4258376378 0.399435433075 17.91499567 0.9229926853 2.396196261
2565.97729772329 212.614054620303 88.64080296218 0 53.86388283 41.93037037 0.4258378937 0.3992865945 17.69125906 0.9337227633 1.656831191
2481.71724379063 176.121314724808 67.71220296218 0 52.21742268 32.03037037 0.4258881496 0.3993677559 17.37224244 0.9477709161 2.826109092
2360.18343642354 139.870871364224 57.54934369744 0 53.48352252 27.22296296 0.4258884055 0.399318917325 17.06946583 0.9051536833 2.409344661
2204.98217269778 103.931732853785 49.45350665962 0 53.39106236 23.39333333 0.425888661425 0.39929757875 16.80756921 0.8920178147 2.132165767
2083.44789594412 68.3723148757571 37.44755258398 0 56.2066822 17.71407407 0.425941417325 0.39932624015 16.5855126 0.8263923927 2.061376908
1981.1523668468 33.2603102399484 22.66834369744 0 59.43614205 10.72296296 0.425914173225 0.399304901575 16.46297598 0.7595086335 2.188876542
1874.04679879546 0 10.36956148109 0 60.09520189 4.905185185 0.425966929125 0.399308563 16.27091937 0.7380852885 1.88234617
1777.76317298412 0 0.729245321616 0 61.83058173 0.344959944 0.42594218505 0.3993122244 16.06774276 0.6968970258 1.800401093
1638.19318637252 0 0 0 61.78124157 0 0.42594244095 0.399340885825 15.90440614 0.6905551591 2.387165037
1611.64843663573 0 0 0 61.71902142 0 0.42594269685 0.39934454725 15.79562953 0.6868848143 2.356751061
1552.63926833868 0 0 0 63.77864126 0 0.42607295275 0.39932320865 15.61037291 0.642265718 2.106931465
1449.14093613625 0 0 0 62.8372211 0 0.42607320865 0.399351870075 15.5219163 0.6552334684 1.991650545
1370.89302018285 0 0 0 63.09532094 0 0.425968464575 0.3992780315 15.47593969 0.6487672586 2.4174462
1328.71746271849 0 0 0 63.13950079 0 0.426073720475 0.399281692925 15.39164307 0.6444955501 2.090728386
1293.75567287207 0 0 0 64.10208063 0 0.426101476375 0.399285354325 15.28286646 0.6232966562 2.060447223
1209.49632301927 0 0 0 62.76754047 0 0.426074232275 0.39926401575 15.17408984 0.6419651326 2.006791126
1193.7730461359 0 0 0 63.77716031 0 0.426075 0.399275 15.08571323 0.6210174629 2.203087439
1133.56107473373 0 0 0 64.35502016 0 0.42605 0.399275 15.06421661 0.6102657849 2.195915585
1080.56380972266 0 0 0 65.83 0 0.4261 0.399275 15.01 0.5829753883 2.685461057
978.268280625343 0 0 0 64.8345 0 0.4261 0.399275 15.029 0.6006938433 2.321423038
1023.86730909348 0 0 0 64.949 0 0.426125 0.399325 14.953 0.5958154314 2.007853623
988.906223326922 0 0 0 65.235 0 0.4261 0.399325 14.8535 0.5871776199 1.591089192
920.277211815119 0 0 0 65.193 0 0.42615 0.3993 14.7775 0.5850134412 2.133228264
882.911458611488 0 0 0 65.4335 0 0.426125 0.399325 14.72 0.57882036 1.721510694
822.699721902609 0 0 0 65.933 0 0.426175 0.399275 14.583 0.5654331539 1.928963224
766.094986349344 0 0 0 66.772 0 0.426175 0.39925 14.411 0.5454103412 1.742760633
749.169610440731 0 0 0 66.978 0 0.42615 0.39925 14.3195 0.5388294853 1.781276147
720.21995857358 0 0 0 68.271 0 0.426125 0.3993 14.091 0.5101234045 1.362519534
681.651402264833 0 0 0 68.7895 0 0.426125 0.3993 13.946 0.4970885749 1.741830948
631.058804690838 0 0 0 70.8835 0 0.426175 0.399325 13.6255 0.4541762519 1.041778266
602.109387516975 0 0 0 71.688 0 0.42615 0.399225 13.4195 0.4357407283 1.290668178
570.755068212748 0 0 0 71.871 0 0.426175 0.399175 13.389 0.4320641702 1.395855376
523.769941180944 0 0 0 72.672 0 0.426175 0.3991 13.1565 0.4134389315 1.081223465
482.796248048544 0 0 0 73.1375 0 0.426225 0.399175 13.061 0.4038679238 1.14603578
445.430260151625 0 0 0 73.0305 0 0.426225 0.399 13.08 0.4059805917 1.131824883
423.69531467557 0 0 0 72.9085 0 0.426275 0.39885 13.0955 0.4082304925 1.183488797
438.032023608684 0 0 0 73.53 0 0.426325 0.39885 12.9695 0.3955923452 1.127840519
392.248995602131 0 0 0 74.701 0 0.42635 0.39875 12.844 0.3749984378 1.410066273
369.311716407538 0 0 0 75.536 0 0.426325 0.3985 12.752 0.3604423663 1.731737227
277.837425470352 0 0 0 75.7385 0 0.42635 0.3985 12.68 0.3557754713 1.910767964
313.817549496889 0 0 0 76.421 0 0.42635 0.398675 12.531 0.342403033 1.565854889
312.52321600914 0 0 0 77.5805 0 0.426375 0.398725 12.3325 0.3213464501 1.057981344
230.668298900127 0 0 0 78.9265 0 0.4264 0.398575 12.146 0.2983691046 0.866864704
194.504644721746 0 0 0 80.174 0 0.426375 0.398525 11.9705 0.2774782751 0.587693629
155.935853719711 0 0 0 79.9105 0 0.426475 0.3984 12.024 0.2821597614 1.214832458
89.7122137248516 0 0 0 80.5665 0 0.42645 0.398325 11.8635 0.2700715275 1.538495593
86.0132128000259 0 0 0 80.6735 0 0.4264 0.398275 11.791 0.2673018638 0.841497589
63.0756989121437 0 0 0 82.2715 0 0.426375 0.3983 11.589 0.2419478983 0.640287228
83.4247805178165 0 0 0 81.94358 0 0.426425 0.398275 12.062 0.2542408884 1.312980614
0 0 0 0 81.009 0 0.426425 0.39825 11.7035 0.2611474918 1.576878295
47.168891876936 0 0 0 79.9335 0 0.426425 0.39825 11.917 0.2798548184 1.350300819
33.8507518172264 0 0 0 79.6245 0 0.426425 0.398275 11.955 0.284877511 0.929552025
0 0 0 0 80.494 0 0.4264 0.39825 11.837 0.2706052548 0.906309904
0 0 0 0 80.7075 0 0.42645 0.398275 11.86 0.2680500838 1.617385992
0 0 0 0 81.0625 0 0.426425 0.398125 11.856 0.2630482453 1.450441158
0 0 0 0 80.414 0 0.426425 0.39785 11.9855 0.2743906145 1.777158972
0 0 0 0 79.8345 0 0.426375 0.39785 12.146 0.2855131885 1.804518268
0 0 0 0 78.671 0 0.4264 0.397875 12.348 0.3060276936 1.929892909
0 0 0 0 78.6405 0 0.426425 0.3978 12.3595 0.3066971216 2.035080108
0 0 0 0 78.347 0 0.4264 0.39755 12.3745 0.311218191 2.587445713
33.5501097142696 0 0 0 77.859 0 0.4264 0.397525 12.4165 0.3191119302 2.38610254
0 1.62852131299707 0 0 77.47 0 0.426375 0.397375 12.4625 0.325701404 2.568187956
41.9335886836052 36.130638584324 8.216413334038 0 76.6955 3.886666667 0.4264 0.397375 12.554 0.3389282617 2.662218936
43.1192591786385 71.1495678894892 23.08174815128 0 76.5505 10.91851852 0.4264 0.3974 12.588 0.3417989825 2.064431586
44.3049296736717 106.618645560819 52.33011258398 0 75.971 24.75407407 0.426375 0.397425 12.741 0.3537780974 2.420500879
45.4908348619938 142.470351023731 104.35017184872 0 74.863105 49.36148148 0.426375 0.3974 12.9364 0.3748563895 1.880353989
46.6765053570271 178.636435331756 164.6727703782 0 74.2855 77.8962963 0.4264 0.39735 13.168 0.3893210366 2.045173829
47.8621758520603 215.048051088832 217.6229896218 0 72.5995 102.9437037 0.4264 0.39735 13.473 0.423185233 2.674437651
77.9052637517452 251.635883510261 200.77675850834 0 71.4745 94.97481481 0.426375 0.39735 13.6865 0.4467271482 1.958314703
168.068557977676 288.330282373501 132.35832296218 0 72.691 62.61037037 0.426375 0.397425 13.5455 0.4237688436 1.667987409
260.636519640684 325.061394607561 270.9521630256 0 71.074 128.1703704 0.4264 0.397425 13.782 0.4558212401 2.427539921
273.846231400967 361.759297268302 342.471131891 0 69.6095 162.0014815 0.426325 0.39735 14.1025 0.4889681321 2.619719058
365.211624652147 398.354130646889 430.5951792436 0 68.847 203.6874074 0.426325 0.397275 14.35 0.5093368812 2.440688321
491.447042673826 434.776231257664 541.8182 0 67.9885 256.3 0.426325 0.397125 14.56 0.5305278081 2.950554048
746.338739991188 470.956264452499 664.5304192436 0 67.47 314.3474074 0.426275 0.397 14.72 0.5447189132 3.234771984
1139.50632512569 506.825356409105 770.3102815128 0 65.8835 364.3851852 0.42645 0.396925 14.9755 0.5807711906 3.328802964
1749.10571426153 542.315225241935 621.2435288654 0 65.975 293.8711111 0.4266 0.396975 15.0175 0.5807818643 3.222553269
2290.16856104136 577.358310986385 958.0648 0 65.689 453.2 0.426625 0.39665 15.1015 0.5888378965 3.879043576
3000.76961517334 611.887904208542 1047.1190073526 0 64.476 495.3259259 0.4266 0.3965 15.5365 0.6269252988 3.469450999
4020.38662880659 645.838272995704 751.224776218 0 64.934 355.357037 0.426575 0.3965 15.5975 0.6212666386 2.773515493
4147.82414585352 679.144788086245 586.345303782 0 66.2575 277.362963 0.426525 0.3965 15.281 0.5858018079 2.686523554
4020.35330235958 711.744045899989 600.8144592436 0 66.124 284.2074074 0.426475 0.396575 15.483 0.5957941959 2.606570658
3901.29926428199 743.573989235712 822.3303407564 0 66.322 388.9925926 0.426475 0.396525 15.54 0.5944805742 2.510547496
4587.85200119019 774.574025405244 1036.6460949166 0 66.894 490.3718519 0.42645 0.396525 15.6165 0.5872556352 4.107613233
5940.53399562836 804.685141579771 1175.2743850834 0 66.6615 555.9481481 0.42645 0.396575 15.685 0.5939801073 3.884090436
6591.01554751396 833.850017128523 1094.0059615128 0 67.1765 517.5051852 0.4264 0.396575 15.624 0.5825242873 3.209404869
6956.52781426907 862.013132736158 1513.5253465962 0 65.5935 715.9533333 0.4264 0.396525 16.2075 0.6338201827 2.927311927
7765.72492718697 889.120876090978 1605.3528088654 0 63.5075 759.3911111 0.4264 0.396475 16.6425 0.6911227807 3.123475428
8422.21838235855 915.121643942915 1127.4572711346 0 62.497 533.3288889 0.426375 0.39645 16.787 0.7168088225 2.769531129
8039.83917832375 939.965940336867 1651.1201258398 0 61.345 781.0407407 0.426375 0.3965 17.081 0.7527286159 2.500453775
8535.21005809307 963.606470834537 1620.6487734038 0 59.6365 766.6266667 0.42635 0.39645 17.5345 0.8088579458 2.543883338
9102.72565484047 985.998232545224 1624.5416650834 0 58.927 768.4681481 0.4262 0.39645 17.615 0.8272663021 3.094123949
9201.30622386932 1007.09859979452 1508.0994134038 0 57.4665 713.3866667 0.4262 0.396475 17.981 0.8766572906 3.233709487
9422.52999544144 1026.86740526732 1587.3869407564 0 57.253 750.8925926 0.4262 0.39645 18.0265 0.8835817825 3.643434876
8992.05462634563 1045.26701647118 1318.794628109 0 57.6115 623.8385185 0.426275 0.3964 17.874 0.8678074586 3.149772227
8578.4133374691 1062.2624073742 1645.9870207564 0 56.3565 778.6125926 0.426275 0.396425 18.454 0.9266421441 2.976850848
8650.54021775723 1077.82122508104 1663.2294311346 0 56.2805 786.7688889 0.426175 0.396325 18.286 0.9185303907 3.304498346
8555.53449690342 1091.91385142038 1636.8576726474 0 54.934 774.2940741 0.426175 0.39635 18.5875 0.9648771204 3.078983367
8179.16625738144 1104.51345932627 1807.5764830256 0 54.301 855.0503704 0.426125 0.3964 18.6865 0.9845086648 2.920140073
8485.76112091541 1115.59606390627 1876.3221969744 0 52.318 887.5696296 0.42615 0.3964 18.82 1.035836568 3.234771984
8845.26148438454 1125.14056809911 1836.9109734038 0 52.0355 868.9266667 0.42615 0.39615 18.797 1.040477322 3.042592847
8799.55449700356 1133.12880283493 1863.282731891 0 51.006 881.4014815 0.42615 0.396125 18.858 1.066867567 3.123475428
8786.31122410297 1139.54556162167 1806.3362696218 0 51.0175 854.4637037 0.426125 0.396 18.904 1.069685261 3.264123462
8932.98701941967 1144.37862949176 1818.9623303782 0 50.5485 860.4362963 0.42615 0.395925 19.0185 1.087671263 3.193334602
9299.7018545866 1147.61880625402 1969.0625941602 0 49.633 931.4392593 0.426075 0.39595 19.327 1.129305119 3.249912565
10036.7551892996 1149.25992400656 1607.9193615128 0 47.8975 760.6051852 0.426025 0.395925 19.224 1.160751238 3.477552538
10722.1055924892 1149.29885887717 2134.355471346 0 46.639 1009.628889 0.426075 0.395975 19.4605 1.206410309 3.779965734
11337.7173542976 1147.73553696917 1294.0764873526 0 47.4135 612.1459259 0.426075 0.395975 19.5715 1.197128112 2.962639951
9627.89037823677 1144.57293450098 1535.1774045384 0 47.867 726.1955556 0.426025 0.3963 19.0335 1.147723355 4.395948345
10384.1829299927 1139.8170721396 1984.2552073526 0 47.8595 938.6259259 0.426025 0.395725 19.224 1.161597811 3.860848315
10814.6235644817 1133.4770035384 1988.044748109 0 47.261 940.4185185 0.425975 0.3956 19.1365 1.168544221 4.500073047
10538.0553603172 1125.56479810131 1788.3876265962 0 47.013 845.9733333 0.42595 0.395625 19.144 1.174588029 3.674778536
9889.947026968 1116.0955180061 1130.8334073526 0 48.6415 534.9259259 0.42625 0.395625 18.7475 1.110661004 2.909116667
9161.27505898476 1105.08718953049 1947.8239407564 0 46.8795 921.3925926 0.42625 0.395325 19.4415 1.199555285 3.863902994
11523.9727646112 1092.56076873573 1483.3640473526 0 47.505 701.6859259 0.42625 0.394525 19.4605 1.186831379 3.551396077
11004.5195370913 1078.54010157296 1077.9004134038 0 49.469 509.8866667 0.42625 0.394625 18.5645 1.080328109 4.125941306
9708.31789076328 1063.0518784883 1473.4078903782 0 49.0915 696.9762963 0.426325 0.3944 18.7855 1.10354721 3.270100008
10090.6632989645 1046.12558361298 1599.6168222692 0 48.9845 756.6777778 0.426275 0.39435 18.8655 1.111407138 3.557372622
10523.5100090504 1027.79343863554 1273.9574711346 0 49.511 602.6288889 0.426325 0.394375 18.507 1.075551051 3.485654078
9436.52522563934 1008.09034146247 1606.38632 0 49.717 759.88 0.426375 0.394425 18.6905 1.0835343 2.954538411
9615.6656742096 987.053799784574 1267.1879734038 0 49.454 599.4266667 0.426325 0.394375 18.6635 1.087363898 3.458294781
9104.62948679924 964.723859675191 1546.4599007564 0 48.4965 731.5325926 0.426325 0.3944 18.557 1.100602839 4.486924647
9442.4873739481 941.143029356214 1147.5590622692 0 48.8395 542.8377778 0.426375 0.394375 18.7515 1.106655784 2.819999734
8920.62900960445 916.356198277303 1608.0227126474 0 48.1455 760.6540741 0.426325 0.394375 18.9075 1.13265178 3.370240346
9211.59330010414 890.410551661918 918.7569273526 0 49.2515 434.6059259 0.426325 0.394275 18.618 1.088617018 3.588716282
8283.32407772541 863.355480683244 1334.607348109 0 49.126 631.3185185 0.426325 0.3943 18.576 1.0884445 3.923535636
8167.87751019001 835.242488440797 1395.6361792436 0 48.077 660.1874074 0.426325 0.39425 18.7515 1.123149466 3.545286719
9163.44644129276 806.125091916657 1180.5969673526 0 49.057 558.4659259 0.426325 0.39425 18.347 1.074396046 3.464404138
8747.40001559258 776.058720098145 1056.9718134038 0 48.748 499.9866667 0.426325 0.394225 18.2325 1.073176749 3.779965734
8235.16125977039 745.100608460721 1099.741948109 0 48.771 520.2185185 0.4264 0.39425 18.122 1.065278576 4.111730409
8141.35810732841 713.309690012091 1182.5434134038 0 48.9085 559.3866667 0.42635 0.39425 18.122 1.06241934 4.214925426
8098.05437922478 680.746483104835 987.0892369744 0 49.404 466.9296296 0.426325 0.394175 18.004 1.044342579 3.659637954
7469.18338537216 647.472976231125 869.2172949166 0 50.102 411.1718519 0.426425 0.394125 17.6875 1.00961815 3.793114134
6720.07244825363 613.552510019102 844.4991541602 0 50.983 399.4792593 0.426375 0.394075 17.649 0.9893881881 3.779965734
6156.13076090813 579.049656654889 808.3779407564 0 51.246 382.3925926 0.4264 0.394075 17.695 0.9869372807 3.316717061
5439.48447704315 544.030096960838 759.6306665962 0 51.891 359.3333333 0.4264 0.394075 17.6875 0.9734201684 3.478482223
4871.93508446217 508.56049536283 694.7950696218 0 52.581 328.6637037 0.4264 0.3941 17.7065 0.9606085513 2.621844052
4500.37805736065 472.708372985491 630.2695258398 0 53.0425 298.1407407 0.4264 0.39405 17.6605 0.9485054495 2.548000514
4295.95363140106 436.541979116571 573.736468109 0 54.324 271.3985185 0.42645 0.394075 17.3325 0.9037142668 3.238756347
4057.86198377609 400.130161285261 503.6471896218 0 54.8885 238.2437037 0.426425 0.39405 17.3175 0.8916996135 2.490360054
3857.04432427883 363.5422342016 443.7379954616 0 55.3005 209.9044444 0.4265 0.394075 17.142 0.8738013916 3.336904504
3581.67868852615 326.847847806781 394.8012445384 0 55.9945 186.7555556 0.42645 0.39405 17.0315 0.854236286 2.243462323
3321.94362580776 290.116854685176 331.60204 0 57.4055 156.86 0.426475 0.394025 16.6575 0.8074563829 2.851343395
3101.88815742731 253.419177090789 273.0191850834 0 58.2255 129.1481481 0.4265 0.3939 16.5125 0.7846449553 2.056330047
2851.7722338438 216.824673841052 224.1857850834 0 59.137 106.0481481 0.4265 0.393925 16.318 0.7580792525 2.200962445
2566.78722426295 180.403007331597 179.74480741602 0 60.342 85.02592593 0.4265 0.39395 16.1085 0.7259616044 2.188876542
2341.92195162177 144.223510924634 136.66461926474 0 61.776 64.64740741 0.4265 0.393925 15.784 0.685352325 2.401243121
2121.86648324132 108.355056964263 100.4400548109 0 63.031 47.51185185 0.426575 0.393875 15.5475 0.6528867746 1.656831191
2010.02668216825 72.8659256689964 65.45570369744 0 64.6365 30.96296296 0.426575 0.39385 15.2845 0.6140819481 1.70437793
1834.45967361331 37.823675151671 39.29064741602 0 66.463 18.58592593 0.426575 0.3939 15.014 0.5723231044 1.474745775
1688.95265087485 3.29501281420405 20.015665184872 0 68.0345 9.468148148 0.426625 0.3938 14.686 0.5340931883 1.348308638
1563.88647481799 0 2.89199337098 0 69.4725 1.36801957 0.42665 0.393925 14.358 0.4993686944 1.350300819
1388.31946626306 0 0 0 70.868 0 0.42665 0.3939 14.072 0.4677933594 0.960895685
1268.06332916021 0 0 0 72.4125 0 0.426675 0.39385 13.82 0.4358039299 1.128770204
1256.02262467146 0 0 0 74.274 0 0.4266 0.3938 13.538 0.3990096068 0.891169322
1134.56321507692 0 0 0 75.441 0 0.426675 0.3938 13.313 0.3753631977 0.753575966
1011.90217584372 0 0 0 76.6615 0 0.42675 0.3936 13.1335 0.3525525318 0.925567661
977.01595723629 0 0 0 77.756 0 0.426775 0.393575 12.9465 0.3319351363 0.952794146
914.474420249462 0 0 0 79.35 0 0.4268 0.39365 12.7025 0.3032628173 0.837513226
823.075465857983 0 0 0 81.516 0 0.426775 0.3935 12.352 0.2652775014 0.829411687
762.938596308231 0 0 0 81.417 0 0.426775 0.3935 12.2985 0.2657616074 0.947747285
666.73007234931 0 0 0 81.7375 0 0.4268 0.39345 12.1685 0.2589529777 0.977098764
649.879798293114 0 0 0 82.931 0 0.426875 0.3934 11.9705 0.238892196 0.945755103
614.993579685688 0 0 0 83.9115 0 0.426875 0.3932 11.837 0.2231945372 1.091449998
524.796959012747 0 0 0 83.9835 0 0.4269 0.3932 11.749 0.2209080051 1.094371865
574.078559875488 0 0 0 85.8485 0 0.4268 0.39315 11.4935 0.1919143698 1.430253715
563.240189105272 0 0 0 85.578 0 0.42685 0.393175 11.574 0.196627549 1.413120952
522.342067211866 0 0 0 85.5665 0 0.4269 0.392925 11.5355 0.1962836345 1.191590337
475.431807339191 0 0 0 86.6685 0 0.426875 0.39285 11.3755 0.1793864308 1.206730918
435.735784471035 0 0 0 86.844 0 0.42695 0.392875 11.3375 0.1765796387 1.328121195
379.206620156765 0 0 0 87.3435 0 0.426925 0.392875 11.2075 0.1684169748 1.328121195
422.476317733526 0 0 0 88.5105 0 0.426975 0.392875 11.082 0.1516193907 1.433308394
331.077128648758 0 0 0 87.828 0 0.426975 0.392875 11.242 0.1623410319 1.19052784
323.845993727446 0 0 0 86.9625 0 0.426975 0.392725 11.387 0.1755641547 1.113629622
309.400621801615 0 0 0 86.9355 0 0.427 0.3926 11.3985 0.1760618444 1.199691876
262.49036192894 0 0 0 86.951 0 0.4271 0.3926 11.4325 0.1762495007 1.118676483
274.497505277395 0 0 0 86.924 0 0.42705 0.3926 11.444 0.1767487622 1.214832458
240.813620388508 0 0 0 87.3285 0 0.427 0.39265 11.3945 0.1707203847 1.223863682
232.380386441946 0 0 0 87.9575 0 0.427 0.3926 11.3795 0.162084821 1.136871743
241.982862353325 0 0 0 87.9005 0 0.427 0.392525 11.4595 0.163717352 1.103535901
192.667700350284 0 0 0 88.4725 0 0.427025 0.392125 11.4365 0.1557402477 1.081223465
183.031897991896 0 0 0 89.0215 0 0.427025 0.39205 11.421 0.1481708715 1.199691876
184.217568486929 0 0 0 88.4725 0 0.427 0.392 11.486 0.1562516084 1.115621804
133.70007276535 0 0 0 88.175 0 0.426975 0.392025 11.509 0.160528375 1.006450242
170.957632362843 0 0 0 87.9235 0 0.427 0.391975 11.585 0.1647691962 0.998348703
114.428233355284 0 0 0 87.2255 0 0.427075 0.391975 11.6805 0.1753968035 1.006450242
116.816472262144 0 0 0 87.374 0 0.4271 0.391825 11.6045 0.1724888183 0.911356764
63.8943091034889 0 0 0 87.977 0 0.427 0.3917 11.5395 0.1635461226 0.891169322
56.6631741821766 0 0 0 88.488 0 0.4272 0.391775 11.463 0.1558040454 0.925567661
26.5865251421928 0 0 0 88.9645 0 0.4273 0.391825 11.3795 0.1485312055 1.16423104
49.4151413440704 0 0 0 89.956 0 0.4273 0.391775 11.1235 0.1329098972 1.037793902
57.815283536911 0 0 0 91.0085 0 0.427275 0.391725 11.036 0.1182928521 1.233957403
36.1554399132729 0 0 0 89.3115 0 0.42725 0.39175 11.223 0.142375633 1.314972796
16.9002637267113 0 0 0 90.063 0 0.427325 0.391725 11.055 0.1308970687 1.38164448
0 0 0 0 91.455 0 0.427275 0.391425 10.9065 0.1114549202 1.313910299
20.4741731286049 0 0 0 90.963 0 0.42725 0.3912 11.0015 0.1186191661 1.181363803
30.0766490399837 0 0 0 89.407 0 0.427275 0.391175 11.196 0.1408509486 1.286683814
0 0 0 0 87.5155 0 0.42725 0.391175 11.3905 0.1681564002 1.255207342
4.18340787291527 0 0 0 86.501 0 0.427275 0.39115 11.4785 0.1828838253 1.161176361
19.1882885992527 0 0 0 87.2255 0 0.4273 0.391175 11.3715 0.1718459733 1.01760646
1.72851607203484 0 0 0 86.8975 0 0.427275 0.3912 11.3985 0.1765739459 1.184418482
0 0 0 0 86.7145 0 0.427275 0.39095 11.421 0.1793072016 1.015481466
2.88086012005806 0 0 0 85.6085 0 0.42725 0.390925 11.5125 0.1954147507 0.958903503
0 0 0 0 84.285 0 0.4272 0.390925 11.589 0.2144688621 1.204738736
0 0 0 0 85.2955 0 0.42725 0.39095 11.4175 0.1984126674 0.918395807
0 6.43342363630679 0 0 86.39 0 0.427275 0.390975 11.265 0.1817971527 1.107520265
0 40.8712800803826 9.95615703782 0 87.6905 4.70962963 0.427325 0.390975 11.1235 0.1628887275 1.113629622
0 75.8247706966481 19.188856296218 0 90.486 9.077037037 0.427275 0.390975 10.876 0.1238423265 1.027700181
0 111.22735727153 49.45350665962 0 90.486 23.39333333 0.4273 0.390975 10.9405 0.1243748062 0.998348703
0 147.011646699055 107.62295703782 0 89.342 50.90962963 0.4273 0.39085 11.1465 0.1412503587 1.071129744
0 183.109519271951 144.77768149166 0 87.523 68.48518519 0.427275 0.3907 11.4515 0.1687358524 1.025707999
0 219.452258355785 187.65116741602 0 85.1545 88.76592593 0.4273 0.3905 11.7795 0.2051699353 0.839505408
0 255.970681199519 212.886063782 0 82.1645 100.702963 0.427275 0.3905 12.3365 0.2557096457 0.612927932
0 292.595270633118 315.2897896218 0 81.3025 149.1437037 0.427275 0.390525 12.588 0.2725340188 1.000340884
0 329.256307401917 214.5396815128 0 80.639 101.4851852 0.42725 0.3905 12.596 0.2823533654 1.032747042
0 365.884002885487 155.02666665962 0 80.761 73.33333333 0.4272 0.39045 12.596 0.2805741644 0.995294024
0 402.408631948462 149.89356149166 0 79.9105 70.90518519 0.427225 0.39045 12.6075 0.2931987017 1.098489041
48.7971939146519 438.760665670625 199.45041926474 0 80.2005 94.34740741 0.42725 0.390475 12.6265 0.2893267186 1.191590337
15.7063789665699 474.870903703304 280.7016177308 0 80.4295 132.7822222 0.4273 0.3905 12.741 0.2881357632 0.854645989
53.5570085048676 510.670606000228 412.9565896218 0 79.392 195.3437037 0.427175 0.3903 13.1105 0.310837925 0.937653564
72.1688903868198 546.091623672133 538.7521169744 0 78.3925 254.8496296 0.42725 0.39015 13.4615 0.3334656201 1.163168543
215.830519795418 581.066528715977 781.3860754616 0 74.72 369.6244444 0.427175 0.390075 14.289 0.4116873963 1.278582275
506.184842437506 615.528742371742 850.2351407564 0 68.965 402.1925926 0.4272 0.390025 15.2195 0.536672222 1.694284209
1236.61701008677 649.412661862694 765.4872296218 0 67.3175 362.1037037 0.4272 0.390125 15.029 0.5582794652 2.383047861
2170.25460675359 682.653785277508 1004.9517541602 0 64.812 475.3792593 0.4271 0.39015 15.4525 0.6176594995 2.434711776
3303.49016189575 715.188834356908 1021.5740577308 0 63.969 483.2422222 0.427075 0.390175 15.895 0.6506343575 2.254618541
3962.98065036535 746.955874950654 1079.330103782 0 63.4695 510.562963 0.427225 0.390125 15.933 0.6612582246 2.353696383
4422.87341505289 777.894434916161 1133.8133645384 0 61.9475 536.3355556 0.427075 0.39015 16.5165 0.7149170047 2.235360784
5146.09064161777 807.945619233515 1195.1694741602 0 60.674 565.3592593 0.42705 0.390075 16.8215 0.7533001423 2.183829682
5795.96199095249 837.052222118651 1315.6079688654 0 58.3665 622.3311111 0.42705 0.389925 17.142 0.813866156 2.557031738
6918.37607324123 865.158835920528 1327.5277969744 0 56.826 627.9696296 0.426975 0.38995 17.2335 0.84888102 2.898890133
7724.5597243309 892.211956595434 1372.8644845384 0 55.4755 649.4155556 0.427 0.39 17.142 0.8703804307 3.273154686
8113.51127922535 918.16008555746 1420.1648430256 0 54.6175 671.7903704 0.4269 0.389925 17.5765 0.9118485437 2.789718571
8177.81442403793 942.953827711347 1493.4235554616 0 54.0305 706.4444444 0.426875 0.389975 17.939 0.9449771299 2.34665734
8344.32180225849 966.545985481072 1558.9653850834 0 53.912 737.4481481 0.426875 0.389875 17.817 0.9401667054 2.925186933
8881.1676800251 988.891648655102 1245.8459688654 0 53.3895 589.3311111 0.42685 0.389775 18.1715 0.9722572012 2.80592165
8249.28134679794 1009.94827987741 1395.532828109 0 54.1335 660.1385185 0.4268 0.389675 18.0265 0.9480619419 2.144384482
8248.65612387657 1029.67579562139 1086.5130058398 0 52.7185 513.9607407 0.426775 0.3896 18.3355 0.9964555949 2.407352479
8042.41892695427 1048.03664249267 1341.6868992436 0 53.2905 634.6674074 0.42675 0.389525 18.6295 1.002696772 1.77516679
8063.43524158001 1064.99586871551 1386.9202354616 0 52.619 656.0644444 0.42675 0.38955 18.557 1.012507171 3.278201547
9515.30706882477 1080.52119066651 1236.819971891 0 53.363 585.0614815 0.42675 0.3899 18.2785 0.9793650621 2.980835211
8868.99273097515 1094.58305432944 927.3867450834 0 53.5305 438.6881481 0.426775 0.39025 18.3395 0.9795884123 3.005139829
7965.36536514759 1107.15469155369 820.4872458398 0 54.6175 388.1207407 0.426775 0.3901 17.9275 0.9322357455 3.30157648
7476.5649586916 1118.21217100961 962.371096218 0 55.2545 455.237037 0.4267 0.390075 18.0685 0.9273355324 2.055400362
7894.37346160412 1127.73444374362 1530.1476503782 0 53.317 723.8162963 0.4267 0.390075 18.332 0.9836263172 3.335842007
9702.15484499931 1135.70338324626 1158.5487303782 0 53.4925 548.0362963 0.426725 0.39005 18.179 0.9705656467 3.858856133
8657.84668922424 1142.10381995721 1684.4680845384 0 52.333 796.8155556 0.42665 0.390025 18.507 1.015434886 2.70883599
8505.71849942207 1146.9235701412 1956.0403541602 0 52.0585 925.2792593 0.426725 0.3898 18.8275 1.041961981 3.392552782
9370.81861495972 1150.15345908023 1633.6710134038 0 52.0815 772.7866667 0.42665 0.38975 18.9685 1.050670809 2.788656074
9490.43333530426 1151.78733853766 968.417136218 0 53.809 458.097037 0.42665 0.38975 18.9265 1.010142007 2.60351598
8446.12424075603 1151.82209846115 1663.2294311346 0 52.5925 786.7688889 0.42665 0.3898 19.026 1.043201981 3.215514226
9777.75518596172 1150.25767290193 1814.9660873526 0 50.4185 858.5459259 0.4266 0.3898 19.3385 1.112488781 3.322693607
10652.475848794 1147.09704013944 1624.9550696218 0 49.679 768.6637037 0.426625 0.38975 19.6895 1.153976496 3.126530106
9964.07724916935 1142.34621701083 1984.2552073526 0 47.36 938.6259259 0.426625 0.3897 19.884 1.221802539 3.428943303
10395.1121270657 1136.01424745625 1748.3907465962 0 47.337 827.0533333 0.426625 0.3897 20.1585 1.243279962 2.661289252
10352.4026423693 1128.11318530176 1915.3027911346 0 46.9635 906.0088889 0.42655 0.3897 20.0135 1.240917041 3.667606681
11029.9293100834 1118.65807131252 1906.483496218 0 46.044 901.837037 0.42655 0.389725 20.105 1.269598235 3.043522532
11185.6145113707 1107.66690456012 1803.5630149166 0 45.9185 853.1518519 0.42655 0.3897 20.6965 1.319858132 2.216235839
10592.2056734562 1095.16060815835 1641.0606177308 0 45.4225 776.2822222 0.42655 0.3897 20.536 1.318857937 2.880694873
10586.7701768875 1081.16298943288 1893.7540845384 0 45.0375 895.8155556 0.426525 0.389725 20.399 1.316986185 3.655520778
11724.8148322105 1065.70069460036 1516.2986015128 0 45.499 717.2651852 0.426525 0.389625 20.7955 1.338224746 2.436703957
11050.8451759815 1048.80315804354 1509.3224015128 0 45.93 713.9651852 0.426525 0.3896 20.803 1.328254609 2.732078111
9806.93882703781 1030.50254627885 1388.2638 0 46.742 656.7 0.426525 0.3896 20.376 1.274333619 2.352766698
9968.63687038422 1010.83369672293 1784.0813303782 0 44.9345 843.9362963 0.426525 0.389625 20.8415 1.35591656 3.032499126
11291.8517142534 989.834051374972 874.3331749166 0 45.6665 413.5918519 0.4265 0.38985 20.441 1.30529248 2.693562597
9191.8368190527 967.543585540976 582.2457096218 0 47.8635 275.4237037 0.426475 0.3899 19.8995 1.211278629 3.220561087
7511.460095644 944.004731735474 637.1251496218 0 49.6635 301.3837037 0.426525 0.389925 19.56 1.145088824 2.949491551
7046.70824110508 919.262298905948 435.3321050834 0 50.777 205.9281481 0.426575 0.3899 19.579 1.12108033 3.329865461
6515.82310348749 893.363387133295 986.4863554616 0 52.3105 466.6444444 0.426525 0.389875 19.388 1.07333693 2.904999491
8300.75991153717 866.357297970883 804.5711749166 0 50.613 380.5918519 0.42655 0.38975 19.6705 1.131223176 2.778562353
9187.50250339508 838.295440593144 681.3422 0 51.4025 322.3 0.4267 0.389925 19.415 1.095611202 3.00208515
8020.5502063036 809.231233931826 826.2232326474 0 52.1465 390.8340741 0.426575 0.390125 19.705 1.098446927 1.723635688
7369.42653357983 779.220004986729 1289.7701911346 0 49.9955 610.1088889 0.426525 0.39015 20.2425 1.186662158 2.814023189
8123.90631437302 748.318883504097 1148.28252 0 49.3395 543.18 0.4266 0.3902 20.4065 1.214465567 2.360868237
8048.73123764992 716.586693223444 1099.8625245384 0 47.978 520.2755556 0.42655 0.3902 20.5245 1.256213738 2.484250696
7911.03199124336 684.083839899683 1040.4528607564 0 47.5165 492.1725926 0.426575 0.390225 20.5895 1.272445365 2.704718815
7627.84168124199 650.872196313728 1000.6282326474 0 46.0135 473.3340741 0.426575 0.390225 20.9785 1.34058891 2.458883581
7372.30762839317 617.014984490697 841.2952696218 0 46.8795 397.9637037 0.426525 0.3902 20.544 1.284282895 3.150834724
6537.21633553505 582.576655349354 800.988336218 0 48.798 378.897037 0.426575 0.3902 20.5475 1.238166822 2.177720324
5747.81654030085 547.622766012635 633.6456622692 0 49.343 299.7377778 0.42655 0.390175 20.418 1.215243672 1.899611746
5153.20513397455 512.219855012335 336.0978134038 0 49.942 158.9866667 0.42655 0.39015 20.1245 1.179298677 1.922853867
4588.65371346474 476.435315625447 514.2234534038 0 50.5255 243.2466667 0.42655 0.390375 20.006 1.157038202 2.230313924
4331.91709220409 440.337267583848 602.0546726474 0 49.7475 284.7940741 0.42655 0.3904 20.105 1.18245395 2.747218693
4292.81343519688 403.994427400695 488.8852058398 0 49.9535 231.2607407 0.4266 0.3904 20.067 1.174841825 1.952205345
4204.41245287657 367.475977561177 445.2710369744 0 49.965 210.6296296 0.42665 0.390375 20.006 1.170146367 2.014892666
3995.77105790377 330.85143482613 392.648096218 0 49.7895 185.737037 0.42665 0.390425 19.93 1.168738112 2.325407401
3692.14037060738 294.190517899515 316.9261822692 0 50.2965 149.9177778 0.4266 0.3904 19.762 1.144953525 2.218228021
3502.73748859763 257.563014711334 283.8882769744 0 51.437 134.2896296 0.426675 0.3904 19.7505 1.117883773 1.744885627
3223.15488383174 221.038649568962 207.04672592436 0 52.2265 97.94074074 0.4267 0.3904 19.472 1.080857853 2.161517246
3036.15666925907 184.686950429631 108.03636149166 0 53.519 51.10518519 0.426575 0.390325 19.007 1.021602874 1.433308394
2763.78853619099 148.57711654672 104.84970222692 0 54.511 49.59777778 0.4265 0.3904 18.656 0.9781169079 1.637573434
2532.30162709951 112.777886741792 105.15975554616 0 54.6175 49.74444444 0.4266 0.3904 18.6485 0.9753692073 1.439417752
2347.7085493505 77.3574085533271 67.60885184872 0 56.593 31.98148148 0.426575 0.39035 18.324 0.9141411654 1.140988919
2195.57989016175 42.3831085107236 37.03414815128 0 58.931 17.51851852 0.42665 0.390325 17.874 0.8407937181 0.907372401
2024.21342208982 7.92156378130789 17.638589630256 0 61.1355 8.343703704 0.42665 0.390275 17.4395 0.7741622688 0.995294024
1873.28709661961 0 6.459444445384 0 62.6535 3.055555556 0.426725 0.39025 17.1685 0.7312879115 1.102473404
1789.69544917345 0 0 0 64.2665 0 0.426675 0.3902 16.871 0.6866379069 1.31590248
1620.73294445872 0 0 0 65.5935 0 0.426675 0.390175 16.673 0.6528805737 1.250160481
1535.93919798732 0 0 0 67.6415 0 0.42665 0.39015 16.421 0.6042567771 1.39983974
1425.89480057359 0 0 0 69.678 0 0.4267 0.39015 16.139 0.5561422582 1.358402359
1330.27864247561 0 0 0 71.4095 0 0.42675 0.390175 15.891 0.5161445888 1.390808516
1237.06785589457 0 0 0 72.859 0 0.4267 0.390175 15.7575 0.4858108285 1.612339131
1166.7025834322 0 0 0 73.6485 0 0.426775 0.390125 15.6585 0.4686991842 1.415113134
1042.22900792956 0 0 0 75.8565 0 0.42675 0.390175 15.2505 0.4183335713 1.082285962
1001.92372128367 0 0 0 76.4975 0 0.42675 0.39015 15.2005 0.4059205958 1.029692363
919.534407556057 0 0 0 77.981 0 0.42675 0.39015 14.9835 0.3750264471 1.129832701
862.395510077477 0 0 0 79.8765 0 0.4268 0.39015 14.6665 0.335809091 1.228910542
795.637473464012 0 0 0 80.6695 0 0.426775 0.3901 14.5675 0.3205203707 1.166223222
718.057494610548 0 0 0 81.1425 0 0.42685 0.3901 14.4415 0.3101415332 1.277519778
699.395153671503 0 0 0 81.8365 0 0.42695 0.390075 14.3005 0.2960147663 1.460534879
660.292435437441 0 0 0 82.4125 0 0.42705 0.39 14.209 0.284934149 1.479792636
606.760304421186 0 0 0 83.6975 0 0.427125 0.389775 13.988 0.2603581788 1.272472917
556.835878640413 0 0 0 84.983 0 0.427175 0.3898 13.8165 0.2371718802 1.36849608
545.388009399176 0 0 0 85.109 0 0.4273 0.3898 13.7285 0.2338402972 1.344324274
489.451445639134 0 0 0 86.7105 0 0.42725 0.389925 13.458 0.205048276 1.241129257
432.312548160553 0 0 0 86.333 0 0.427275 0.38985 13.511 0.2116023447 1.472753594
407.638069242239 0 0 0 88.133 0 0.427325 0.3898 13.164 0.1796210574 1.792299553
437.071893364191 0 0 0 89.1135 0 0.427325 0.3898 13.0955 0.1640441192 1.492011351
402.778510004282 0 0 0 89.914 0 0.4274 0.389825 12.985 0.1508875137 1.728682548
348.044279962778 0 0 0 89.8 0 0.427475 0.389825 12.962 0.1523635185 1.330113377
283.69091078639 0 0 0 90.9555 0 0.4274 0.3898 12.718 0.132961227 1.057981344
341.982387006283 0 0 0 92.1185 0 0.427375 0.389825 12.474 0.1140237712 0.922512982
284.843254834414 0 0 0 93.804 0 0.4275 0.38975 12.226 0.0881893344 1.152145137
257.764343172312 0 0 0 94.853 0 0.427475 0.38945 12.1115 0.072708372 0.99130966
257.137946784496 0 0 0 95.505 0 0.4275 0.38945 12.0505 0.0632432644 1.409003776
222.844563424587 0 0 0 96.119 0 0.42745 0.389475 11.898 0.0540580419999999 1.023583005
193.36074963212 0 0 0 97.183 0 0.42745 0.3896 11.8255 0.0390503643999999 1.303816578
209.567964076996 0 0 0 98.0755 0 0.4274 0.389525 11.73 0.026510415 1.330113377
201.727565377951 0 0 0 98.499 0 0.4276 0.389525 11.7605 0.0207183178999999 1.287613499
148.195669054985 0 0 0 98.6705 0 0.427625 0.389575 11.688 0.0182633912 1.163168543
123.52142482996 0 0 0 99.3115 0 0.427825 0.389525 11.608 0.0094080507 1.045895441
168.586291372776 0 0 0 100 0 0.42775 0.389375 11.5625 0 1.174324761
113.852061331272 0 0 0 100 0 0.427775 0.38935 11.4975 0 1.32905088
78.3563442528248 0 0 0 100 0 0.427775 0.38905 11.524 0 1.459605194
110.194835811853 0 0 0 100 0 0.427775 0.388925 11.532 0 1.545534635
48.2461340725422 0 0 0 100 0 0.4278 0.3889 11.4595 0 1.390808516
83.6920961737633 0 0 0 99.376 0 0.4278 0.3889 11.5435 0.0084903767 1.449511473
46.9938106834888 0 0 0 98.3655 0 0.427825 0.388875 11.589 0.0223066723 1.176316943
0 0 0 0 98.255 0 0.427775 0.3887 11.547 0.023748621 1.060106338
0 0 0 0 98.804 0 0.42785 0.3887 11.368 0.0160851788 1.074184423
30.6861475110054 0 0 0 100 0 0.4279 0.388675 11.299 0 1.105528083
0 0 0 0 99.3535 0 0.427875 0.3887 11.3105 0.008661795 1.057981344
21.1923345923424 0 0 0 99.2655 0 0.427825 0.3887 11.318 0.0098457120999999 1.118676483
0 0 0 0 98.8155 0 0.42785 0.38865 11.299 0.0158578125 1.332105559
0 0 0 0 97.969 0 0.42785 0.3887 11.3985 0.0273704777 1.689237349
0 0 0 0 96.6835 0 0.427825 0.3887 11.4325 0.044795116 1.423214673
0 0 0 0 97.0385 0 0.42785 0.38855 11.2495 0.0395179286 1.244183936
5.71126118302345 0 0 0 98.5755 0 0.427825 0.3884 10.9675 0.0186556948 0.910294267
0 0 0 0 99.5135 0 0.427875 0.388175 10.975 0.006374533 1.16423104
0 11.0510787343488 0 0 98.514 0 0.427875 0.38815 11.093 0.0196240998 1.334097741
0 45.4238235173169 31.07491347296 0 96.634 14.69958064 0.4279 0.388125 11.307 0.0450871413 1.295715038
0 80.3112070091687 94.58349184872 0 95.12 44.74148148 0.4278 0.388025 11.49 0.0661643734 1.499050393
0 115.646817718902 123.93520741602 0 92.5685 58.62592593 0.42785 0.388 11.8215 0.1029911765 1.758963711
0 151.363390928232 170.11592888654 0 91.7945 80.47111111 0.42785 0.3879 11.9475 0.1146674319 1.592151689
0 187.392936736482 173.80211850834 0 90.5585 82.21481481 0.42785 0.3879 12.119 0.1334399352 2.151423525
0 223.666869485866 154.01038073526 0 89.403 72.85259259 0.427875 0.387925 12.2335 0.1509044219 1.663870234
0 260.116138321033 153.26969777308 0 88.938 72.50222222 0.427825 0.387925 12.329 0.1585189828 1.789377687
0 296.671358633847 108.65646815128 0 88.9455 51.39851852 0.4278 0.3879 12.31 0.15821368 1.579003289
0 333.262944143659 102.19702369744 0 89.2275 48.34296296 0.4278 0.3879 12.241 0.1534793309 1.604237592
0 369.821239361211 124.03855850834 0 90.433 58.67481481 0.4278 0.387875 12.2105 0.1360308293 1.488956672
0 406.276652184496 164.56941926474 0 91.165 77.84740741 0.427775 0.387875 12.2945 0.126319005 1.089325005
0 442.559786373592 184.46450815128 0 90.509 87.25851852 0.42775 0.387875 12.516 0.1376881137 1.103535901
0 478.601573652798 184.36115703782 0 89.605 87.20962963 0.4278 0.3878 12.733 0.1529649741 1.157191998
0 514.333405188465 215.6593184872 0 89.327 102.0148148 0.427775 0.38765 12.9695 0.1595072573 1.407011594
0 549.687262191933 175.43851111346 0 88.8465 82.98888889 0.427775 0.387575 13.168 0.168865511 1.264371378
0 584.595845399465 119.42220888654 0 87.9235 56.49111111 0.427725 0.38735 13.3625 0.185175913 1.446456794
0 618.992703182297 114.08240149166 0 89.1055 53.96518519 0.427775 0.387325 13.3205 0.1665945672 1.372613256
0 652.812358043083 121.67870815128 0 89.2355 57.55851852 0.427775 0.38725 13.332 0.1647302027 1.223863682
0 685.990431258059 110.29286073526 0.2 92.13 52.17259259 0.42775 0.387225 13.164 0.1191217428 0.876958425
0 718.463765427422 95.10024741602 0.2 94.521 44.98592593 0.4277 0.38725 13.0385 0.0822536754 1.052004799
0 750.170544700775 115.52931703782 0.4 97.1945 54.64962963 0.4277 0.38725 12.939 0.0418444107999999 0.959966
0 781.050412448816 117.76859111346 0.4 99.3265 55.70888889 0.427575 0.387225 12.878 0.0100053121 0.712138585
0 811.044586157164 131.73821630256 0.2 100 62.31703704 0.427625 0.387275 12.855 0 0.679732428
0 840.095969323729 184.27503111346 0 100 87.16888889 0.4276 0.3873 13.008 0 0.772833724
0 868.149260146438 265.9396341602 0 100 125.7992593 0.4276 0.387275 13.2025 0 1.018536145
0 895.151056794745 274.0354711346 0.2 100 129.6288889 0.42755 0.3873 13.412 0 1.255207342
0 921.049959064074 283.8882769744 0 100 134.2896296 0.42755 0.387275 13.599 0 1.204738736
0 945.796666220159 217.0890088654 0 100 102.6911111 0.427575 0.38725 13.641 0 1.047887623
0 969.344070846743 263.8898369744 0.2 99.4065 124.8296296 0.427625 0.387275 13.614 0.0092508341999999 1.906650788
0 991.647348518006 266.95592 0.2 100 126.28 0.427775 0.38725 13.6525 0 1.1955747
0 1012.66404312515 177.28160592436 0 100 83.86074074 0.4278 0.387275 13.572 0 1.483909812
0 1032.35414769465 244.3909273526 0.2 100 115.6059259 0.427825 0.387275 13.4995 0 1.407011594
0 1050.68018054424 323.0755734038 0 100 152.8266667 0.427875 0.387275 13.5685 0 1.594143871
0 1067.60725663187 372.9424845384 0 100 176.4155556 0.427825 0.387275 13.717 0 1.78021365
0 1083.10315396159 417.469588109 0 100 197.4785185 0.427825 0.3873 13.8965 0 2.432586782
0 1097.13837492015 435.8316354616 0.2 100 206.1644444 0.42775 0.387425 13.9805 0 1.927900727
0 1109.6862024274 579.4724549166 0 99.2505 274.1118519 0.4278 0.387425 14.1365 0.012085695 1.83280725
0 1120.72275079373 583.9854534038 0 99.1815 276.2466667 0.4278 0.3874 14.331 0.013365645 1.798408911
0 1130.22701118766 508.4874665962 0 97.3855 240.5333333 0.42775 0.3874 14.4035 0.0428940575 2.423555558
0 1138.18089162708 442.1016030256 0.2 96.886 209.1303704 0.42775 0.387425 14.339 0.0508762043 2.311196504
0 1144.56925141798 411.2168458398 0.2 97.6255 194.5207407 0.4277 0.3874 14.2205 0.0384978173 1.872252449
0 1149.37992997512 446.7179526474 0 100 211.3140741 0.4277 0.387475 14.2855 0 1.217887136
0 1152.60376996982 532.172096218 0.2 100 251.737037 0.42775 0.387475 14.472 0 1.022653321
0 1154.23463476076 470.0064030256 0 100 222.3303704 0.427675 0.3874 14.541 0 1.457613012
0 1154.26942007466 621.4330058398 0.2 100 293.9607407 0.427675 0.387425 14.564 0 1.547526817
0 1152.70805991452 710.0738088654 0.2 100 335.8911111 0.4277 0.3874 14.5905 0 2.528742756
0 1149.55352668429 667.3898 0.2 100 315.7 0.42775 0.387425 14.7125 0 1.998689587
0 1144.8118255297 608.4107658398 0 99.5515 287.8007407 0.4277 0.387425 14.7925 0.0075453918999999 2.243462323
0 1138.49198290592 513.2071673526 0 99.418 242.7659259 0.427625 0.3874 14.8385 0.0098204264 1.682065494
0 1130.60602939398 424.6524903782 0 98.415 200.8762963 0.427575 0.387425 14.7695 0.0266259089 2.424485242
0 1121.16897679855 376.6458992436 0 98.991 178.1674074 0.427675 0.387475 14.766 0.016946043 1.85100251
0 1110.19878957077 389.3580858398 0 100 184.1807407 0.427725 0.387475 14.7775 0 2.044244144
0 1097.71635061037 374.1826977308 0 98.1635 177.0022222 0.427625 0.387575 14.8 0.0309115171 2.431657097
0 1083.74542151241 322.5760430256 0 98.3235 152.5903704 0.427675 0.387425 14.907 0.0284137173 1.474745775
0 1068.31259733408 259.8763688654 0 99.3115 122.9311111 0.427675 0.387575 14.945 0.0116974585 1.326129014
0 1051.44725596787 247.88764 0 99.2615 117.26 0.427675 0.387625 14.8995 0.0125102256 1.305808759
0 1033.18150221741 297.0310934038 0 98.3885 140.5066667 0.42765 0.38765 14.9335 0.0273587464999999 1.229973039
0 1013.55010668229 323.5923288654 0 96.329 153.0711111 0.4277 0.387625 15.025 0.0626915425 1.497058212
0 992.590439568528 295.9975822692 0 95.6805 140.0177778 0.42765 0.38765 15.113 0.0741851728 1.613268816
0 970.342399550331 260.3931245384 0 95.1655 123.1755556 0.42765 0.38785 15.216 0.0835817083 1.527339375
0 946.848337818844 356.2168296218 0 94.521 168.5037037 0.427625 0.387725 15.2845 0.0951420248 1.468636418
0 922.152977462293 493.8116088654 0 91.9545 233.5911111 0.427625 0.387925 15.681 0.1433070811 1.363449219
0 896.303328331107 483.5453984872 0 90.8295 228.7348148 0.427625 0.387975 16.013 0.1668507132 1.079231283
0 869.348597550022 468.8695407564 0 88.938 221.7925926 0.42765 0.38795 16.234 0.2041235075 1.410995958
0 841.340095847439 353.4608 0 87.191 167.2 0.42765 0.38795 16.284 0.2371148234 2.056330047
0 812.331139880569 265.216176218 0.2 87.9045 125.457037 0.42765 0.387875 15.7765 0.2167670069 2.458883581
0 782.376950742121 237.7247807564 0 93.32 112.4525926 0.42765 0.387925 15.361 0.1165684355 1.269418239
0 751.534548841707 186.9277096218 0.2 96.558 88.4237037 0.4276 0.3879 14.9795 0.0586088658 1.61034695
0 719.862645362273 140.14410665962 0.2 98.1975 66.29333333 0.4276 0.387975 14.6745 0.0300945922 1.821651032
0 687.421530497918 116.44225184872 0 100 55.08148148 0.427625 0.38815 14.495 0 1.394792879
0 654.272958686073 134.30476888654 0.2 100 63.53111111 0.42765 0.388175 14.3695 0 1.296777535
0 620.48003105237 119.62891111346 0 100 56.58888889 0.42765 0.388175 14.358 0 1.369558577
0 586.107075292074 86.17760149166 0.4 100 40.76518519 0.427625 0.3882 14.3885 0 1.549651811
0 551.219523216681 89.2609096218 0 100 42.2237037 0.427625 0.388175 14.373 0 0.908302086
0 515.883786198682 77.46165777308 0.2 100 36.64222222 0.42765 0.38815 14.3235 0 0.688763652
0 480.167128751871 81.66460296218 0 100 38.63037037 0.427625 0.388175 14.3465 0 0.41981911
0 444.137540487573 88.24462369744 0.2 100 41.74296296 0.427675 0.388225 14.3885 0 0.556349969
0 407.863606690717 89.88101630256 0 100 42.51703704 0.427625 0.38835 14.3885 0 0.556349969
0 371.414377761987 88.74415407564 0.2 100 41.97925926 0.427675 0.3884 14.453 0 0.456209631
0 334.859237774576 71.39839258398 0.2 100 33.77407407 0.4277 0.388275 14.4495 0 0.570428053
0 298.26777239605 33.34795850834 0.2 100 15.77481481 0.427725 0.388325 14.377 0 1.184418482
0 261.709636426353 27.09521630256 0.2 100 12.81703704 0.4277 0.3884 14.297 0 1.492941036
0 225.254421204106 27.18134222692 0 100 12.85777778 0.42775 0.3884 14.236 0 0.862747529
0 188.971522134234 26.66458665962 0 100 12.61333333 0.427725 0.388425 14.247 0 1.254277657
0 152.930006588091 24.42531258398 0 100 11.55407407 0.427675 0.38845 14.232 0 0.987192485
0 117.198482428446 21.23865334038 0 100 10.04666667 0.4277 0.3884 14.228 0 0.935661382
0 81.8449674090707 19.705611850834 0 100 9.321481481 0.42765 0.3884 14.27 0 1.144973283
0 46.9367596977896 15.588792592436 0 100 7.374074074 0.42775 0.3884 14.293 0 0.907372401
0 12.5403097692485 14.572506665962 0 100 6.893333333 0.42775 0.3884 14.289 0 1.085340641
0 0 5.029754073526 0 100 2.379259259 0.4277 0.388475 14.274 0 1.268355742
0 0 0 0 100 0 0.4277 0.3884 14.2775 0 1.469698915
0 0 0 0 100 0 0.42765 0.388375 14.293 0 1.488956672
0 0 0 0 100 0 0.42775 0.388375 14.297 0 1.518308151
0 0 0 0 100 0 0.42775 0.3884 14.2815 0 1.070200059
0 0 0 0 100 0 0.4277 0.3884 14.2435 0 1.070200059
0 0 0 0 100 0 0.4277 0.388375 14.213 0 0.857700668
0 0 0 0 100 0 0.4277 0.388425 14.2015 0 1.186543476
0 0 0 0 100 0 0.427625 0.388375 14.1595 0 1.08029378
0 0 0 0.2 100 0 0.42775 0.388375 14.1635 0 0.880013104
0 0 0 0 100 0 0.42775 0.388375 14.106 0 0.779872766
0 0 0 0 100 0 0.4277 0.388375 14.087 0 1.10659058
0 0 0 0.2 100 0 0.4277 0.388375 14.106 0 0.886122462
0 0 0 0.4 100 0 0.4277 0.3884 14.11 0 0.837513226
0 0 0 0.2 100 0 0.427675 0.38845 14.0755 0 0.948809782
0 0 0 0 100 0 0.427675 0.3885 14.0375 0 1.165293537
0 0 0 0 100 0 0.4277 0.388525 13.9955 0 1.111637441
0 0 0 0 100 0 0.427675 0.388525 13.969 0 1.090387501
0 0 0 0 100 0 0.4277 0.388525 13.919 0 0.944692606
0 0 0 0 100 0 0.4277 0.3885 13.8925 0 0.996356521
0 0 0 0.2 100 0 0.427675 0.388525 13.8775 0 0.97816126
0 0 0 0 100 0 0.42775 0.3885 13.8965 0 1.054926666
0 0 0 0 100 0 0.42775 0.3885 13.9115 0 1.077239102
0 0 0 0.2 100 0 0.42775 0.388525 13.9915 0 1.298769717
0 0 0 0.2 100 0 0.42775 0.388425 14.011 0 1.312980614
0 0 0 0.4 100 0 0.4277 0.388525 13.9915 0 1.580995471
0 0 0 0.2 100 0 0.4277 0.388725 13.9995 0 1.265433875
0 0 0 0.6 100 0 0.4277 0.3891 13.988 0 1.528401872
0 0 0 0.2 100 0 0.4277 0.390625 13.9915 0 1.440347437
0 0 0 0.4 100 0 0.4277 0.3941 13.969 0 1.603175095
0 0 0 0.6 100 0 0.4277 0.39735 13.908 0 1.312980614
0 0 0 0.4 100 0 0.427925 0.401225 13.8505 0 1.326129014
0 0 0 0.4 100 0 0.428075 0.4047 13.8355 0 1.494003533
0 0 0 0.4 100 0 0.42805 0.407 13.8125 0 1.475808272
0 0 0 0.4 100 0 0.428325 0.40895 13.7895 0 1.041778266
0 0 0 0.2 100 0 0.428775 0.4108 13.7745 0 1.259324518
0 0 0 0.6 100 0 0.428575 0.412675 13.7135 0 1.425206855
0 0 0 0.2 100 0 0.428775 0.414425 13.7285 0 1.63358907
9.61913913488388 0 0 0 100 0 0.42875 0.415925 13.7555 0 1.474745775
0 0 0 0.2 100 0 0.428875 0.417 13.7665 0 1.609284453
0 0 0 0.4 100 0 0.42855 0.4177 13.782 0 1.477800454
0 0 0 0.2 100 0 0.4285 0.4188 13.7745 0 1.608221956
0 0 0 0.6 100 0 0.428575 0.419725 13.763 0 1.573823617
8.56700912117958 0 0 0.6 100 0 0.428675 0.421275 13.744 0 1.322011838
4.50892746448517 0 0 0.2 100 0 0.42965 0.423525 13.7325 0 1.296777535
1.65317952632904 0 0 0.4 100 0 0.42975 0.42565 13.721 0 1.565854889
0 0 0 0.4 100 0 0.42975 0.427425 13.694 0 1.318957159
0.525947660207748 0 0 0.2 100 0 0.429475 0.429075 13.694 0 1.993642727
4.65913116931915 0 0 0.2 100 0 0.429275 0.430975 13.6715 0 1.573823617
49.6740080416203 0 0 0 100 0 0.429225 0.432675 13.641 0 1.76201839
9.31849703192711 0 0 0.6 100 0 0.429075 0.43405 13.599 0 1.810627626
77.1788880228996 0 0 0 100 0 0.429075 0.435475 13.553 0 2.130173585
120.991431176662 0 0 0.2 100 0 0.42885 0.4366 13.477 0 2.510547496
134.743753820658 0 0 0.2 100 0 0.4289 0.437625 13.389 0 2.491289738
110.019285231829 15.5374242386864 0.283910819402 0.2 100 0.134300293 0.4289 0.438125 13.3165 0 2.646015858
211.546897888184 49.8451860289163 1.53304148109 0.2 100 0.725185185 0.428925 0.43915 13.2595 0 2.129243901
219.287317246199 84.6666635974851 5.546509630256 0.2 100 2.623703704 0.428925 0.439925 13.206 0 1.969338109
216.206263750792 119.935571788107 4.099594073526 0 100 1.939259259 0.428875 0.440425 13.191 0 2.263782578
217.934545129538 155.584773744738 3.600063703782 0 100 1.702962963 0.428925 0.4408 13.191 0 2.612680016
217.258393764496 191.54640871141 4.099594073526 0 100 1.939259259 0.4289 0.441175 13.191 0 2.017947344
223.796244710684 227.752021210071 16.829005926474 0 100 7.960740741 0.429275 0.4415 13.2595 0 2.666336112
219.512857496738 264.132691350484 24.82149184872 0 100 11.74148148 0.42955 0.4417 13.313 0 2.053275368
222.443707287312 300.61916602396 19.791737777308 0 100 9.362222222 0.429175 0.4416 13.2785 0 2.856390255
222.969654947519 337.141990731692 25.5449496218 0 100 12.0837037 0.429225 0.44165 13.145 0 2.364852601
163.375865668058 373.631641795952 22.04823703782 0 100 10.42962963 0.429275 0.4418 13.027 0 2.469110115
167.50904917717 410.018658703157 18.982154073526 0 100 8.979259259 0.429225 0.441925 12.958 0 3.000092968
186.071176081896 446.233776326867 19.292207407564 0 100 9.125925926 0.4292 0.4418 12.882 0 2.786663892
96.4171662926674 482.208056778131 19.085505184872 0 100 9.028148148 0.4292 0.441925 12.657 0 3.133569149
134.21780616045 517.873020633652 25.75165184872 0 100 12.18148148 0.4292 0.442125 12.31 0 2.131236082
125.124614685774 553.16077729062 40.11745630256 0 100 18.97703704 0.42915 0.442225 12.1115 0 2.39925094
129.257563501596 588.004154200853 47.81711407564 0 100 22.61925926 0.4292 0.4423 11.9705 0 2.094845562
86.4976197481155 622.33682473801 53.65645184872 0 100 25.38148148 0.429225 0.442025 11.9095 0 1.592151689
149.548206478357 656.093434454358 52.62294073526 0 100 24.89259259 0.4293 0.442075 11.837 0 1.568776756
74.3231400847435 689.209725487122 60.0125451891 0.2 100 28.38814815 0.4292 0.44215 11.7265 0 1.073254738
76.0516561567783 721.622658877127 65.97245926474 0 100 31.20740741 0.429225 0.442075 11.505 0 1.729612233
72.9706026613712 753.270534567239 60.21924741602 0 100 28.48592593 0.429225 0.442075 11.49 0 1.320019656
71.0916481912136 784.093108852077 54.17320741602 0 100 25.62592593 0.429225 0.442025 11.4365 0 1.19052784
16.3076631724834 814.031709055247 78.89134815128 0.2 100 37.31851852 0.42925 0.442075 11.3985 0 1.547526817
18.0359445512295 843.029345216366 118.50927407564 0.2 100 56.05925926 0.429225 0.4418 11.3905 0 1.810627626
17.3595584928989 871.030818574378 117.47576296218 0 100 55.57037037 0.4293 0.442 11.4325 0 1.706370112
58.7671995162964 897.982826641557 140.97091554616 0.2 100 66.68444444 0.42935 0.4422 11.4785 0 1.480855133
165.104147046804 923.834064667601 143.33076592436 0.2 100 67.80074074 0.4294 0.44245 11.574 0 1.168215404
206.512022763491 948.535323300834 167.34267407564 0 100 79.15925926 0.42935 0.442575 11.631 0 1.465714551
279.181748628616 972.039582260825 213.0927658398 0 100 100.8007407 0.42945 0.442625 11.669 0 1.645674973
231.612000614405 994.302099843731 238.6549407564 0 100 112.8925926 0.42945 0.4426 11.8255 0 1.32905088
234.542850404978 1015.28049809029 330.5685288654 0 100 156.3711111 0.4294 0.442575 11.955 0 1.222933997
217.033088207245 1034.93484345425 278.9618741602 0 100 131.9592593 0.4294 0.442725 12.1345 0 1.412058455
188.701383769512 1053.22772281754 327.8986250834 0 100 155.1081481 0.429425 0.442775 12.0885 0 2.002806763
226.501788944006 1070.12431470783 326.5722858398 0 100 154.4807407 0.42945 0.442775 12.2335 0 1.372613256
170.515235513449 1085.59245558252 384.6383850834 0 100 181.9481481 0.429725 0.442725 12.352 0 1.366503898
192.68436357379 1099.60270105324 334.685348109 0 100 158.3185185 0.429625 0.44305 12.4395 0 1.886463346
140.304811298847 1112.12838193421 349.7573850834 0 100 165.4481481 0.429675 0.44335 12.451 0 2.066423768
134.818855673075 1123.14565500783 312.1031303782 0 100 147.6362963 0.429625 0.4436 12.6075 0 1.576878295
113.701857626438 1132.63354841087 364.1231896218 0 100 172.2437037 0.4296 0.4438 12.7445 0 1.999752084
99.7990965843201 1140.57400155476 661.2404088654 0 100 312.7911111 0.4296 0.443525 12.977 0 1.402894419
166.456919163465 1146.95189950411 492.5713954616 0 100 233.0044444 0.429625 0.443475 13.069 0 2.463930442
102.053560316563 1151.75510174803 658.381028109 0 100 311.4385185 0.429625 0.443475 13.0725 0 2.352766698
96.5676046907902 1154.97446530934 458.6205554616 0 100 216.9444444 0.4296 0.4435 13.3775 0 1.63358907
55.0097599625587 1156.60386214789 432.868903782 0 98.5715 204.762963 0.429575 0.443525 13.149 0.0216008561999999 1.642620295
20.6661522388458 1156.64019082464 424.3424369744 0 98.804 200.7296296 0.429575 0.443525 13.309 0.0182750613 0.908302086
0 1155.08338240449 401.1573377308 0 98.9605 189.7622222 0.4296 0.443725 13.572 0.0161583561 0.774825905
21.7182822525501 1151.93640058654 281.83848 0 97.6905 133.32 0.4297 0.4438 13.473 0.0356689219 1.14603578
0 1147.20523606154 350.6875450834 0 96.1535 165.8881481 0.4297 0.443725 13.366 0.0589940598 1.167285719
0 1140.89889510726 623.086623782 0 94.937 294.742963 0.429725 0.4437 13.702 0.0793697287 0.875895928
0 1133.02938244351 625.0330696218 0 93.137 295.6637037 0.42975 0.44365 13.988 0.1096051637 0.944692606
0 1123.61167837951 808.77412 0 90.4825 382.58 0.429775 0.44365 14.3005 0.1551089018 0.678669931
0 1112.66371029699 473.91652 0 87.9655 224.18 0.429975 0.44365 14.312 0.1962750944 0.963950364
0 1100.20631852339 338.871068109 0 92.0575 160.2985185 0.429975 0.44365 14.0415 0.1272863425 1.134879562
0 1086.26321666009 451.7477065962 0 94.2505 213.6933333 0.430025 0.4437 14.087 0.0924136862999999 0.46935803
0 1070.8609464413 445.4949645384 0 95.2155 210.7355556 0.429975 0.4437 14.415 0.0785539602 0.589685811
0 1054.02882720929 461.1698830256 0 91.287 218.1503704 0.43 0.4437 14.297 0.1419656085 0.431905013
0 1035.79890010243 501.2012134038 0 92.3205 237.0866667 0.430025 0.443675 14.453 0.1263955261 0.558342151
0 1016.20586706212 463.1335541602 0 89.861 219.0792593 0.429975 0.44375 14.514 0.167535326 0.456209631
0 995.287024774715 466.9230949166 0 86.684 220.8718519 0.430025 0.443825 14.583 0.2210147027 0.71306827
0 973.082193674225 373.5625911346 0 87.1835 176.7088889 0.429975 0.443775 14.6705 0.2139294153 0.331764675
0 949.633642140998 422.6026934038 0 85.0785 199.9066667 0.430025 0.44385 14.583 0.2476622774 0.588623314
0 924.986006040623 447.0280058398 0 84.331 211.4607407 0.430025 0.443875 14.85 0.2645882591 0.324725632
0 899.186203756126 496.877691891 0 84.918 235.0414815 0.42995 0.443825 15.3455 0.2629246384 0.205327537
0 872.283346875367 416.6427792436 0 82.7975 197.0874074 0.430025 0.443825 15.239 0.297846944 0.458201812
0 844.328646703633 348.224343782 0 85.5665 164.722963 0.42995 0.4435 15.1015 0.2477045781 0.429912831
0 815.375316779163 350.377491891 0 84.4185 165.7414815 0.429975 0.44335 14.9755 0.2652466199 0.320608457
0 785.478471577587 498.6346607564 0 86.127 235.8725926 0.430025 0.4434 15.117 0.2383228893 0.492600151
0 754.695021597661 601.934096218 0 88.4115 284.737037 0.42995 0.44345 15.731 0.2070770667 0.260975815
0 723.083565028282 539.148296218 0 81.558 255.037037 0.430025 0.44345 15.689 0.3286586694 0.390467631
80.7110220193863 690.704276202932 430.7157554616 0 80.761 203.7444444 0.4301 0.44355 15.4945 0.3386155726 0.321670954
307.288147509098 657.618791053987 314.7730341602 0 81.1195 148.8992593 0.430125 0.4435 15.5365 0.3332018664 0.339866214
334.266845136881 623.890089784577 292.1046903782 0 84.4755 138.1762963 0.430125 0.4435 15.437 0.2722327185 0.336811535
195.314571261406 589.582376981912 276.3091954616 0 84.079 130.7044444 0.4301 0.443425 15.376 0.2780948927 0.370147377
141.732685267925 554.76095939972 272.9158341602 0 84.098 129.0992593 0.43005 0.4435 15.403 0.2782447587 0.220468118
60.4957155883312 519.492121642854 244.3909273526 0 82.828 115.6059259 0.430125 0.443425 15.361 0.2996576608 0.280233572
44.1882871091366 483.842999990477 239.05112 0 84.8305 113.08 0.43005 0.44345 15.1815 0.2616783973 0.533107848
44.7142347693443 447.881454598168 229.5083673526 0 85.5895 108.5659259 0.430075 0.4435 15.155 0.248162253 0.449037776
117.384195327759 411.675940321997 234.0213658398 0 88.2325 110.7007407 0.4302 0.443425 15.075 0.2016072675 0.660474671
36.1469909548759 375.29537641078 247.9737658398 0 89.5555 117.3007407 0.430325 0.443475 15.0445 0.1785900584 0.748529106
35.4706048965454 338.809015314347 227.0451658398 0 88.072 107.4007407 0.43035 0.44345 14.9415 0.2026083313 1.189465343
0 302.286310857322 201.60356741602 0 89.9865 95.36592593 0.430375 0.443425 14.949 0.1701709237 1.000340884
23.2963599264622 265.796786030215 155.02666665962 0 91.409 73.33333333 0.430325 0.443425 14.7735 0.1443547019 0.863810026
0 229.409900648318 107.31290369744 0 91.9395 50.76296296 0.430325 0.44345 14.6285 0.13417929 0.902192728
17.1340182423592 193.194919131208 69.24524445384 0 92.763 32.75555556 0.4304 0.44335 14.48 0.1193206006 1.003395563
0 157.220778654215 54.3799096218 0 94.14 25.7237037 0.43035 0.443175 14.3195 0.0956193078 0.920520801
0 121.5559579229 48.62669777308 0 93.865 23.00222222 0.430325 0.443225 14.232 0.0995410029 0.929552025
0 86.2683468201249 40.11745630256 0 93.7735 18.97703704 0.430325 0.443225 14.1975 0.1008000652 1.078301599
0 51.4251171743372 30.05794815128 0 94.079 14.21851852 0.4304 0.443225 14.152 0.0955721543 1.382706977
0 17.0925948945049 20.515195554616 0 94.708 9.704444444 0.43035 0.443125 14.064 0.0849333495 1.243121439
0 0 8.216413334038 0 95.2685 3.886666667 0.4304 0.443125 13.9765 0.0755077832 1.072192241
0 0 0 0 95.6195 0 0.430325 0.443225 13.904 0.0695780708 0.816263287
0 0 0 0 95.402 0 0.430325 0.44325 13.885 0.0729426864999999 0.988254982
0 0 0 0 96.165 0 0.4304 0.443125 13.744 0.0602835196 1.002333066
0 0 0 0 96.249 0 0.430425 0.4432 13.7285 0.0589036972 0.824364826
0 0 0 0 97.1945 0 0.430425 0.443125 13.633 0.0437832018 0.99130966
0 0 0 0 97.961 0 0.430425 0.4432 13.5415 0.0316320481 0.721169809
0 0 0 0 99.033 0 0.4304 0.44315 13.4465 0.0149089975 0.905247407
0 0 0 0 99.5285 0 0.430475 0.44315 13.3395 0.0072189421 0.712138585
0 0 0 0 100 0 0.430525 0.44325 13.244 0 0.494592333
0 0 0 0 100 0 0.43055 0.44315 13.1755 0 0.40667071
0 0 0 0 100 0 0.430575 0.443125 13.107 0 1.000340884
0 0 0 0 100 0 0.43055 0.443075 12.958 0 0.820380462
0 0 0 0 100 0 0.43055 0.4431 12.939 0 0.852653808
0 0 0 0 100 0 0.430525 0.44315 12.905 0 0.967934727
0 0 0 0 100 0 0.4306 0.443075 12.8285 0 0.927559843
0 0 0 0.2 100 0 0.4306 0.4431 12.779 0 0.837513226
0 0 0 0 100 0 0.430625 0.4431 12.7295 0 0.804177384
0 0 0 0.2 100 0 0.4306 0.44315 12.7025 0 0.887052146
0 0 0 0 100 0 0.430575 0.443175 12.695 0 0.869919383
0 0 0 0.2 100 0 0.430575 0.443175 12.695 0 0.812278923
0 0 0 0 100 0 0.430625 0.443025 12.6265 0 0.816263287
0 0 0 0 100 0 0.430625 0.442875 12.6035 0 0.824364826
0 0 0 0 100 0 0.43065 0.44265 12.5845 0 0.847606947
0 0 0 0 100 0 0.430625 0.44285 12.6075 0 1.11973898
0 0 0 0 100 0 0.4306 0.442725 12.6685 0 1.181363803
0 0 0 0.2 100 0 0.430625 0.4426 12.7105 0 1.116684301
0 0 0 0.4 100 0 0.430625 0.442725 12.695 0 1.280574457
0 0 0 0.2 100 0 0.430625 0.44285 12.7025 0 1.029692363
0 0 0 0.4 100 0 0.43065 0.4429 12.7295 0 0.887052146
0 0 0 0.2 100 0 0.430625 0.442675 12.7295 0 0.740427566
0 0 0 0 100 0 0.430575 0.443 12.7255 0 1.095434362
0 0 0 0 100 0 0.430575 0.443225 12.718 0 1.154137319
0 0 0 0 100 0 0.4306 0.443425 12.7445 0 1.110574944
0 0 0 0 100 0 0.430575 0.443475 12.8245 0 1.378722613
0 0 0 0 100 0 0.4306 0.443725 12.7905 0 1.049879805
0 0 0 0 100 0 0.430625 0.44385 12.752 0 0.750521288
0 0 0 0 100 0 0.4306 0.44405 12.7295 0 0.851724123
0 0 0 0 100 0 0.430525 0.444125 12.714 0 0.847606947
0 0 0 0.2 100 0 0.430575 0.444325 12.7215 0 0.952794146
0 0 0 0 100 0 0.4306 0.444525 12.737 0 0.925567661
0 0 0 0.2 100 0 0.4306 0.444925 12.7715 0 1.144043598
0 0 0 0 100 0 0.4306 0.4452 12.817 0 1.057981344
0 0 0 0.2 100 0 0.43055 0.445325 12.821 0 1.624425034
0 0 0 0 100 0 0.430575 0.44575 12.813 0 1.435300576
0 0 0 0.2 100 0 0.4306 0.446075 12.7675 0 1.429191218
0 0 0 0 100 0 0.4306 0.446375 12.718 0 1.215762142
51.0518923401833 0 0 0.2 100 0 0.4306 0.44685 12.6875 0 1.142981101
79.2582705616951 0 0 0 100 0 0.430625 0.447225 12.657 0 1.120668665
79.809095710516 0 0 0 100 0 0.43065 0.44765 12.615 0 0.939645746
81.5627239644527 0 0 0 100 0 0.4307 0.448325 12.588 0 1.10154372
84.5186859369278 0 0 0 100 0 0.430825 0.4484 12.5805 0 1.174324761
127.153772860765 0 0 0 100 0 0.430925 0.44875 12.55 0 1.471691097
113.275889307261 0 0 0 100 0 0.430825 0.44885 12.5195 0 1.501042575
154.708877205849 19.891434377768 0.396179258398 0 100 0.187407407 0.430875 0.4494 12.4775 0 1.479792636
163.676507771015 54.1344050493507 2.46320148109 0 100 1.165185185 0.431 0.449325 12.4395 0 1.17737944
124.548442661762 88.8902414682058 5.632635554616 0 100 2.664444444 0.431 0.44935 12.4165 0 1.613268816
131.111640483141 124.092784302519 12.712186665962 0 100 6.013333333 0.43095 0.44935 12.3825 0 1.538495593
160.520117729902 159.675023910468 16.41560148109 0 100 7.765185185 0.431 0.4496 12.371 0 1.913689831
168.285883963108 195.569227896038 29.64454369744 0 100 14.02296296 0.43105 0.449775 12.405 0 1.753916851
153.205666691065 231.707070041029 56.84311111346 0 100 26.88888889 0.431025 0.449825 12.4585 0 1.173395076
133.316114544868 268.019760367034 127.43192 0 100 60.28 0.431025 0.449825 12.5425 0 1.629471895
177.153535187244 304.43817608033 186.82435850834 0 100 88.37481481 0.431025 0.4498 12.6875 0 1.435300576
190.930970013142 340.89299315009 196.16040888654 0 100 92.79111111 0.43095 0.44985 12.7865 0 1.65988587
190.279696136713 377.314818269808 288.5046265962 0 100 136.4733333 0.43095 0.450125 12.9315 0 1.396917873
134.31778550148 413.634320950405 349.447331891 0 100 165.3014815 0.4309 0.45015 13.1525 0 1.536503411
184.167578816414 449.782365493704 286.5581807564 0 100 135.5525926 0.4309 0.450125 13.294 0 1.54460495
183.516070246696 485.690142595098 309.2265245384 0 100 146.2755556 0.430825 0.4501 13.3585 0 1.53955809
163.6265181005 521.289300324878 263.8898369744 0 100 124.8296296 0.43095 0.449825 13.4275 0 1.244183936
150.951202958822 556.512074238737 246.6474265962 0 100 116.6733333 0.430975 0.4499 13.408 0 1.529331557
189.979054033756 591.29141637018 261.1165822692 0 100 123.5177778 0.430975 0.449875 13.4465 0 1.344324274
134.017378091812 625.561122858807 191.97468888654 0 100 90.81111111 0.431 0.44985 13.454 0 1.210715282
146.592479199171 659.255959971736 109.98280741602 0 100 52.02592593 0.431075 0.4498 13.473 0 1.306871256
125.500358641148 692.311788278613 124.76201630256 0 100 59.01703704 0.431225 0.449925 13.458 0 1.073254738
88.7769609689713 724.665684743026 153.26969777308 0 100 72.50222222 0.4311 0.4499 13.473 0 1.215762142
129.007380455732 756.2560624989 103.31666073526 0 100 48.87259259 0.430925 0.45015 13.515 0 1.052934484
91.0816490650177 787.022788083064 111.32637184872 0.2 100 52.66148148 0.431025 0.4502 13.454 0 1.428261534
88.0257077515125 816.907295901303 147.84376445384 0.2 100 69.93555556 0.431225 0.4502 13.3855 0 1.794424547
109.017379581928 845.852699709778 123.93520741602 1 100 58.62592593 0.430925 0.450425 13.313 0 1.549651811
102.354202419519 873.803900899813 106.19326665962 0 100 50.23333333 0.431225 0.4509 13.244 0 1.340207098
212.323497980833 900.707693379649 69.15911850834 0.2 100 32.71481481 0.43115 0.451175 13.1605 0 1.215762142
329.507499933243 926.512864853789 114.70250815128 0 100 54.25851852 0.431125 0.451475 13.1795 0 0.950801964
439.476795494556 951.170294307004 289.7276149166 0 100 137.0518519 0.431175 0.45175 13.305 0 0.78890399
287.323024123907 974.633045507445 495.654703782 0 100 234.462963 0.431175 0.452 13.641 0 0.858763165
362.422998994589 996.856456350839 520.3728445384 0 100 246.1555556 0.43125 0.4523 13.95 0 1.191590337
371.390864253044 1017.79822387596 802.1079734038 0 100 379.4266667 0.431175 0.4527 14.4455 0 1.414050637
408.014047890902 1037.41848478907 513.0865911346 0 100 242.7088889 0.431125 0.452975 14.8385 0 1.927900727
403.755538165569 1055.67989134454 535.5654577308 0 100 253.3422222 0.431175 0.453025 14.9375 0 1.588034513
374.2466121912 1072.54768243692 500.9772858398 0 100 236.9807407 0.431175 0.4532 14.9565 0 1.749932487
353.154491633177 1087.98974976915 462.926851891 0 100 218.9814815 0.431175 0.45345 14.461 0 2.123134543
232.263509184122 1101.97669897114 393.45768 0 100 186.12 0.431175 0.4539 14.0985 0 2.158462567
288.124736398458 1114.48190555222 554.3409096218 0 100 262.2237037 0.431175 0.453875 14.049 0 2.076650301
239.377532154322 1125.48156558091 584.1921554616 0 99.445 276.3444444 0.431175 0.453825 14.2585 0.0090204001 2.09790024
239.928591996431 1134.95474099577 714.8968607564 0 95.284 338.1725926 0.4311 0.454075 14.5525 0.0781205857 2.514531859
232.062846422195 1142.88339946083 1326.287583782 0 92.744 627.382963 0.431125 0.454025 15.033 0.1239782401 2.39925094
235.019043087959 1149.2524486899 1162.9583777308 0 89.815 550.1222222 0.4311 0.45405 15.38 0.1779488584 2.410407158
161.021187901497 1154.04976517434 1432.8942549166 0 88.7625 677.8118519 0.4311 0.454075 15.8795 0.20272161 2.151423525
216.882884502411 1157.26621725972 1698.7133126474 0 82.4085 803.5540741 0.431125 0.45405 16.5585 0.3313869551 3.031436629
248.696029186249 1158.89568252722 1431.0339349166 0 79.167 676.9318519 0.43115 0.454125 17.1725 0.4080376503 2.640039312
463.274225592613 1158.93505944699 1202.2490250834 0 77.5615 568.7081481 0.4312 0.454075 17.573 0.4507463553 2.316376177
588.87479826808 1157.38427328101 1029.979948109 0 74.293 487.2185185 0.43115 0.454075 17.729 0.5215082698 2.751203056
1260.36445051432 1154.24627622443 1499.1767673526 0 71.196 709.1659259 0.4312 0.454075 17.9925 0.5941082467 2.754257735
1996.78364396095 1149.52704178499 1846.7637792436 0 67.081 873.5874074 0.4312 0.454025 18.431 0.6979322152 3.382459061
3208.1500031054 1143.23555341122 891.3688830256 0 65.7005 421.6503704 0.43115 0.453925 18.6825 0.7387406457 2.630875276
3876.03265419602 1135.38378739123 722.389816218 0 65.746 341.717037 0.431125 0.453975 18.3015 0.7203638441 2.840319989
4337.10193634033 1125.98669005444 1149.8155615128 0 62.802 543.9051852 0.431125 0.45395 18.675 0.8007926632 3.194264287
5251.47637724876 1115.06214931973 471.5394445384 0 64.3845 223.0555556 0.431225 0.45385 18.282 0.7480806271 2.558094235
5276.07598900795 1102.63096064428 368.8256650834 0 66.612 174.4681481 0.43115 0.4538 18.1715 0.6964465825 1.765073069
4896.66894078255 1088.71678743773 351.7038311346 0 66.978 166.3688889 0.43115 0.45365 18.015 0.6820724649 2.255681038
4550.92864483595 1073.34611601712 577.1126045384 0 61.166 272.9955556 0.431175 0.453675 18.046 0.8036844271 1.991650545
4716.20857715607 1056.54820518838 241.4109703782 0.2 65.83 114.1962963 0.431175 0.453775 17.855 0.6987164121 3.642372379
4443.81509721279 1038.35503055036 178.52181926474 0.4 81.455 84.44740741 0.431175 0.453925 15.914 0.3352856382 2.127118907
3032.74986147881 1018.80122362717 290.554423782 0 85.166 137.442963 0.431175 0.45395 15.685 0.2642920621 2.026978569
2173.58607798815 997.924005945181 1159.0482607564 0 88.0795 548.2725926 0.431225 0.45395 15.933 0.2157793807 2.224337378
1729.24948856235 975.763118179711 407.8407096218 0 80.502 192.9237037 0.431175 0.45395 16.94 0.3763073107 2.349712019
1661.26400604844 952.360744506457 306.4532696218 0 76.9665 144.9637037 0.431175 0.45395 16.9665 0.4452891395 2.179712506
1563.21830302477 927.76143230179 785.0722650834 0 70.7195 371.3681481 0.431175 0.45395 17.504 0.5856335514 1.883408667
1745.33184617758 902.012007344515 702.391376218 0 64.9265 332.257037 0.4312 0.45395 17.996 0.7235815093 2.640968997
2374.7372366488 875.161484680741 750.9147230256 0 58.214 355.2103704 0.4312 0.453925 18.122 0.8689166407 2.959585272
3051.03669315577 847.260975321446 1333.263783782 0 51.048 630.682963 0.4312 0.453925 19.1325 1.084364876 3.737465856
4462.00148016214 818.363588950255 1273.5440665962 0 46.2465 602.4333333 0.4312 0.454 19.6515 1.229788048 3.195326784
6179.57755923271 788.524332826819 1193.3091541602 0 44.389 564.4792593 0.431125 0.454 19.8995 1.292001109 3.414865218
6950.86701214314 757.800007078058 1218.3545734038 0 43.981 576.3266667 0.43115 0.454 20.277 1.332229216 2.851343395
8104.51689362526 726.249096576788 985.7628977308 0 42.3755 466.3022222 0.43115 0.453975 20.2615 1.369099318 3.394544964
8536.72993183136 693.93165961324 999.922 0 41.441 473 0.431175 0.454 20.0325 1.371741355 2.911108848
7996.20124697685 660.909213571736 1005.8646888654 0 39.9615 475.8111111 0.4313 0.453825 20.231 1.423768073 4.190620808
8143.44500005245 627.24461782989 672.7296073526 0 40.4075 318.2259259 0.431275 0.453775 20.1205 1.403571343 2.692632912
7149.61279928684 593.001954103325 775.9601422692 0 39.7095 367.0577778 0.431275 0.45355 19.9105 1.401673943 3.655520778
6421.51066660881 558.24640446382 784.6760858398 0 40.3005 371.1807407 0.43125 0.45355 20.1775 1.41105566 3.01018669
5734.28928852081 523.044127262757 687.6121673526 0 39.8735 325.2659259 0.431325 0.45355 20.1855 1.421851161 2.531797435
5449.871532619 487.462131196313 672.2300769744 0 39.5035 317.9896296 0.431275 0.453575 20.2465 1.436003776 2.32846208
5189.50279802084 451.568147752059 560.593651891 0 39.4805 265.1814815 0.431275 0.4535 20.17 1.429774118 2.980835211
5144.36236023903 415.430502279847 302.8704311346 0 41.7765 143.2688889 0.431275 0.453525 19.9375 1.3558845 1.994705224
4803.43186855316 379.117983932045 212.5760103782 0 43.2755 100.5562963 0.4313 0.45355 19.3575 1.274265815 2.320360541
4267.71392673254 342.699714721297 409.7699303782 0 42.898 193.8362963 0.4313 0.4535 19.4265 1.288262626 2.703656318
3890.71154594421 306.245017944453 379.6086311346 0 40.842 179.5688889 0.4313 0.45355 19.6475 1.353097768 2.646015858
3935.75130030513 269.823286223577 319.9922650834 0 38.638 151.3681481 0.4313 0.453675 19.4875 1.389630722 2.581336356
3862.95624822378 233.50384941495 258.756731891 0 38.1955 122.4014815 0.431275 0.45355 19.2625 1.380199308 2.306149644
3686.75462901592 197.355842637696 203.05048296218 0 38.737 96.05037037 0.431225 0.453525 18.946 1.341380255 2.784671711
3496.12430110574 161.448074673001 146.41407407564 0 40.251 69.25925926 0.431225 0.4535 18.6065 1.280766714 2.111978325
3214.11215141416 125.848896984769 69.762 0 41.685 33 0.4313 0.4535 18.015 1.20450172 2.268829438
2994.62393671274 90.6260736106409 43.51081777308 0 42.5815 20.58222222 0.431325 0.45345 17.5385 1.150919379 2.419438382
2767.92195439339 55.8466521715111 18.672100741602 0 42.81 8.832592593 0.43135 0.45355 17.2715 1.12716725 2.101884604
2521.9809897244 21.5768362444851 17.552463703782 0 43.321 8.302962963 0.43135 0.453775 17.077 1.103430317 2.379993182
2315.71985408664 0 5.236456296218 0 43.9545 2.477037037 0.431325 0.453775 16.9435 1.081906439 2.412399339
2188.81673365831 0 0 0 45.4645 0 0.431325 0.45365 16.707 1.037075927 2.081697162
1989.76936563849 0 0 0 45.846 0 0.431325 0.453525 16.673 1.027599279 2.295126238
1915.77197983861 0 0 0 46.3645 0 0.43135 0.453525 16.6425 1.015789982 2.324344904
1796.08286172152 0 0 0 47.0855 0 0.43135 0.453175 16.509 0.9936648504 1.702385748
1722.08547592163 0 0 0 47.806 0 0.431375 0.45305 16.3755 0.9718417919 2.051283186
1662.51632943749 0 0 0 49.4615 0 0.431375 0.4532 16.177 0.9291870818 2.277860662
1588.51894363761 0 0 0 52.047 0 0.431375 0.45345 15.872 0.8646450881 2.318368359
1488.06857317686 0 0 0 54.896 0 0.4314 0.4534 15.5745 0.797933647 1.857111868
1386.41586899757 0 0 0 57.104 0 0.431375 0.45345 15.418 0.751294252 1.731737227
1326.84719190001 0 0 0 59.404 0 0.4314 0.453075 15.075 0.6955129494 1.894564885
1225.19425302744 0 0 0 61.631 0 0.43145 0.452775 14.6665 0.6402792264 1.676088949
1135.56535542011 0 0 0 64.362 0 0.431525 0.452775 14.194 0.5768085111 1.764010572
1075.99667832255 0 0 0 66.555 0 0.4316 0.452825 13.782 0.5270324752 2.003736448
968.331601470709 0 0 0 67.2525 0 0.4316 0.453025 13.637 0.5111971831 2.540828659
888.322077691555 0 0 0 68.103 0 0.43155 0.452875 13.561 0.4954632474 2.008783308
829.955734312534 0 0 0 70.5325 0 0.43155 0.453025 13.271 0.4491526387 2.656242391
630.908835679293 0 0 0 71.4555 0 0.4317 0.452975 13.1605 0.4319559375 2.280915341
659.115213900805 0 0 0 72.3365 0 0.431575 0.45285 13.0305 0.4150820367 2.565133277
546.640567481518 0 0 0 72.8475 0 0.43165 0.4527 12.8855 0.4035674436 2.544945835
497.893128544092 0 0 0 72.569 0 0.43165 0.452725 12.8665 0.4071998961 2.330454262
498.444423079491 0 0 0 71.8595 0 0.4317 0.452725 12.939 0.4197193519 1.972392787
405.20828962326 0 0 0 68.172 0 0.431725 0.4527 13.168 0.4818802603 2.777499856
343.234710395336 0 0 0 64.4305 0 0.431675 0.45255 13.183 0.5390549855 2.633929955
334.166631102562 0 0 0 61.391 0 0.43185 0.4527 13.13 0.5830960891 3.237826662
367.182578891516 0 0 0 60.7005 0 0.431975 0.452775 12.9505 0.5865986276 2.677359518
468.735069036484 0 0 0 60.281 0 0.431925 0.4528 12.8245 0.5879897063 2.756382729
440.428711473942 0 0 0 60.5785 0 0.43195 0.452875 12.6225 0.5759085033 2.958655587
367.633424699306 0 0 0 60.3575 0 0.43195 0.45275 12.447 0.5725022905 3.119491064
278.00452709198 0 0 0 59.6135 0 0.431975 0.452475 12.3365 0.5790259655 3.509825883
238.876696676016 0 0 0 57.371 0 0.43195 0.452475 12.245 0.6075092026 3.027452265
258.666034787893 0 0 0 57.1995 0 0.431975 0.452525 12.104 0.6043165795 2.682539191
166.63246974349 0 0 0 57.745 0 0.43195 0.45255 11.898 0.5885654638 2.179712506
33.7172113358974 0 0 0 56.7495 0 0.43195 0.452525 11.7795 0.5977368419 3.539177362
5.41085377335548 0 0 0 56.6275 0 0.432 0.452525 11.7075 0.5965780862 2.774577989
90.1297330856323 0 0 0 57.108 0 0.432175 0.4522 11.589 0.585364202 3.012178871
105.109736323357 0 0 0 57.821 0 0.432225 0.452 11.482 0.5715715774 2.408414976
0 0 0 0 59.5375 0 0.4323 0.452075 11.2915 0.5414332654 2.567125459
14.8295648396015 0 0 0 62.0355 0 0.4323 0.452 11.0095 0.4985849863 2.491289738
23.7974300980568 0 0 0 62.1195 0 0.43225 0.452025 10.9025 0.4939549285 2.298048105
54.4084757566452 0 0 0 59.4535 0 0.43235 0.452075 10.876 0.527787775 2.275868481
51.35253444314 0 0 0 58.7325 0 0.4323 0.452075 10.8225 0.5352637587 1.684190488
98.7969562411308 0 0 0 60.38 0 0.43235 0.4518 10.643 0.5077866801 1.624425034
36.8236117064953 0 0 0 57.398 0 0.43235 0.451775 10.586 0.5439340752 1.927900727
16.9338248670101 0 0 0 53.3475 0 0.4323 0.451525 10.563 0.5947370187 2.029103562
94.4384671747684 0 0 0 51.9825 0 0.43235 0.451475 10.487 0.6090420311 2.043181647
0 0 0 0 51.0325 0 0.4324 0.45145 10.4335 0.6188772486 2.492352235
112.27398365736 0 0 0 51.2235 0 0.432425 0.451225 10.338 0.6125431749 2.381055679
0 0 0 0 51.132 0 0.432325 0.45115 10.2925 0.6118287796 2.1949859
0 0 0 0 49.8735 0 0.43235 0.4511 10.235 0.6251769585 3.071944325
0 0 0 0 49.328 0 0.432425 0.451125 10.1205 0.6271570748 2.565133277
0 0 0 0 49.5185 0 0.4324 0.451125 10.029 0.6209825274 3.261068783
0 0 0 0 50.373 0 0.432425 0.45105 9.888 0.6047285968 2.96569463
0 0 0 0 50.4415 0 0.432425 0.45085 9.8995 0.6043598271 2.83726531
532.662704586983 23.9991555232978 0 0 51.6505 0 0.43245 0.45085 9.7815 0.5849665706 2.108923646
0 58.1757737053407 6.252742222692 0 53.4735 2.957777778 0.4324 0.450875 9.5945 0.5558834744 2.117025186
99.4984544813633 92.8646993369327 15.089262222692 0 55.43 7.137777778 0.432425 0.450625 9.419 0.5262575259 1.962299066
43.4367991983891 127.999901320191 25.25212149166 0 57.2375 11.94518519 0.432425 0.4505 9.293 0.5006484204 1.755909033
24.6491320431232 163.514499076776 40.63421184872 0 59.461 19.22148148 0.432425 0.450375 9.1405 0.4697606303 1.449511473
0 199.340889856602 73.86159407564 0 60.426 34.93925926 0.43255 0.45005 9.1065 0.4575273316 1.651784331
0 235.410877421182 101.97309630256 0 61.6425 48.23703704 0.432575 0.45005 9.0145 0.4407168128 1.747807493
0.751487910747528 271.655801856496 132.35832296218 0 63.683 62.61037037 0.432575 0.4499 8.889 0.4137480228 2.231376421
0 308.006670268692 139.73070222692 0 64.5905 66.09777778 0.4326 0.449825 8.8355 0.4019522099 2.086744022
311.872176826 344.394288113253 149.39403111346 0 63.805 70.66888889 0.4326 0.449775 8.828 0.4106604433 1.660815555
511.921215802431 380.749390908202 166.41251407564 0 62.3405 78.71925926 0.432625 0.44975 8.862 0.4282600745 2.358743243
829.8055306077 417.002776080262 186.30760296218 0 62.909 88.13037037 0.432625 0.4498 8.8355 0.4210398175 1.79336205
1008.211389184 453.085434693029 219.9656149166 0 63.1605 104.0518519 0.432625 0.4497 8.7895 0.4168854612 2.146376664
1125.2949424088 488.928682806839 291.5879349166 0 63.0535 137.9318519 0.432625 0.44955 8.8395 0.4195130127 2.126189222
1277.24781632423 524.464292219473 407.2206030256 0 59.629 192.6303704 0.43265 0.449525 8.9765 0.4626621249 2.48013352
1527.79768779874 559.624620339699 492.4680445384 0 58.2865 232.9555556 0.432675 0.4491 9.1175 0.4826209265 2.614672198
1855.30114173889 594.342738945907 541.4047954616 0 58.828 256.1044444 0.43275 0.449 9.274 0.4814105312 2.336563619
2058.95765125751 628.552561584655 615.3869658398 0 57.501 291.1007407 0.432625 0.44905 9.423 0.501939471 2.33350894
2626.94052234292 662.188969367282 855.1443184872 0 56.124 404.5148148 0.432625 0.448975 9.789 0.5311103037 2.067486265
3199.73319768906 695.187934924366 728.7631349166 0 54.9915 344.7318519 0.4326 0.4489 9.747 0.543284972 2.692632912
3776.1331088841 727.48664428249 624.5163141602 0 55.796 295.4192593 0.43255 0.448975 9.751 0.5337174032 2.207071803
4270.77010273933 759.023616431274 780.7659688654 0 55.384 369.3311111 0.432575 0.4488 9.827 0.5414469293 2.253556045
4473.22357445955 789.738820352974 748.1586934038 0 55.0945 353.9066667 0.4326 0.448675 9.8995 0.547617063 2.548000514
4687.70179152489 819.573789292072 880.7064934038 0 54.9265 416.6066667 0.432675 0.44845 10.174 0.5598666829 1.797479226
4825.22548735142 848.47173204705 888.8023303782 0 54.408 420.4362963 0.43255 0.448325 10.0595 0.5619828241 2.353696383
4878.58206778765 876.377641072903 848.185343782 0 54.9915 401.222963 0.432625 0.448175 10.3265 0.5647897996 2.705781312
5321.51636481285 903.238397188096 556.8041111346 0 53.9275 263.3888889 0.432575 0.448 9.785 0.5575487832 2.578281677
5422.9686409235 929.002870687199 476.362496218 0 54.572 225.337037 0.432475 0.447975 9.587 0.5424853491 2.707773493
5243.05933713913 953.62201866647 915.3807911346 0 55.617 433.0088889 0.432575 0.44805 10.0635 0.5472268519 1.767065251
5112.44923621416 977.048978376919 1351.8325334038 0 55.209 639.4666667 0.432525 0.44785 10.624 0.5733337282 2.024986387
5455.58349788189 999.239156427641 867.9770815128 0 54.53 410.5851852 0.432575 0.447725 10.3535 0.5716113391 3.208475184
5575.07148385048 1020.15031366921 1625.0411954616 0 52.356 768.7044444 0.43265 0.4475 11.074 0.6283925686 2.943382193
6117.80487746 1039.7426455957 886.9592354616 0 48.859 419.5644444 0.432475 0.4475 11.013 0.6717872458 3.55033358
6218.0550545454 1057.97885811242 1202.7657807564 0 49.679 568.9525926 0.432475 0.447325 11.0515 0.6627090514 2.613742513
6164.39759731293 1074.82423852489 1459.9722458398 0 46.559 690.6207407 0.43245 0.4473 11.9475 0.7468091195 3.163983124
6494.30548399687 1090.24672161408 707.4211303782 0 46.521 334.6362963 0.432475 0.447175 11.669 0.7337208575 2.491289738
6807.3802292347 1104.21695067216 292.190816218 0 46.231 138.217037 0.43255 0.447 11.1545 0.7129785453 2.50643032
6562.54161894321 1116.70833338254 575.889616218 0 47.482 272.417037 0.432775 0.4471 10.918 0.6855317366 2.679484512
6055.58017641306 1127.6970924378 380.9521954616 0 48.237 180.2044444 0.43265 0.44705 11.101 0.6839449229 2.397258758
5707.33617246151 1137.16231079916 295.8942311346 0 47.28 139.9688889 0.43245 0.44695 10.918 0.6881684976 1.899611746
5397.56731688976 1145.08597151149 483.4420473526 0 47.959 228.6859259 0.4327 0.446675 10.937 0.680164276 1.88234617
4895.41567862034 1151.45299199783 488.7818549166 0 47.2875 231.2118519 0.4328 0.446325 11.0855 0.6957740048 2.853468389
4892.25999265909 1156.25125276837 1076.5568488654 0 45.289 509.2511111 0.432725 0.446325 11.5125 0.7428924314 2.165634421
5347.2171574831 1159.47162048906 1037.5762549166 0 42.1465 490.8118519 0.432775 0.446325 12.1075 0.817044002 3.189217427
6218.20431947708 1161.10796536614 1267.7047288654 0 41.01 599.6711111 0.43265 0.446375 12.1155 0.8335335572 3.598942816
7345.30334919691 1161.15717281322 1374.4147511346 0 38.924 650.1488889 0.43245 0.4463 12.1575 0.8653995815 3.625239615
8005.8715492487 1159.6191493791 1106.2186177308 0 36.8035 523.2822222 0.432425 0.4461 12.3595 0.9074268895 3.233709487
7822.35454022884 1156.49682292458 1604.4398741602 0 34.275 758.9592593 0.432575 0.4461 12.7485 0.9681426058 3.727372135
7731.42356425524 1151.79613704837 1045.672091891 0 36.365 494.6414815 0.432525 0.446025 12.6455 0.9310471779 4.025800968
7533.4790199995 1145.52603977238 917.2238858398 0 38.6645 433.8807407 0.432575 0.445975 12.2985 0.8771791997 3.575567882
7244.15101110935 1137.69846650812 936.9294977308 0 38.1305 443.2022222 0.43265 0.445975 12.043 0.8700545813 3.931637175
7281.8770185113 1128.32831733661 1782.8411169744 0 36.605 843.3496296 0.4326 0.44595 12.3745 0.9111752283 3.894184157
7827.01461017132 1117.4334286449 1960.2432992436 0 35.354 927.2674074 0.432625 0.4456 13.1945 0.9804448325 3.373295024
8815.83657860756 1105.03453917347 1742.7236607564 0 34.7975 824.3725926 0.432625 0.445125 13.3855 1.001288176 4.565815046
9659.16936099529 1091.15525053888 1055.5248977308 0 34.9955 499.3022222 0.4326 0.44515 12.981 0.9722190225 4.087425791
9601.90513730049 1075.82198230689 1043.0194134038 0 33.9735 493.3866667 0.43235 0.445125 12.798 0.9757436887 3.905340375
8693.34264099598 1059.06392170178 1961.7935658398 0 34.8315 928.0007407 0.432325 0.44515 13.6865 1.020579417 2.344665159
8525.45714378357 1040.91296804722 733.0694311346 0 34.462 346.7688889 0.432575 0.445125 13.3205 1.00218227 3.55033358
8142.34381914139 1021.40367204477 693.4687303782 0 34.2635 328.0362963 0.432575 0.445 12.672 0.9634675233 3.836543697
7755.62185049057 1000.57317000547 1105.2884577308 0 33.348 522.8422222 0.4325 0.4448 12.916 0.9926282065 2.919210388
8466.68994426727 978.461113159691 1680.161788109 0 33.745 794.7785185 0.4325 0.444725 13.3625 1.015925982 3.169959669
10219.035834074 955.109592179911 846.3422488654 0 33.9735 400.3511111 0.432375 0.44475 13.6255 1.02992009 2.543883338
10140.129134059 930.563057059908 499.961 0 35.8155 236.5 0.432325 0.444675 12.802 0.9487711052 3.589778779
8573.85371625423 904.868232503144 696.5348134038 0 34.618 329.4866667 0.43235 0.444675 12.653 0.9570783619 3.70200502
7337.03651279211 878.074028981109 1270.0645792436 0 33.4855 600.7874074 0.4325 0.44455 13.0345 0.9982900559 3.549271083
7242.49877035618 850.231449631162 1468.4814873526 0 32.078 694.6459259 0.4324 0.4445 14.0415 1.088516582 2.928241612
8687.03033030033 821.393493171066 836.799496218 0 32.4635 395.837037 0.43235 0.44455 13.6525 1.055326666 2.932358788
8883.47142934799 791.615053014689 483.7521007564 0 34.7975 228.8325926 0.432425 0.444525 13.0535 0.9798153078 3.013241368
7628.61851602793 760.952812781598 548.5876977308 0 35.0795 259.5022222 0.432275 0.444375 13.0535 0.9755776188 2.369899461
6461.53995394707 729.465138398613 276.4986726474 0 34.862 130.7940741 0.432375 0.44425 12.7105 0.9571088352 2.617726876
5501.27452611923 697.211966999313 273.7254177308 0 37.0665 129.4822222 0.43235 0.444275 12.5655 0.9159625589 2.636984634
4662.45114058256 664.254692832965 305.436983782 0 38.985 144.482963 0.4324 0.444225 12.3745 0.8769675299 2.232306105
4026.83271467686 630.656050399416 399.7104222692 0 38.2335 189.0777778 0.4324 0.4442 12.4855 0.8942677426 2.689578233
3983.99743437767 596.479995033267 305.0235792436 0 38.737 144.2874074 0.432325 0.4441 12.4395 0.8843016685 2.161517246
4374.02576208115 561.791581164047 286.5581807564 0 38.23 135.5525926 0.4324 0.44395 12.4015 0.8893962093 2.267766941
4589.70607817173 526.656838484331 346.6913022692 0 39.061 163.9977778 0.43235 0.4438 12.3745 0.8758751832 1.785260511
4093.56634318829 491.142646261476 473.0897111346 0 40.1825 223.7888889 0.432375 0.44365 12.5845 0.8716972583 2.642031494
3575.78342780471 455.316606032283 759.6306665962 0 37.73 359.3333333 0.43235 0.443725 13.305 0.9512467252 2.991991429
3781.84460476041 419.246912922874 834.1295926474 0 36.8835 394.5740741 0.4324 0.443625 13.473 0.9747986628 2.527680259
4869.26333606243 383.00222583851 262.3395703782 0 39.5075 124.0962963 0.43235 0.443525 12.821 0.8953098907 3.121483246
5464.90176022053 346.651536771029 166.5158651891 0 41.9445 78.76814815 0.43235 0.443575 12.283 0.8294246878 2.13734544
4966.35735780001 310.264039472064 93.67055703782 0 43.588 44.30962963 0.432325 0.44355 11.921 0.7869502462 3.052686568
4392.06194132566 273.908997742144 126.60511111346 0 44.3015 59.88888889 0.43235 0.4434 11.463 0.7538265831 2.083689344
3692.71654263139 237.655613586898 248.4905215128 0 45.5215 117.5451852 0.432425 0.443275 11.6575 0.7468657112 1.173395076
3059.50348824263 201.572895490552 352.0138845384 0 44.778 166.5155556 0.43235 0.44325 12.226 0.7859895781 1.524284696
2666.76985099912 165.729527058073 208.47641630256 0 45.747 98.61703704 0.4323 0.44345 11.955 0.7585315505 1.724565372
2498.88529255986 130.193736275691 202.53372741602 0 46.5555 95.80592593 0.4323 0.443475 11.7645 0.7378899269 2.115033004
2376.69152766466 95.0331656387971 144.46762815128 0 48.1455 68.33851852 0.432425 0.443475 11.505 0.7037560024 1.107520265
2116.22164025903 60.314743394315 60.13312149166 0 48.939 28.44518519 0.432525 0.443225 11.4325 0.6896678487 0.580654587
1929.09856885672 26.1045561427577 21.96211111346 0 50.575 10.38888889 0.432525 0.443225 10.891 0.6440002685 0.965012861
1760.01120731235 0 11.282496296218 0 52.2075 5.337037037 0.432325 0.443275 10.567 0.6094325881 0.822372644
1510.36326214671 0 0 0 54.3735 0 0.43215 0.443225 10.1055 0.5641431458 1.131824883
1330.45419305563 0 0 0 53.401 0 0.4322 0.443225 10.1665 0.5785247979 0.898208365
1210.66509559751 0 0 0 54.156 0 0.43225 0.443025 10.0595 0.5650890636 0.752513469
1124.54321980476 0 0 0 53.958 0 0.432275 0.442975 10.052 0.5672446629 0.965012861
1158.66152197123 0 0 0 61.2765 0 0.432275 0.4429 9.0645 0.4464269016 0.953856643
993.181396275759 0 0 0 55.716 0 0.4323 0.4429 9.6285 0.5303014058 1.469698915
997.239477932453 0 0 0 57.047 0 0.432275 0.4428 9.476 0.5091144132 1.335160238
853.40229794383 0 0 0 59.7015 0 0.4323 0.442775 8.9805 0.4619560874 1.334097741
591.730546206236 0 0 0 60.754 0 0.4324 0.4427 8.4505 0.4340323324 1.576878295
741.278752684593 0 0 0 62.39 0 0.432375 0.442675 8.008 0.4036140891 1.576878295
561.3699182868 0 0 0 60.7385 0 0.4324 0.44245 7.8515 0.4168677659 2.173735961
578.654374927282 0 0 0 60.8225 0 0.43245 0.44215 7.596 0.4087841048 2.153415706
319.387055933475 0 0 0 62.0545 0 0.432425 0.4422 7.291 0.3877531169 1.565854889
1058.11117216945 0 0 0 63.1375 0 0.4324 0.442225 7.089 0.3715056812 1.810627626
536.720786243677 0 0 0 62.802 0 0.43245 0.44215 7.0315 0.373410428 1.863221225
507.111646234989 0 0 0 62.493 0 0.432475 0.442175 7.0355 0.3766157073 1.680073312
497.943352907896 0 0 0 61.059 0 0.43245 0.44215 7.226 0.39615751 1.647667155
434.667225927114 0 0 0 61.2115 0 0.4325 0.4421 7.161 0.3928515995 1.603175095
417.082127183676 0 0 0 62.7255 0 0.43245 0.44185 6.875 0.3701774963 1.378722613
394.687458872795 0 0 0 63.2405 0 0.432475 0.44165 6.8105 0.3634476747 1.333168056
345.839805901051 0 0 0 64.03 0 0.4325 0.44165 6.761 0.3544329091 1.478862951
252.503927797079 0 0 0 65.5325 0 0.432575 0.441575 6.6195 0.3363357964 1.797479226
286.621760576963 0 0 0 66.852 0 0.432575 0.44115 6.4175 0.3189871 1.15108264
237.774342298508 0 0 0 69.659 0 0.432625 0.4412 6.147 0.2865706299 1.215762142
162.474174052477 0 0 0 72.2335 0 0.43265 0.4412 5.838 0.2567036098 1.387753837
208.61604809761 0 0 0 72.1915 0 0.432675 0.4412 5.83 0.2569493618 1.484839497
162.17353194952 0 0 0 72.821 0 0.43265 0.44125 5.7805 0.2502723111 1.322011838
109.718877822161 0 0 0 73.454 0 0.432575 0.4412 5.7235 0.2434788057 1.649792149
127.003334462643 0 0 0 75.9555 0 0.4327 0.44105 5.51 0.2172893661 1.61034695
164.728637784719 0 0 0 76.9205 0 0.432675 0.440825 5.4565 0.2077943506 1.65483901
97.8452749550343 0 0 0 76.2725 0 0.43265 0.4404 5.651 0.2165352767 1.744885627
74.2482729256153 0 0 0 75.8415 0 0.432675 0.440375 5.6585 0.2205833756 1.643682792
200.950965285301 0 0 0 77.9465 0 0.4327 0.44025 5.338 0.1969265766 0.833528862
636.670086532831 0 0 0 79.4645 0 0.432675 0.4403 5.285 0.1826962095 0.918395807
390.629142522812 0 0 0 80.2995 0 0.43265 0.440225 5.266 0.1750357798 1.045895441
346.591528505087 0 0 0 79.823 0 0.432725 0.440025 5.2735 0.1793630719 1.170340397
220.790527760983 0 0 0 77.2865 0 0.4327 0.43995 5.548 0.2058039595 1.827760389
40.8814586699009 0 0 0 77.7405 0 0.432675 0.439875 5.4375 0.2001469085 1.617385992
34.1180674731731 0 0 0 78.9115 0 0.432675 0.439875 5.258 0.1872635627 1.007512739
124.7488707304 0 0 0 81.3715 0 0.4327 0.4396 4.888 0.1612040009 0.551303108
265.880506485701 0 0 0 83.3125 0 0.4327 0.43965 4.522 0.1407560219 0.373202056
247.092839330435 0 0 0 84.5025 0 0.4327 0.439525 4.4075 0.1296734125 0.915341128
180.20947650075 0 0 0 83.4535 0 0.432725 0.439325 4.652 0.1408433088 0.622091968
53.2063767313957 0 0 0 82.1915 0 0.4327 0.439325 4.7815 0.1529651 0.883997468
0 0 0 0 83.427 0 0.432775 0.439075 4.5565 0.1401285665 0.761677506
0 0 0 0 82.775 0 0.43275 0.439075 4.6325 0.1464186579 1.28455882
94.0209478139877 0 0 0 81.2075 0 0.432725 0.43905 4.7395 0.160943647 1.446456794
0 0 0 0 80.2615 0 0.432625 0.43905 4.8465 0.1703148983 1.442339618
0 0 0 0 81.28 0 0.432725 0.4387 4.7205 0.1601097798 1.616323495
39.4120439887047 0 0 0 82.1225 0 0.432775 0.438775 4.606 0.1516834191 1.228910542
126.218520104885 0 0 0 83.1525 0 0.43285 0.4385 4.488 0.1417673591 0.768716548
101.201858371496 0 0 0 84.5595 0 0.4328 0.43845 4.2475 0.1277536384 0.925567661
160.353250801563 0 0 0 86.554 0 0.432725 0.4382 3.9655 0.1090668825 0.888114643
190.64699113369 28.0295262197969 7.389604445384 0 88.1865 3.495555556 0.432775 0.438225 3.603 0.0934067388 0.458201812
188.476078212261 62.1410215654487 27.49139554616 0 88.8615 13.00444444 0.432525 0.43815 3.832 0.0895040030999999 0.702974549
162.256848067045 96.7642295338694 41.13374222692 0 87.107 19.45777778 0.43255 0.438025 4.072 0.1053679648 0.497647012
155.276365578175 131.83324498139 70.58880888654 0 86.7985 33.39111111 0.432675 0.43805 4.1485 0.1084711099 0.559404648
222.844563424587 167.281314187224 87.0044103782 0 87.2215 41.1562963 0.432675 0.43765 4.099 0.1046307154 0.514912587
219.471082091331 203.040961919194 133.68466222692 0 87.866 63.23777778 0.4327 0.43745 4.099 0.0993535314 0.481443933
198.061890900135 239.044119872588 224.1857850834 0 86.985 106.0481481 0.4326 0.437425 4.446 0.1091958473 0.507740733
138.175673782825 275.22225623787 262.649623782 0 85.3035 124.242963 0.4325 0.437425 4.873 0.1270447377 0.291256978
99.932637065649 311.506506150757 372.649656218 0 82.3095 176.277037 0.432525 0.4371 5.567 0.1605029832 0.420748795
132.631279528141 347.827802776072 397.2644458398 0 78.225 187.9207407 0.432575 0.43685 6.513 0.2109280324 0.269077354
134.067602455616 384.117008776031 380.0220354616 0 74.9525 179.7644444 0.43255 0.43685 7.203 0.254413712 0.325655317
82.598190754652 420.305047912662 325.7454769744 0 76.5585 154.0896296 0.43255 0.4369 6.959 0.2341478607 0.9731144
23.9145420491695 456.323036534 390.6844250834 0 76.1465 184.8081481 0.4325 0.436925 7.0775 0.2402094483 1.066082884
49.3984781205654 492.102414693457 362.7968503782 0 75.6125 171.6162963 0.43245 0.4368 7.211 0.2478458037 1.367566395
19.5724815130234 527.575076653008 443.1178888654 0 75.929 209.6111111 0.43235 0.436725 7.39 0.247647044 1.236082397
109.986193478107 562.673500521926 528.5892577308 0 74.0105 250.0422222 0.432175 0.4366 7.7255 0.2735874239 2.017947344
369.937878102064 597.330876783803 775.6500888654 0 68.946 366.9111111 0.432125 0.436275 8.13 0.3360369076 2.2081343
953.335169702768 631.481235467777 760.6641777308 0 66.7035 359.8222222 0.432075 0.436375 8.458 0.3684226151 2.602586295
1429.71889302135 665.05957172158 780.1458622692 0 67.3135 369.0377778 0.432125 0.4362 8.683 0.3672317691 2.60351598
1677.64677107334 698.001969547318 1118.0006445384 0 64.934 528.8555556 0.43205 0.4362 9.27 0.4099045677 1.937064764
2301.92575603724 730.245723464775 1188.916731891 0 62.371 562.4014815 0.432 0.4362 9.804 0.4559504129 1.900541431
2674.90314692259 761.729457870264 1217.5449896218 0 60.4185 575.9437037 0.431975 0.43625 9.968 0.4849133981 3.00208515
3247.47849628329 792.393243864141 1331.4206888654 0 58.523 629.8111111 0.431925 0.4361 10.01 0.5095673941 3.703067517
3690.19499793649 822.178713324489 1211.1716711346 0 58.0575 572.9288889 0.43195 0.4361 9.9455 0.5130636456 3.469450999
4005.45731931925 851.029170009749 1222.1613392436 0 57.9395 578.1274074 0.43195 0.4361 10.0635 0.51859124 2.937405648
3958.79747718573 878.88969747897 1518.9685050834 0 57.0815 718.5281481 0.4318 0.4361 10.5745 0.5475549565 2.536844295
4171.8557998538 905.70726362411 925.5436503782 0 57.707 437.8162963 0.431675 0.436125 10.09 0.5223840893 4.083441428
4259.86437499523 931.430821615617 1202.1456741602 0 57.9545 568.6592593 0.43165 0.4361 10.4375 0.5315352886 1.712479469
4167.51350462437 956.01140706881 774.2031734038 0 57.2605 366.2266667 0.4316 0.4359 10.3725 0.5379682205 2.98388989
4066.74653291702 979.402231246531 583.3653465962 0 58.6795 275.9533333 0.4316 0.43575 10.1285 0.5116894033 3.045647525
3943.13263893127 1001.55877012031 1430.8272326474 0 57.596 676.8340741 0.431725 0.4355 10.384 0.5341554357 2.243462323
3854.38900440931 1022.43884912059 1625.575176218 0 55.247 768.957037 0.43155 0.435425 11.364 0.6017301025 2.157532882
4470.25141865015 1042.00272341489 980.733143782 0 56.799 463.922963 0.431575 0.4355 11.1465 0.5725423857 1.380714795
4977.89722681046 1060.21315356089 505.9036888654 0 58.767 239.3111111 0.43155 0.435425 10.6965 0.5303472024 1.973455284
5147.66965806484 1077.03547639049 789.998668109 0 59.0605 373.6985185 0.43155 0.43545 10.731 0.5277838578 1.415113134
4878.56563925743 1092.43767098996 1589.8501422692 0 55.5445 752.0577778 0.431575 0.435325 11.1545 0.5894812572 2.618789373
5326.09147578478 1106.39041965051 1188.916731891 0 52.905 562.4014815 0.43155 0.435225 11.265 0.629076922 2.446797678
5717.10504591465 1118.86716367338 455.433896218 0 53.7365 215.437037 0.431525 0.4353 11.0705 0.6100428389 2.765413953
5609.12266373634 1129.84415392315 476.1557941602 0 55.0675 225.2392593 0.43155 0.435275 10.8375 0.5833831282 1.656831191
4931.2045276165 1139.30049603307 632.1987465962 0 53.55 299.0533333 0.43155 0.4353 11.143 0.6154583159 1.826697892
4294.16620731354 1147.21819017624 1285.773948109 0 51.0175 608.2185185 0.43155 0.435225 11.7795 0.6769550608 2.108923646
4544.4989874959 1153.58216532726 982.4901126474 0 48.9465 464.7540741 0.431275 0.435275 11.871 0.7098527952 2.516656853
5061.76440417767 1158.38030794873 1064.860948109 0 47.6345 503.7185185 0.431275 0.4353 12.0925 0.7388084692 2.188876542
5591.05362743139 1161.60348504834 1063.7413111346 0 49.061 503.1888889 0.43125 0.435275 12.4435 0.735473009 1.87729931
5962.8289192915 1163.24556156243 1465.7082326474 0 45.4605 693.3340741 0.43125 0.435325 12.733 0.8025621171 2.764351456
6612.35761642456 1163.30341203307 1303.6020149166 0 42.074 616.6518519 0.43115 0.435325 12.6549 0.848041217 2.040126968
7055.07411807775 1161.77692655639 854.1280326474 0 42.646 404.0340741 0.4312 0.435325 12.592 0.8362091104 3.04657721
7330.65707981586 1158.66901099083 500.3744045384 0 46.7955 236.6955556 0.431175 0.435225 11.997 0.7459353811 2.927311927
6609.4516441226 1153.98558142489 601.5379169744 0 47.711 284.5496296 0.4312 0.435175 12.0315 0.7347693145 1.792299553
6122.71419167519 1147.73555291504 354.0636815128 0 45.491 167.4851852 0.431175 0.43515 11.9095 0.7598265303 2.541891156
5919.74204778671 1139.93082251509 417.7796415128 0 45.987 197.6251852 0.431175 0.43515 11.7185 0.7434758474 2.1686891
5229.80010509491 1130.58624662932 1306.6853230256 0 49.206 618.1103704 0.431175 0.43515 11.4975 0.6890209748 2.787726389
5410.39283573627 1119.71961273266 2032.1756726474 0 40.0185 961.2940741 0.431225 0.435175 12.8665 0.8903962878 2.950554048
10604.9898862839 1107.35160551152 858.9510845384 0 40.396 406.3155556 0.4312 0.435175 12.4965 0.8635823134 2.843241855
13273.3455598354 1093.50576748991 929.5398934038 0 44.98 439.7066667 0.4312 0.43495 11.9935 0.7712109667 2.869538655
12145.7297354937 1078.20845421568 1187.469816218 0 49.45 561.717037 0.431175 0.434925 11.799 0.699518818 3.042592847
9854.19197380543 1061.48878409223 1939.0046458398 0 46.7725 917.2207407 0.43115 0.43495 12.588 0.7758419301 2.86356211
8662.84847259521 1043.37858295122 1943.5176445384 0 46.1775 919.3555556 0.43115 0.434925 13.0385 0.8080121266 2.096837743
8651.05748176575 1023.91232347174 1836.2908665962 0 47.2115 868.6333333 0.43115 0.434825 12.756 0.777967654 2.932358788
9749.08223748207 1003.12705956124 1741.8107258398 0 48.775 823.9407407 0.431175 0.434775 12.8515 0.7596637242 2.144384482
10235.0841611624 981.062355823189 1701.6932696218 0 49.282 804.9637037 0.4312 0.4348 12.958 0.757406928 1.700260754
9516.28433167934 957.760212245698 1284.6370858398 0 50.3235 607.6807407 0.431125 0.4348 13.374 0.7622898356 1.455488018
8633.9567899704 933.264984254445 1171.364268109 0 52.3635 554.0985185 0.431075 0.434825 13.206 0.7230153479 2.507492817
7928.382396698 907.623298282125 457.3803422692 0 55.754 216.3577778 0.4311 0.434775 12.535 0.6426881493 2.20003276
6853.67207229137 880.883963014995 1093.5925569744 0 50.1515 517.3096296 0.431125 0.4348 12.489 0.7218824822 3.123475428
6264.73132520914 853.097876485772 1200.6126326474 0 48.2945 567.9340741 0.430975 0.4347 13.347 0.7920289864 1.865213407
6623.2793033123 824.317929189285 1317.8816934038 0 47.459 623.4066667 0.430825 0.43475 13.412 0.8082460436 2.314251183
7430.32287061214 794.598903405821 1065.4810549166 0 47.295 504.0118519 0.43075 0.4348 13.492 0.8150073163 1.912760146
7610.91654002666 763.997368923323 1293.8697850834 0 42.997 612.0481481 0.4308 0.434725 13.5455 0.8845470502 2.313321498
8090.90749919415 732.571575357142 753.5846265962 0 37.524 356.4733333 0.430775 0.434625 13.389 0.9596374239 3.027452265
7684.73086506128 700.381341272519 696.8448665962 0 38.577 329.6333333 0.43075 0.434625 13.332 0.9399622129 2.436703957
6828.85654270649 667.487940320342 814.8373850834 0 37.4785 385.4481481 0.4308 0.4346 13.435 0.9632207186 3.32787328
6582.59850740433 633.953984603578 552.1877615128 0 38.077 261.2051852 0.4308 0.434775 13.5495 0.9611437585 2.764351456
6664.59564864635 599.843305495599 331.9982192436 0 39.0915 157.0474074 0.430825 0.434875 13.2745 0.9285980736 2.445735181
6183.86963009834 565.220832138078 285.2318415128 0 40.522 134.9251852 0.430725 0.434975 13.069 0.8946979333 2.324344904
5283.50684791803 530.152467849168 213.816223782 0 44.3965 101.142963 0.4308 0.434975 12.5655 0.8092784311 2.691570415
4488.95506560802 494.70496467742 383.8288015128 0 49.9495 181.5651852 0.4306 0.43495 11.8675 0.6957462349 2.749210875
3868.75106021762 458.945796340287 239.05112 0 51.8795 113.08 0.430525 0.434975 11.635 0.6587207828 2.556102053
3575.59989765286 422.943029788859 179.14192592436 0 53.176 84.74074074 0.430575 0.434975 11.4135 0.631644271 2.479203836
3377.4380274117 386.765195643553 142.40060592436 0 53.9655 67.36074074 0.430575 0.434975 11.3335 0.6177105688 1.71752633
3083.08359235525 350.481157747281 345.3477377308 0 54.465 163.3622222 0.430575 0.43495 11.49 0.6173759721 1.478862951
2640.83506911993 314.159982084221 465.2867022692 0 51.513 220.0977778 0.4306 0.4349 12.249 0.6911739288 0.987192485
2546.07953131199 277.870805314206 410.1833349166 0 50.6855 194.0318519 0.430525 0.434925 12.062 0.6943658983 0.940708243
2827.67416164279 241.682703172179 335.2882296218 0 50.285 158.6037037 0.4303 0.434875 12.1115 0.7022919592 0.873903747
3087.62608096004 205.664558984011 275.2584592436 0 50.106 130.2074074 0.4304 0.43495 12.3785 0.7173141867 0.636170053
3015.71582257748 169.884932548607 216.7961807564 0 51.5095 102.5525926 0.43035 0.434925 12.035 0.681549709 0.905247407
2781.48206323385 134.411929635666 174.00882073526 0 54.465 82.31259259 0.430375 0.4348 11.753 0.6282087054 1.540487775
2499.15213882923 99.3130723479857 112.03260445384 0 65.5595 52.99555556 0.430375 0.4348 10.5135 0.437607986 1.263308881
2291.37089475989 64.6551705945949 46.26684741602 0 70.876 21.88592593 0.43035 0.43475 10.136 0.3608360359 0.870849068
1975.37421807647 30.504194919795 21.44535554616 0 69.392 10.14444444 0.43045 0.43475 9.9035 0.3733609436 1.011497102
1726.71151533723 0 8.09583703782 0 73.6025 3.82962963 0.43045 0.43465 9.705 0.3177393393 0.863810026
1585.06214618683 0 0.300137363358 0 76.3715 0.141976047 0.43045 0.4347 9.5905 0.2822297186 0.456209631
1418.16236078739 0 0 0 79.079 0 0.430425 0.43475 9.5565 0.2493194543 0.724224488
1302.96597629786 0 0 0 79.3155 0 0.430475 0.434725 9.4035 0.2439762147 0.939645746
1228.65105047822 0 0 0 81.3255 0 0.4305 0.434725 8.9805 0.2140724581 0.765661869
1080.99001273513 0 0 0 83.4115 0 0.4305 0.434725 8.9195 0.1893775907 0.856770983
1053.56821417809 0 0 0 84.411 0 0.430475 0.43475 8.7745 0.1762302388 0.517834454
843.38253736496 0 0 0 85.517 0 0.430525 0.434775 8.6485 0.1623362251 1.969338109
965.05880355835 0 0 2.2 81.333 0 0.430625 0.4347 7.8285 0.1978904243 2.468047618
983.328033238649 0 0 0.4 90.536 0 0.43065 0.43475 6.7225 0.0930074677 1.839846292
799.595106393099 0 0 0.2 89.056 0 0.43055 0.434825 6.8025 0.1081457465 0.906309904
568.968582898378 0 0 0 91.817 0 0.43045 0.43485 6.6005 0.079745734 0.990247163
474.212575703859 0 0 0 95.341 0 0.430525 0.43495 6.5015 0.0450945988 1.141918604
444.386579096317 0 0 0 98.0185 0 0.430525 0.435 6.3605 0.0189933502 1.298769717
413.358014076948 0 0 0 99.422 0 0.430525 0.435025 6.303 0.0055183755 1.109645259
357.079032808542 0 0 0 99.5785 0 0.430575 0.43495 6.345 0.0040359001 1.064090702
255.109023302794 0 0 0 99.5785 0 0.430575 0.4347 6.486 0.0040753533 1.338214917
230.092361569405 0 0 0 100 0 0.430575 0.4348 6.49 0 1.215762142
274.814810603857 0 0 0 100 0 0.430625 0.4348 6.4825 0 1.212840276
202.904786914587 0 0 0.6 100 0 0.4306 0.434825 6.471 0 1.294652541
281.294457614422 0 0 0 100 0 0.430575 0.435025 6.425 0 0.975106582
345.255419611931 0 0 0 100 0 0.430575 0.43475 6.391 0 0.927559843
228.856701403856 0 0 0 100 0 0.430625 0.4347 6.2995 0 0.798068026
263.959776610136 0 0 0 100 0 0.430625 0.43445 6.288 0 1.238074578
134.334683418274 0 0 0 100 0 0.4306 0.43445 6.3605 0 1.383769474
135.771006345749 0 0 0 100 0 0.4306 0.4344 6.3335 0 1.288675996
133.599858731031 0 0 0 100 0 0.430625 0.4346 6.322 0 1.673963955
117.000237107277 0 0 0 100 0 0.430625 0.434575 6.3795 0 1.223863682
124.448228627443 0 0 0 100 0 0.430625 0.434825 6.555 0 1.358402359
117.467746138573 0 0 0 100 0 0.430625 0.4348 6.669 0 1.555628356
115.296833217144 0 0 0 100 0 0.4306 0.434825 6.719 0 1.567847071
107.113547623158 0 0 0 100 0 0.4306 0.435025 6.711 0 1.394792879
110.954772680998 0 0 0 100 0 0.430575 0.4351 6.7495 0 1.632526573
108.783859759569 0 0 0 100 0 0.430575 0.4353 6.7875 0 1.713409154
106.612712144852 0 0 0.2 100 0 0.430625 0.4353 6.7835 0 1.344324274
127.287313342094 0 0 0.2 100 0 0.430625 0.4353 6.795 0 1.31085562
121.509164571762 0 0 0.2 100 0 0.43065 0.4353 6.837 0 1.67808113
106.111641973257 0 0 0 100 0 0.4306 0.4353 6.7455 0 1.682065494
103.940729051828 0 0 0 99.521 0 0.430625 0.4353 6.5165 0.004641052 0.998348703
101.7698161304 0 0 0 97.82 0 0.430575 0.4354 6.3375 0.0208628894 0.414772249
56.312307715416 0 0 0 97.332 0 0.430625 0.43545 6.284 0.0254389604 0.688763652
141.916450113058 0 0 0 98.659 0 0.430625 0.43545 6.097 0.0126220174 0.854645989
110.887885093689 0 0 0 100 0 0.4305 0.43545 6.017 0 1.231035536
34.1680571436882 0 0 0 100 0 0.4306 0.43545 5.9865 0 1.144043598
70.4739354550838 0 0 0 100 0 0.430375 0.435425 5.9255 0 1.447386479
0 0 0 0 100 0 0.430325 0.4355 5.8645 0 1.637573434
0 0 0 0 100 0 0.430375 0.43575 5.7425 0 1.527339375
24.3736021220684 0 0 0 100 0 0.430375 0.4358 5.6775 0 1.734659093
0 0 0 0 100 0 0.430175 0.43575 5.487 0 1.692292027
0 0 0 0 100 0 0.4301 0.435675 5.4375 0 1.291730675
0 0 0 0 100 0 0.4301 0.435925 5.3075 0 1.198629379
50.9265661239624 0 0 0 100 0 0.430075 0.436075 5.1435 0 0.872974062
32.0138074457645 0 0 0 100 0 0.4301 0.43585 5.0215 0 1.194512203
10.6963813304901 0 0 0 100 0 0.4301 0.435775 4.9455 0 1.028629866
63.927635550499 31.8125628670192 7.492955554616 0 100 3.544444444 0.430125 0.43575 4.747 0 0.517834454
25.7763639092445 65.8575049436918 26.57846073526 0 100 12.57259259 0.430125 0.436175 4.5565 0 0.561396829
0 100.413855594872 52.1234103782 0 100 24.6562963 0.430125 0.435975 4.667 0 1.001403381
0 135.41583779041 125.15819554616 0 100 59.20444444 0.43015 0.4359 4.8575 0 1.053996981
0 170.796826269052 182.82811554616 0 100 86.48444444 0.430125 0.435925 5.0445 0 0.902192728
9.04296711087227 206.489474357424 230.4385273526 0 100 109.0059259 0.430125 0.4358 5.2355 0 0.987192485
109.167817980051 242.425842162925 187.04828592436 0 100 88.48074074 0.43015 0.435825 5.43 0 0.858763165
117.910142987967 278.537525895221 229.7150696218 0 100 108.6637037 0.4301 0.4358 5.594 0 0.711076088
130.259938538074 314.755788070839 173.9054696218 0 100 82.2637037 0.43015 0.435825 5.8265 0 0.536029714
146.216735243797 351.011688353006 195.97093184872 0 100 92.70148148 0.4302 0.43585 5.7995 0 0.49060797
117.684837430716 387.236214777354 243.7708207564 0 100 115.3125926 0.430175 0.435825 5.9635 0 0.46431117
160.094384104013 423.36041511411 314.2562784872 0 100 148.6548148 0.430125 0.435825 6.036 0 0.507740733
70.240180939436 459.315528116393 323.7990311346 0 100 153.1688889 0.4301 0.43595 6.3145 0 1.06209852
77.7801722288132 495.033114404985 421.1730030256 0 100 199.2303704 0.430125 0.435875 6.7225 0 1.423214673
86.5227319300175 530.445186740413 486.3186534038 0 99.0825 230.0466667 0.430075 0.435875 7.245 0.0093461417 1.050942302
106.086764484644 565.484339434159 504.5773496218 0 98.5675 238.6837037 0.430075 0.4359 7.619 0.0149704336 0.925567661
91.983575373888 600.083876653242 561.7305141602 0 97.4655 265.7192593 0.430075 0.435925 7.8515 0.0269106212 1.254277657
61.0467754304409 634.177939373122 515.8598458398 0 94.811 244.0207407 0.43005 0.435925 8.092 0.056005434 1.734659093
80.6108079850674 667.70163073802 623.792856218 0 89.1705 295.077037 0.43005 0.435875 8.275 0.1183476194 1.776229287
23.2212580740452 700.591139589646 566.7430430256 0 87.504 268.0903704 0.43005 0.435875 8.538 0.1390193802 1.968408424
24.7493460774422 732.783861929119 530.2256503782 0 85.906 250.8162963 0.430025 0.43595 8.5725 0.1571644887 1.827760389
0 764.218520081394 531.0524592436 0 86.329 251.2074074 0.430025 0.43595 8.6525 0.1532762551 1.361457037
0 794.835279334728 661.3609850834 0 85.212 312.8481481 0.430025 0.43595 8.8395 0.1679119384 1.891510207
0 824.575861833602 721.3735303782 0 81.6915 341.2362963 0.429975 0.436125 9.049 0.2108501861 1.858174365
0 853.383657508177 750.3118415128 0 78.9 354.9251852 0.429925 0.436 9.274 0.246715297 1.971463103
0 881.203831828983 838.2291865962 0 77.9505 396.5133333 0.430025 0.436 9.5485 0.2626266655 1.734659093
0 907.983430182192 841.915376218 0 73.229 398.257037 0.429925 0.436025 9.705 0.3222350546 1.731737227
0 933.671478666183 1043.2088903782 0 72.1495 493.4762963 0.42995 0.435975 10.193 0.3463765168 1.538495593
0 958.219081118007 1220.0943169744 0 69.9835 577.1496296 0.42995 0.43595 10.5975 0.3835388813 1.540487775
0 981.579512184894 1434.1172430256 0 64.949 678.3903704 0.429925 0.436 10.9405 0.4582154018 1.925908546
221.592005342245 1003.70830626357 1676.6650754616 0 65.258 793.1244444 0.4296 0.436 11.753 0.4793066179 1.520300332
527.326952666044 1024.56334213841 546.0211450834 0 61.673 258.2881481 0.42955 0.436 11.246 0.5113125208 2.504438138
1047.08880186081 1044.10492315679 932.313148109 0 60.3575 441.0185185 0.429525 0.436025 10.853 0.5152313941 1.737713772
1783.28245505691 1062.29585278961 1896.0278088654 0 53.9005 896.8911111 0.42955 0.43605 12.0085 0.6468124403 2.670320476
2753.94409149885 1079.10150543269 1051.0118992436 0 51.643 497.1674074 0.42955 0.436 12.0925 0.6822537958 2.785601395
3348.25438633561 1094.48989231462 1280.6236177308 0 46.4905 605.7822222 0.429525 0.436025 12.1075 0.7556952652 2.964632133
3631.14405423403 1108.43172238541 807.9473111346 0 45.823 382.1888889 0.429525 0.436025 12.127 0.7661056069 3.164912809
4183.37032198906 1120.90045807007 1152.588816218 0 44.858 545.217037 0.429525 0.43605 12.302 0.7887854923 2.029103562
4716.3587808609 1131.87236578107 1322.808096218 0 44.206 625.737037 0.429525 0.43605 12.741 0.8214530428 2.4042978
5036.52267158031 1141.32656109349 1199.269068109 0 40.5715 567.2985185 0.429525 0.436 12.718 0.8736454506 3.318709243
6542.25144535303 1149.24504849684 1132.3836741602 0 41.2045 535.6592593 0.4295 0.436325 12.7445 0.8658426297 2.106931465
7206.3015550375 1155.61275564796 1376.3611969744 0 41.708 651.0696296 0.4295 0.43635 12.821 0.8627417308 2.910046351
7493.9998537302 1160.41756205978 1402.9224326474 0 40.678 663.6340741 0.4295 0.436375 12.8935 0.8821644433 2.527680259
7268.27466487885 1163.65032217127 1249.2221050834 0 42.4365 590.9281481 0.4295 0.4364 12.882 0.8553699205 3.219631402
6699.86582547426 1165.30488275471 728.3497303782 0 42.7985 344.5362963 0.429375 0.4364 12.8895 0.8504082256 2.849351213
6284.16158258915 1165.37809462728 259.8763688654 0 45.1215 122.9311111 0.4294 0.43635 12.1115 0.7752334161 2.011837987
5430.78392744064 1163.86981864439 362.6762741602 0 48.443 171.5592593 0.429425 0.43635 11.4555 0.6974288071 2.179712506
4608.66835713387 1160.78292596364 418.7959273526 0 46.7955 198.1059259 0.429425 0.43635 11.41 0.7175492509 1.818729165
4021.02170884609 1156.12329257873 655.6077734038 0 44.862 310.1266667 0.42945 0.436375 11.818 0.7639662529 1.722573191
4051.40697956085 1149.8997881338 766.91692 0 43.6875 362.78 0.429475 0.436325 12.3175 0.8063507011 1.397847558
5410.44352948666 1142.12425903946 941.1324430256 0 42.982 445.1903704 0.429475 0.436375 12.657 0.8348630132 0.864872523
6958.25609564781 1132.81150592269 977.253656218 0 42.3945 462.277037 0.42945 0.43635 12.9695 0.8609102698 1.179371622
8198.25527071953 1121.97925545348 218.5359245384 0 43.9125 103.3755556 0.42945 0.436375 12.367 0.8057472779 1.764010572
7613.01282048225 1109.6481266019 113.58287111346 0 49 53.72888889 0.429475 0.436325 11.7415 0.7030703792 3.089077089
6335.18859744072 1095.84159138981 287.3849896218 0 47.791 135.9437037 0.42945 0.43625 11.696 0.7175763404 2.115033004
5384.41604375839 1080.58593021187 447.4241850834 0 46.7995 211.6481481 0.429475 0.4362 12.0965 0.7507870661 1.347246141
4665.70774465799 1063.910181811 723.319976218 0 44.2555 342.157037 0.4295 0.4364 12.508 0.8082735185 2.061376908
4789.88067805767 1045.84608800341 666.2701630256 0 43.2525 315.1703704 0.42945 0.43625 12.905 0.8445151611 2.601523798
5868.75727772713 1026.42803325845 626.3594088654 0 41.6585 296.2911111 0.4295 0.43635 12.802 0.8624002592 3.13556133
6552.04519629478 1005.69297924837 682.4790622692 0 42.3335 322.8377778 0.42945 0.43635 12.8935 0.8575458661 2.064431586
6321.51114195585 983.680394492459 811.6507258398 0 42.341 383.9407407 0.4295 0.43645 13.122 0.8703454188 2.662218936
6343.47984194756 960.432179229453 561.2137584872 0 42.7375 265.4748148 0.42945 0.4366 13.1525 0.8660846358 2.831155952
6057.63468146324 935.992585661436 298.460783782 0 42.4365 141.182963 0.4294 0.436525 12.9085 0.8568551487 3.154819088
5680.40652573109 910.408133720846 286.5581807564 0 42.173 135.5525926 0.4293 0.436525 12.653 0.8464863485 3.27527968
4973.72203320265 883.727522520918 288.3151496218 0 42.612 136.3837037 0.429175 0.436525 12.5655 0.8352508494 2.528742756
4368.03920567036 856.001537658314 436.7617954616 0 43.371 206.6044444 0.429175 0.43655 12.714 0.8322723263 2.145314167
4052.13358998299 827.282954544109 889.7324903782 0 42.276 420.8762963 0.429175 0.43655 13.0765 0.8687392232 2.892913588
5509.76666808128 797.626437947399 937.015623782 0 41.727 443.242963 0.42915 0.436525 13.656 0.9107824395 2.891851091
8235.93011498451 767.088437942564 1128.163503782 0 40.4035 533.662963 0.429125 0.4365 14.0335 0.9545967449 2.587445713
9408.59484672546 735.727082458429 732.3459734038 0 40.892 346.4266667 0.429125 0.436475 13.717 0.9275064625 2.791710753
9193.69089603424 703.602066633526 424.7558415128 0 41.7535 200.9251852 0.4291 0.4365 13.3355 0.8915554667 2.591430077
8009.65292751789 670.774539188532 381.658428109 0 42.6005 180.5385185 0.4289 0.43655 13.183 0.8698881526 2.618789373
6901.36785060167 637.306986031791 406.2904430256 0 43.165 192.1903704 0.42885 0.436525 13.145 0.8591976659 2.548000514
5927.75072157383 603.263111319469 561.937216218 0 42.337 265.817037 0.428825 0.436275 13.2785 0.8793474086 2.74828119
5403.82987260818 568.70771619729 534.5319465962 0 41.2925 252.8533333 0.428825 0.4363 13.4885 0.9076203769 1.889518025
5274.29607510567 533.706575453774 558.3371526474 0 41.9825 264.1140741 0.428875 0.436275 13.477 0.8962810801 2.069478447
5317.90912896395 498.326312320487 219.9656149166 0 43.3785 104.0518519 0.428775 0.4363 13.1985 0.8589666993 2.847359031
4789.17941451073 462.634271657342 121.67870815128 0 45.194 57.55851852 0.428625 0.436325 12.8665 0.8135684994 2.034150423
4118.56634169817 426.698391764375 143.84752149166 0 45.926 68.04518519 0.428575 0.4363 12.714 0.7947216757 2.117025186
3570.59811428189 390.587075063862 203.96341777308 0 45.9335 96.48222222 0.428575 0.4363 12.695 0.7936221739 1.975447466
3156.09620511532 354.369057899255 266.6458665962 0 46.025 126.1333333 0.4286 0.4363 12.7025 0.7926687925 2.216235839
3060.22986397147 318.113279698347 273.5359407564 0 46.399 129.3925926 0.4286 0.43625 12.7485 0.7895536221 1.668917094
3201.23617351055 281.888751750098 262.132868109 0 46.887 123.9985185 0.428625 0.436275 12.8935 0.7898317669 1.361457037
3131.82258233428 245.764425844616 139.5412251891 0 47.4975 66.00814815 0.428575 0.436375 12.5615 0.7639444699 1.176316943
2901.28782391548 209.809063026613 100.75010815128 0 49.1715 47.65851852 0.4286 0.436425 12.3135 0.7276326828 1.290668178
2521.65570482612 174.091102711633 78.59852 0 50.4225 37.18 0.4286 0.43645 12.1915 0.7040491601 1.199691876
2319.97836381197 138.678532415047 71.70844592436 0 51.738 33.92074074 0.4286 0.4366 12.0505 0.6790314628 1.199691876
2046.15677520633 103.638758340815 62.59632296218 0 52.0165 29.61037037 0.428575 0.4365 12.02 0.6737570928 1.690167033
1814.4194483757 69.0384770770237 48.31664445384 0 52.3065 22.85555556 0.428625 0.43645 11.921 0.6653267313 1.787252693
1623.56381490827 34.9435486421725 22.78892 0 52.4745 10.78 0.428525 0.436675 11.753 0.6556699864 1.300761899
1532.50727802515 1.41887112390249 7.389604445384 0 53.1265 3.495555556 0.4285 0.436775 11.486 0.635355434 1.27141042
1416.20009019971 0 1.658541856202 0 53.275 0.784551493 0.42845 0.436525 11.36 0.6280782609 1.084278144
1290.27376323938 0 0 0 54.3355 0 0.428475 0.4365 11.1925 0.6070418505 1.224926179
1195.60999050736 0 0 0 55.594 0 0.42855 0.436625 10.979 0.5819995844 1.108582762
1056.45775794983 0 0 0 55.8535 0 0.42855 0.4367 10.8875 0.5750882875 1.2087231
948.567140847444 0 0 0 56.372 0 0.42855 0.4366 10.8265 0.5660315206 1.294652541
885.165922343731 0 0 0 56.162 0 0.428625 0.436775 10.872 0.57048089 1.382706977
772.465970367193 0 0 0 56.7955 0 0.428575 0.4368 10.8185 0.5602385984 1.338214917
666.980490088463 0 0 0 56.986 0 0.428525 0.436675 10.7845 0.5565072366 1.835861929
644.460495561361 0 0 0 57.352 0 0.428575 0.4368 10.685 0.5481270258 1.427199037
606.309458613396 0 0 0 58.4085 0 0.42865 0.4366 10.521 0.5287345904 1.395855376
572.968225926161 0 0 0 59.4075 0 0.428675 0.4366 10.3345 0.5096479632 1.06209852
526.400148868561 0 0 0 59.4765 0 0.42865 0.43675 10.239 0.5055437105 1.174324761
527.928236871958 0 0 0 60.033 0 0.428575 0.4365 10.1815 0.4966870503 0.917466122
452.502742409706 0 0 0 60.769 0 0.428625 0.436525 10.0675 0.4838340925 0.865802207
456.43549785018 0 0 0 61.509 0 0.4286 0.43645 9.972 0.4716801095 0.672693386
393.034279346466 0 0 0 62.295 0 0.428625 0.43635 9.915 0.460286023 0.671630889
392.157230526209 0 0 0 63.5035 0 0.428675 0.436325 9.865 0.4440416474 0.911356764
351.601526141167 0 0 0 64.015 0 0.428625 0.436225 9.823 0.4365863979 0.691818331
327.878963202238 0 0 0 63.5495 0 0.428625 0.436225 9.789 0.4412260946 0.967005042
270.489647984505 0 0 0 63.828 0 0.428625 0.436025 9.7165 0.4357286933 1.03075486
266.005832701921 0 0 0 63.2675 0 0.42865 0.435975 9.751 0.4435067983 0.795013348
253.104977309704 0 0 0 63.5685 0 0.4287 0.436025 9.6705 0.4375006587 1.045895441
190.90585783124 0 0 0 63.7175 0 0.428775 0.436025 9.6745 0.4358284493 1.218816821
234.517738223076 0 0 0 63.5725 0 0.428675 0.436 9.6785 0.4376878075 1.170340397
184.34289470315 0 0 0 63.05 0 0.42865 0.436025 9.743 0.4458933035 1.473683279
218.335635960102 0 0 0 63.519 0 0.428675 0.43605 9.747 0.4403519127 1.535440914
186.196502298117 0 0 0 64.087 0 0.428675 0.4361 9.69 0.4318394235 1.492011351
176.902882754803 0 0 0 63.5955 0 0.428675 0.436 9.724 0.4387503357 1.390808516
127.930138260126 0 0 0 62.6875 0 0.428675 0.43605 9.812 0.4523581885 1.430253715
111.422281712294 0 0 0 62.7865 0 0.42865 0.43605 9.7545 0.4494199741 1.363449219
120.164606720209 0 0 0 63.1755 0 0.428625 0.435975 9.728 0.4439314496 1.492011351
128.907166421413 0 0 0 63.5075 0 0.428675 0.436 9.6745 0.438350987 1.554698671
102.779936045408 0 0 0 63.5115 0 0.428675 0.436025 9.69 0.4387595802 1.521230017
99.4984544813633 0 0 0 63.7745 0 0.428675 0.436075 9.648 0.434369639 1.565854889
143.110569566488 0 0 0 63.7325 0 0.428675 0.43605 9.644 0.4347563704 1.376597619
103.756964206696 0 0 0 64.3925 0 0.428725 0.436025 9.5525 0.4242270782 1.218816821
140.154607594013 0 0 0 64.804 0 0.428675 0.436075 9.476 0.4171720459 1.041778266
94.7890989482403 0 0 0 65.079 0 0.4287 0.43605 9.4305 0.4126468967 1.032747042
127.579506486654 0 0 0 65.6165 0 0.4287 0.436075 9.362 0.4044257445 1.136871743
23.296594619751 0 0 0 66.1655 0 0.428725 0.436025 9.32 0.3968438768 1.13793424
70.5157108604908 0 0 0 66.772 0 0.42875 0.436025 9.2895 0.3889300723 1.144973283
0 0 0 0 67.3595 0 0.4287 0.435925 9.255 0.3811660389 1.267426057
0 0 0 0 67.592 0 0.428625 0.435825 9.2665 0.3787444695 1.17737944
0 0 0 0 68.3055 0 0.428675 0.435775 9.2055 0.3688856682 1.304879075
10.4959532618523 0 0 0 69.0185 0 0.428725 0.435525 9.1635 0.3595671164 1.264371378
0 0 0 0 69.724 0 0.428725 0.435475 9.0605 0.3489449822 0.78385713
25.2504162490368 0 0 0 69.4875 0 0.428725 0.4355 9.0755 0.3520270856 1.036731405
0 0 0 0 68.6255 0 0.428725 0.43545 9.1675 0.3642264948 1.142981101
0 0 0 0 69.1635 0 0.428725 0.43545 9.095 0.3562337491 0.900200546
91.3822911679745 0 0 0 69.781 0 0.4286 0.435475 9.049 0.3480176843 0.869919383
94.9892923235893 0 0 0 69.3275 0 0.428475 0.435325 9.068 0.3536938889 0.664591846
123.847179114819 0 0 0 69.1865 0 0.428425 0.435175 8.988 0.3534051773 0.271069536
119.037374854088 2.11269669659696 0 0 69.8005 0 0.428475 0.435175 8.8585 0.3433444184 0.262967997
134.668417274952 35.5166920561232 0 0 70.2925 0 0.428475 0.43515 8.847 0.3374881702 0.473342394
54.1080683469772 69.4964342096707 0.206702222692 0 71.0055 0.097777778 0.428425 0.435175 8.824 0.3288761628 0.284217936
3.60723584890366 103.987244498882 2.669903703782 0 72.859 1.262962963 0.4284 0.435175 8.763 0.3065843603 0.778810269
37.274457514286 138.923471489654 5.942688888654 0 73.122 2.811111111 0.4284 0.435125 8.767 0.3036957241 0.773763408
0 174.238615936156 11.179145184872 0 74.583 5.288148148 0.42845 0.43515 8.637 0.284670742 0.722232306
0 209.865457358857 15.399315554616 0 73.145 7.284444444 0.42845 0.4352 8.717 0.3024105287 0.580654587
0 245.736181995098 24.2013851891 0 72.2105 11.44814815 0.428375 0.435175 8.862 0.3160194198 0.405608213
0 281.782511879106 34.881 0 71.8595 16.5 0.428425 0.435125 8.973 0.3224211678 0.587693629
0 317.935834805401 41.13374222692 0 72.2485 19.45777778 0.428425 0.43515 8.9805 0.3181253486 0.62913101
0 354.127334928358 52.74351703782 0 72.8895 24.94962963 0.42855 0.4352 8.931 0.3097394971 0.920520801
0 390.28812374946 64.43941777308 0 73.923 30.48222222 0.428475 0.435325 8.87 0.2967055192 0.827419505
0 426.349371242672 80.0282103782 0 74.0565 37.8562963 0.428475 0.43515 8.9005 0.2957959384 0.539084393
0 462.242436868414 101.16351258398 0 74.1175 47.85407407 0.4284 0.4352 8.927 0.2956295652 0.510795412
0 497.899000227053 135.63110815128 0 73.4575 64.15851852 0.4284 0.43515 9.095 0.3066279988 0.323663135
0 533.251191102655 175.95526665962 0 72.5235 83.23333333 0.4284 0.435175 9.236 0.3204516373 0.80205239
0 568.231718650045 211.35302222692 0 72.5385 99.97777778 0.428425 0.43515 9.4115 0.3240862804 0.702974549
0 602.773999478876 259.1529111346 0 72.901 122.5888889 0.4284 0.43505 9.6935 0.3259312299 0.405608213
0 636.812284391044 270.3492815128 0 72.329 127.8851852 0.4284 0.4349 9.9985 0.3396913565 0.445053413
0 670.281783530344 322.886096218 0 71.1045 152.737037 0.4284 0.43495 10.3345 0.3627894986 0.370147377
0 703.118789705837 372.2190265962 0 69.1025 176.0733333 0.428175 0.434975 10.5705 0.3940856789 0.750521288
98.5967628657818 735.260799654561 453.9869807564 0 68.0345 214.7525926 0.428075 0.434925 10.7995 0.4139770092 0.676677749
348.695788532495 766.646633012454 508.7802949166 0 67.169 240.6718519 0.428075 0.434725 11.1885 0.4363236418 0.706029228
593.98477524519 797.216548767251 571.58332 0 65.113 270.38 0.42805 0.43455 11.2075 0.4642328448 1.192520021
923.442520201206 826.912358971493 669.9735777308 0 64.499 316.9222222 0.42805 0.434525 11.5435 0.4830398477 1.033809539
1357.50799253583 855.677539499504 794.9250711346 0 62.5235 376.0288889 0.42805 0.434525 11.7225 0.5159913145 1.349371135
1981.55298829079 883.457337637215 967.5903273526 0 61.5205 457.7059259 0.428 0.434525 12.1 0.5431635725 1.427199037
2665.7179556787 910.198876300176 1119.6542622692 0 59.7395 529.6377778 0.428 0.434225 12.4435 0.5812935291 1.70437793
3886.15262880921 935.851254681358 1129.3003658398 0 56.9365 534.2007407 0.428025 0.43425 12.5655 0.6267656122 2.053275368
5410.79369187355 960.365645137332 1156.3955822692 0 55.0105 547.0177778 0.428 0.434225 12.657 0.6587405649 2.457953896
6220.0086414814 983.695386127994 1322.0846384872 0 53.7445 625.3948148 0.427975 0.4343 13.1335 0.6987378638 1.733729409
6721.40926122665 1005.79607103351 1508.4955926474 0 52.81 713.5740741 0.427925 0.4343 13.6715 0.7383040376 1.194512203
6895.75680345297 1026.62563267892 1474.2346992436 0 52.5125 697.3674074 0.42785 0.4343 14.0145 0.7597017768 1.652714016
7227.61827707291 1046.14442340574 1590.1601954616 0 52.0355 752.2044444 0.427875 0.4343 14.5525 0.7945324076 0.963950364
7530.62327206135 1064.3152905382 1351.1090754616 0 51.7915 639.1244444 0.42785 0.4343 14.537 0.7977749172 1.220809003
7517.39689707756 1081.10364710032 1561.0324073526 0 51.063 738.4259259 0.427625 0.4343 14.747 0.8208848279 1.087332823
7712.18575537205 1096.47753764939 1360.3417749166 0 50.1975 643.4918519 0.427525 0.434325 14.888 0.8430318555 0.988254982
7876.91321969032 1110.40769910039 1129.6965450834 0 50.1745 534.3881481 0.427575 0.43435 15.1245 0.8563603046 1.233027718
7436.83560937643 1122.86761642565 1258.678731891 0 51.788 595.4014815 0.42745 0.43435 14.842 0.8136928304 1.485901994
7458.47855508327 1133.83357312377 1485.9306 0 49.98 702.9 0.42745 0.43425 15.0635 0.8563362124 1.546597132
7672.50569164753 1143.28469636164 1321.877936218 0 49.473 625.297037 0.42745 0.4342 15.296 0.8780422107 1.401964734
8510.57758927345 1151.20299670376 1367.214623782 0 49.5185 646.742963 0.42745 0.434225 15.281 0.8764067264 1.398910055
8534.62614119053 1157.57340235312 1401.5960934038 0 48.607 663.0066667 0.42745 0.4342 15.1585 0.8852345976 2.077579986
8558.6746931076 1162.38378783856 1269.4444726474 0 48.832 600.4940741 0.427375 0.434225 15.948 0.9271077056 1.174324761
8698.15197587013 1165.62499709389 1372.1410265962 0 49.492 649.0733333 0.427425 0.43445 15.609 0.8955131652 1.028629866
8522.60139584541 1167.29086088505 1959.209788109 0 45.4875 926.7785185 0.427325 0.434575 16.585 1.028632894 1.237012081
9435.22220849991 1167.37820855189 1354.3990858398 0 45.518 640.6807407 0.4274 0.434375 15.9595 0.9878793424 1.742760633
10183.114618063 1165.88687404245 869.0967184872 0 46.544 411.1148148 0.427375 0.434475 15.5325 0.9431462192 2.104939283
8998.75089526176 1162.81969622802 766.107336218 0 47.4095 362.397037 0.427325 0.43455 15.662 0.9356070872 1.219879318
7831.22266083956 1158.18251349871 1557.432343782 0 48.2715 736.722963 0.427325 0.4346 16.059 0.9439316808 1.811557311
9213.98060023785 1151.98415264939 1153.5017511346 0 47.1615 545.6488889 0.427275 0.4346 16.257 0.9764423502 1.667987409
11117.3779070377 1144.23641207764 681.3422 0 48.405 322.3 0.427275 0.434625 15.7345 0.9221672347 1.193582518
10076.1010497808 1134.95403932522 427.9425007564 0 48.0005 202.4325926 0.42735 0.434475 15.643 0.9239678998 1.079231283
7928.6170899868 1124.15470300621 592.51192 0 48.901 280.28 0.427375 0.43445 15.681 0.9101794216 0.661537167
6763.49305361509 1111.858959175 582.8485911346 0 48.142 275.7088889 0.427325 0.434525 16.017 0.9437604163 0.435889376
6847.66016900539 1098.09021219825 722.389816218 0 47.909 341.717037 0.427325 0.434525 16.1695 0.9572728751 0.883067783
6239.24691975117 1082.87467020528 885.4261941602 0 46.6505 418.8392593 0.427275 0.434375 16.509 1.001833579 0.600842029
6770.70705592632 1066.24129520172 1060.968056218 0 46.338 501.877037 0.427325 0.43445 16.8445 1.029411339 0.782927445
7933.42642486095 1048.22174794134 765.9006341602 0 45.8725 362.2992593 0.4273 0.43445 16.3485 1.006111575 1.11973898
7995.95153331757 1028.85032766095 741.3719703782 0 46.803 350.6962963 0.42725 0.4344 16.623 1.006237544 1.13793424
7440.44331461191 1008.16390679327 749.3816815128 0 44.7705 354.4851852 0.42725 0.4344 16.2035 1.017152109 1.393863195
6979.92391884327 986.20186078179 693.5720815128 0 44.126 328.0851852 0.427275 0.4344 16.3675 1.039832751 1.363449219
6685.33690273762 963.005993131385 1036.956148109 0 42.223 490.5185185 0.427325 0.434425 16.734 1.10060365 1.031684545
6614.39569294453 938.62045583731 1520.5015465962 0 40.064 719.2533333 0.4273 0.434725 17.241 1.179012245 1.481784818
9241.6368573904 913.091665344011 1066.6179169744 0 39.862 504.5496296 0.4273 0.434775 17.4965 1.202239086 1.001403381
10198.7451910973 886.468214193791 603.794416218 0 39.95 285.617037 0.427325 0.434725 16.898 1.15586996 0.941637928
8678.91369760036 858.800778533331 680.6359673526 0 39.519 321.9659259 0.4273 0.434725 16.9815 1.170345346 0.923442667
7671.3031232357 830.142021654399 740.0284058398 0 40.3195 350.0607407 0.4273 0.43475 17.2335 1.173429465 0.798068026
7297.35785722733 800.54649375205 628.5125569744 0 40.0185 297.3096296 0.4273 0.434725 16.9665 1.159576726 1.36849608
7065.29501080513 770.070528091362 578.7489969744 0 41.281 273.7696296 0.42735 0.43465 16.9095 1.131074858 0.798068026
6198.3647570014 738.77213378027 614.5601569744 0 40.289 290.7096296 0.427325 0.4346 17.3515 1.182820701 1.057051659
5755.88247925043 706.710885352451 712.6575865962 0 40.5145 337.1133333 0.42725 0.43455 17.3135 1.175527017 0.701912052
5913.39688003063 673.947809370812 867.7703792436 0 40.968 410.4874074 0.42725 0.4346 17.7635 1.200165754 0.785982123
6524.21526610851 640.545268266877 757.3913926474 0 39.0385 358.2740741 0.427325 0.434625 17.9655 1.255252344 0.647326271
6276.52090787888 606.566841637727 846.0321954616 0 38.1495 400.2044444 0.427225 0.434625 17.9125 1.269318775 1.087332823
6060.08957326412 572.07720522612 563.969788109 0 38.222 266.7785185 0.42725 0.4346 17.859 1.263569564 0.900200546
5179.93388324976 537.142007814194 724.7496665962 0 36.6165 342.8333333 0.4273 0.434525 17.649 1.279370141 0.813208608
4903.38116884232 501.827746265034 700.4277050834 0 35.968 331.3281481 0.427325 0.434575 18.309 1.347230748 0.684779288
4875.72678923607 466.201638950263 627.8063245384 0 36.071 296.9755556 0.4273 0.43455 17.9125 1.311974518 0.875895928
4845.66633403301 430.331497804036 560.2835984872 0 35.4495 265.0348148 0.4273 0.4346 17.996 1.331704797 0.707091724
4671.31926119328 394.285599247543 504.9907541602 0 34.74 238.8792593 0.42725 0.4346 17.9845 1.345368889 0.972051903
4240.86032062769 358.132554229207 441.8949007564 0 34.065 209.0325926 0.42725 0.434625 18.038 1.363863986 0.604826392
4114.60847407579 321.941177628488 384.4316830256 0 33.966 181.8503704 0.4273 0.4346 18.286 1.387349714 0.690888646
3721.4237563312 285.780357271081 324.7291911346 0 34.645 153.6088889 0.427275 0.43455 17.8095 1.33257214 0.675615252
3557.89768695831 249.718922805982 274.3455245384 0 34.824 129.7755556 0.42725 0.434675 17.6035 1.311781888 0.688763652
3244.07192319632 213.825514692742 223.6518045384 0 35.1825 105.7955556 0.4273 0.434825 17.554 1.300499193 0.638295047
2956.69820532203 178.16845354917 177.19548 0 36.3345 83.82 0.4271 0.435075 17.2755 1.255111381 0.721169809
2674.13476109505 142.815610107857 136.35456592436 0 38.104 64.50074074 0.42715 0.435025 16.898 1.191402616 0.938716061
2475.73890164495 107.834276029086 99.11371554616 0 42.04 46.88444444 0.427275 0.435075 16.448 1.084196277 0.823302329
2255.69986179471 73.2910358159041 66.0758103782 0 45.6095 31.2562963 0.427225 0.43505 15.9255 0.9840799053 0.970059721
2087.36398816109 39.2516400754508 38.27436149166 0 48.6145 18.10518519 0.427125 0.435075 15.4105 0.89954905 1.129832701
1888.96812871098 5.78088036741347 14.675857777308 0 50.8685 6.942222222 0.42715 0.43505 14.991 0.8372092974 1.258262021
1706.20378106833 0 4.053657836536 0 53.0235 1.917529724 0.4272 0.43505 14.579 0.7794994737 1.107520265
1612.41658776999 0 0 0 55.228 0 0.427175 0.435175 14.1405 0.7221361592 1.032747042
1426.04500427842 0 0 0 55.659 0 0.42715 0.435325 14.11 0.713771792 0.9994112
1317.82910227776 0 0 0 56.4865 0 0.42715 0.435175 13.9765 0.6944114814 1.176316943
1180.75554817915 0 0 0 57.7985 0 0.427175 0.4352 13.881 0.6693108138 1.202613743
1121.83791026473 0 0 0 58.6145 0 0.427225 0.4352 13.74 0.6503819478 1.340207098
989.573925733566 0 0 0 59.3315 0 0.4272 0.435275 13.5035 0.6293514515 1.269418239
965.526077896357 0 0 0 61.414 0 0.42725 0.435175 13.1795 0.5846363082 1.020661139
871.739353984594 0 0 0 63.21 0 0.427225 0.435175 12.981 0.5502378734 1.099551538
835.667230188847 0 0 0 63.988 0 0.42725 0.435175 12.84 0.5336537557 1.00445806
763.52321729064 0 0 0 65.2315 0 0.42725 0.43515 12.718 0.5111241551 1.141918604
685.367535799742 0 0 0 65.876 0 0.42725 0.43515 12.6225 0.4985173514 1.307800941
637.271136045456 0 0 0 67.1535 0 0.427225 0.435175 12.451 0.4744816556 1.147098277
598.794344812632 0 0 0 68.0915 0 0.42725 0.4352 12.3365 0.4574758897 1.354417995
590.377539396286 0 0 0 68.805 0 0.42735 0.435125 12.249 0.4446794132 1.06209852
532.662704586983 0 0 0 69.804 0 0.427375 0.435175 12.1075 0.4264471585 1.066082884
542.282078415155 0 0 0 69.5335 0 0.42735 0.435175 12.0695 0.4291913618 1.254277657
511.019289493561 0 0 0 69.354 0 0.42735 0.43515 12.02 0.4303137509 1.431316212
438.875511288643 0 0 0 69.6515 0 0.42735 0.435175 11.9895 0.4252803227 1.405019413
434.065941721201 0 0 0 70.1895 0 0.4273 0.435175 11.9095 0.4155425486 1.626417216
396.791718900204 0 0 0 70.0865 0 0.427425 0.434925 11.8635 0.4157143406 1.344324274
329.45704087615 0 0 0 70.7615 0 0.427375 0.4348 11.734 0.4028733038 1.343261777
347.493220120668 0 0 0 71.856 0 0.427375 0.43465 11.5625 0.3834195361 1.065153199
373.946204781532 0 0 0 72.6875 0 0.42735 0.434625 11.482 0.3701142442 1.571831435
321.040470153093 0 0 0 73.652 0 0.42745 0.4346 11.3525 0.3539942617 1.291730675
298.194721341133 0 0 0 73.8885 0 0.42745 0.43465 11.3105 0.3498413935 1.179371622
290.980719029903 0 0 0 74.2625 0 0.4274 0.43465 11.11784 0.3404503207 1.104598398
191.181387752295 0 0 0 72.2957 0 0.42735 0.43468 11.079545 0.3655358491 1.096496859
282.563678920269 0 0 0 72.98078212 0 0.4274020803 0.43462755475 11.06416577 0.3561327133 1.125848337
232.063081115484 0 0 0 71.15786423 0 0.427404160575 0.4346551095 11.02325653 0.3791281136 1.111637441
191.181387752295 0 0 0 71.51569635 0 0.427431240875 0.434682664225 10.9945573 0.3737109053 0.911356764
143.085457384586 0 0 0 72.78377847 0 0.427408321175 0.434685218975 10.80990307 0.3527145155 1.001403381
76.9533477723598 0 0 0 74.93571058 0 0.42729040145 0.434612773725 10.75178883 0.3235715537 0.49060797
73.346346616745 0 0 0 75.6207927 0 0.42714248175 0.434665328475 10.7319696 0.3143121718 1.179371622
73.346346616745 0 0 0 75.63047482 0 0.42713956205 0.4346078832 10.66109036 0.3127069883 1.001403381
76.9535824656487 0 0 0 74.72605693 0 0.427041642325 0.43462043795 10.59076613 0.3227953899 1.450441158
58.9174032211304 0 0 0 75.96883905 0 0.426893722625 0.4346229927 10.6297769 0.3077221445 0.990247163
14.4289433956146 0 0 0 75.43347117 0 0.426870802925 0.43462554745 10.68599266 0.315758515 0.716122949
63.7272074818611 0 0 0 75.92550328 0 0.4268978832 0.4346281022 10.81879843 0.3121834585 0.977098764
117.83504113555 0 0 0 77.0423354 0 0.4268399635 0.434630656925 10.8239542 0.2978032444 1.312980614
90.1799574494362 0 0 0 76.26771752 0 0.4268770438 0.434683211675 10.78304496 0.3070141684 1.189465343
19.2385129630566 0 0 0 76.42864964 0 0.4269041241 0.434635766425 10.74602073 0.3041813299 1.280574457
51.7031662166119 0 0 0 76.12758175 0 0.426856204375 0.434638321175 10.7434065 0.308012885 1.10154372
34.8695553839207 0 0 0 77.51721387 0 0.426908284675 0.4346558759 10.79518226 0.2910851198 1.275527596
24.0480825304985 0 0 0 77.15344599 0 0.426885364975 0.43458343065 10.83030803 0.2964873002 1.090387501
0 0 0 0 77.7125781 0 0.42688744525 0.4346459854 10.8909638 0.2904010342 1.202613743
16.1321125924587 0 0 0 78.05776022 0 0.42706952555 0.43464854015 10.93885456 0.2868155572 1.419097497
73.1459185481071 0 0 0 79.30054234 0 0.42721660585 0.4345410949 10.87685533 0.2694571037 1.630534392
30.3606279194355 0 0 0 78.47972445 0 0.427278686125 0.434593649625 10.72550109 0.2773334858 1.889518025
93.3863371610642 0 0 0 75.31975657 0 0.427345766425 0.434596204375 10.57470186 0.3148752069 2.340547983
93.8874073326588 0 0 0 75.02748869 0 0.427532846725 0.434548759125 10.51658763 0.3173711827 2.088736204
100.400380790234 0 0 0 74.4206208 0 0.427524927 0.434461313875 10.32749339 0.3210045127 1.988595866
70.8414651453495 5.63505303050778 0 0 73.65480292 0 0.4274520073 0.434338868625 10.07457416 0.3250680518 1.764010572
62.9254952073097 38.9727228941906 5.133105184872 0 73.19918504 2.428148148 0.4275890876 0.43418142335 9.902684927 0.3269024647 1.869197771
77.855508774519 72.8859611978002 16.41560148109 0 75.42261715 7.765185185 0.427571167875 0.4339639781 9.984430693 0.3014295428 1.521230017
41.0821214318275 107.310216688605 34.881 0 72.80769927 16.5 0.427543248175 0.43399153285 10.07838646 0.3356059603 1.71752633
42.7855253219604 142.179965447203 62.37239554616 0 72.18433139 29.50444444 0.427595328475 0.4339440876 10.16013223 0.3451833353 1.812619808
48.096165060997 177.428835607221 101.8869703782 0 71.4894635 48.1962963 0.42762240875 0.433696642325 10.18249299 0.3543362063 1.919799188
47.3946668207645 212.989733689362 193.19767703782 0 71.20159562 91.38962963 0.42759948905 0.433674197075 10.29809376 0.3606917087 2.599531616
123.646751046181 248.794972308624 136.56126815128 0 70.76247774 64.59851852 0.42754156935 0.433676751825 10.47696453 0.3705931404 2.153415706
308.114737272263 284.776399012053 99.94052445384 0 70.42015985 47.27555556 0.427543649625 0.433679306575 10.64362529 0.3791235467 1.82470571
474.547013640404 320.865526001649 93.17102665962 0 70.20324197 44.07333333 0.427605729925 0.433731861325 10.75478606 0.3847429279 1.88234617
502.703167498112 356.993660495492 111.32637184872 0 69.08927409 52.66148148 0.427557810225 0.43373441605 10.75605682 0.399160531 2.000681769
570.538446307182 393.092035478979 135.42440592436 0 69.1831062 64.06074074 0.4274998905 0.4337119708 10.73179759 0.3973063486 1.93998663
585.467990487814 429.091940597447 396.3342858398 0 69.23898832 187.4807407 0.4276119708 0.43362952555 10.66979836 0.3949509735 1.977439648
593.183297663927 464.924852940687 518.1163450834 0 71.34527044 245.0881481 0.4275540511 0.4336320803 10.75986912 0.3701220568 1.754979348
514.325883239508 500.522567470779 664.2203658398 0 70.39465255 314.2007407 0.427506131375 0.433659635025 10.93041489 0.3867658775 1.923916364
774.544883519411 535.817326844648 757.1846903782 0 69.36428467 358.1762963 0.427558211675 0.433637189775 11.14758066 0.4060439347 2.23947796
1080.45538142323 570.741950384771 839.762228109 0 69.19796679 397.2385185 0.427510291975 0.433699744525 11.46631142 0.4169678484 2.147439161
1339.47228267789 605.229961951729 976.7369007564 0 67.76939891 462.0325926 0.427512372275 0.433677299275 11.97929219 0.4513506939 2.002806763
1930.35065755248 639.215716476077 495.654703782 0 66.41233102 234.462963 0.42757445255 0.433619854025 12.47562296 0.4859736075 1.710487288
2274.73771199584 672.634524908074 856.5912341602 0 59.14661314 405.1992593 0.42749153285 0.43367240875 12.77714872 0.6029095955 2.154478203
2899.28377792239 705.422777347706 275.0689822692 0 59.58859526 130.1177778 0.42749361315 0.4336499635 13.12973449 0.6103064894 2.190868724
2993.57180669904 737.518064120575 558.5438549166 0 60.92322737 264.2118519 0.427545693425 0.43343751825 12.89846026 0.58129084 1.179371622
2794.47491839528 768.859294569324 1225.6408265962 0 63.64990949 579.7733333 0.427442773725 0.433415073 13.05624102 0.546340381 1.660815555
3768.91863718629 799.386813334198 1158.5487303782 0 61.48764161 548.0362963 0.427424854025 0.433467627725 13.67078679 0.6025113439 1.929892909
5423.92055690289 829.042513901706 883.7898015128 0 61.39282372 418.0651852 0.4274219343 0.433495182475 14.01948755 0.617834869 1.413120952
5524.22001957893 857.76994920506 1174.6542784872 0 61.75065584 555.6548148 0.4273740146 0.433497737225 14.20224332 0.6194043885 2.390219716
6370.00769376755 885.514439066074 986.6930577308 0 53.13468796 466.7422222 0.4274010949 0.433415291975 14.73242909 0.7853950631 2.573234816
6734.8355948925 912.223174273715 1247.2928845384 0 49.90707007 590.0155556 0.427408175175 0.433252846725 15.14439985 0.8620591936 2.326469898
7174.21241104603 937.845317101606 1484.190856218 0 47.63590219 702.077037 0.427380255475 0.43325540145 15.76782562 0.9379116485 1.984611502
8012.78467476368 962.332098072697 1593.9669615128 0 51.85968431 754.0051852 0.427357335775 0.4331829562 15.87454639 0.8681639236 2.347719837
8526.71040594578 985.636908787263 1208.7084696218 0 43.62596642 571.7637037 0.42738441605 0.43283551095 16.38364215 1.050217567 3.254029741
8482.72231221199 1007.71539063759 639.5883511346 0 42.61649854 302.5488889 0.42731149635 0.4328380657 16.37214792 1.068241204 3.348990407
7182.22859501839 1028.52551924002 1579.1877526474 0 42.25328066 747.0140741 0.42731357665 0.43290062045 16.05207369 1.053285123 2.668328294
8178.31479012966 1048.02768442423 1948.340696218 0 43.25241277 921.637037 0.427020656925 0.432903175175 16.42130945 1.059715057 2.484250696
11576.7947137356 1066.18476562707 1453.5128015128 0 43.16144489 687.5651852 0.427022737225 0.432880729925 17.09135522 1.107542939 2.397258758
10908.7618589401 1082.96220254771 763.954188109 0 38.26512701 361.3785185 0.426879817525 0.432958284675 17.04156599 1.199163945 2.092720568
8570.59805095196 1098.32806092947 1545.5469658398 0 44.60640912 731.1007407 0.4266818978 0.432935839425 16.61992675 1.047582087 1.603175095
8542.24053025246 1112.25309334315 1966.9094458398 0 37.34949124 930.4207407 0.4266889781 0.43288839415 17.36156752 1.241839496 2.53272712
10086.6218805313 1124.71079485626 1819.7891392436 0 37.83327336 860.8274074 0.4265610584 0.4327159489 17.95557828 1.279270518 2.700734451
10090.7299518585 1135.67745348204 1778.0352903782 0 36.50535547 841.0762963 0.426588138675 0.43274850365 18.24877905 1.330887088 2.918147891
9553.75921726227 1145.13219531236 1295.71288 0 34.67418759 612.92 0.426590218975 0.4327260584 18.21175482 1.366091453 2.498328781
8616.38858914375 1153.05702424858 1179.5806815128 0 38.33641971 557.9851852 0.426567299275 0.43254861315 17.78567558 1.255420067 1.92683823
7653.76871824265 1159.43685625471 1852.9131703782 0 41.95190182 876.4962963 0.42654437955 0.432601167875 17.86742135 1.187909915 2.731015614
9913.57688605785 1164.25954806767 1651.7402326474 0 37.89873394 781.3340741 0.42657645985 0.432578722625 18.43146212 1.316678188 2.583328537
10593.4335887432 1167.51592031008 1970.5095096218 0 34.12606606 932.1237037 0.42654854015 0.432586277375 18.88117288 1.436513409 3.039538168
10411.1689031124 1169.1997749615 2008.973348109 0 34.40854818 950.3185185 0.42646562045 0.432558832125 19.36029865 1.473710618 2.714812536
10887.8206461668 1169.3079071549 1988.8715569744 0 33.94413029 940.8096296 0.426517700725 0.43259138685 19.51863442 1.498827138 3.124537925
11103.5507172346 1167.84011127598 1844.9206845384 0 32.57001241 872.7155556 0.426469781025 0.4326189416 19.56208518 1.534141749 3.229725123
10936.9175434113 1164.7991813536 1788.8010311346 0 32.80244453 846.1688889 0.426421861325 0.43259649635 19.73263095 1.545123782 3.192272105
10538.2224619389 1160.19090574066 1849.4336830256 0 35.10562664 874.8503704 0.4264239416 0.4325990511 19.71669672 1.490690781 2.518649035
10372.7918565273 1154.02405609557 1684.2441569744 0 34.92225876 796.7096296 0.4264260219 0.43245160585 19.70131748 1.493477262 2.459946078
10470.688059926 1146.31037068527 1830.9682845384 0 36.37899088 866.1155556 0.4264281022 0.432449160575 19.71535325 1.46131849 2.756382729
10694.8361098766 1137.06453204151 1182.23336 0 35.13907299 559.24 0.426320182475 0.432451715325 19.79265901 1.496958209 2.489297557
9936.62282824516 1126.30413901306 1668.7587154616 0 36.28945511 789.3844444 0.426322262775 0.432484270075 19.61188978 1.45400848 2.402305618
10511.871099472 1114.04967326698 1490.6503007564 0 31.48938723 705.1325926 0.426324343075 0.432461824825 19.85458555 1.587272306 2.253556045
10939.2231702805 1100.32446030259 1834.0515926474 0 34.37171934 867.5740741 0.42633642335 0.43246437955 19.85585631 1.520613404 2.565133277
11675.5912005901 1085.15462505265 1650.396668109 0 34.14655146 780.6985185 0.42638850365 0.4324919343 20.04305208 1.543621049 1.920861685
11773.4874039888 1068.56904215599 956.5145334038 0 34.17713358 452.4666667 0.42634058395 0.43249448905 19.94719785 1.533776231 2.104939283
9988.42620849609 1050.59928099619 954.8781407564 0 36.74486569 451.6925926 0.426332664225 0.4324670438 19.63100861 1.445329581 2.538836477
8876.70850753784 1031.27954561143 1137.3100769744 0 42.17644781 537.9896296 0.426394744525 0.43270959855 19.49241938 1.309897889 2.134290761
8789.43452239037 1010.64660958921 1579.704508109 0 35.43927993 747.2585185 0.426506824825 0.432732153275 19.65020015 1.476919577 2.660226755
11058.8613599539 988.739746070257 682.9958177308 0 33.42386204 323.0822222 0.4264589051 0.432659708025 20.24809591 1.580471801 2.96569463
9693.43739748001 965.600652994907 1205.02228 0 32.40999416 570.02 0.4264509854 0.432862262775 19.83089668 1.563646084 2.230313924
9117.98916757107 941.273373733989 613.2338177308 0 35.98862628 290.0822222 0.4265030657 0.432964817525 19.79831245 1.477868852 2.018877029
8244.34715509415 915.804213255469 428.33868 0 36.07365839 202.62 0.426565145975 0.432967372275 19.45215321 1.444526763 2.313321498
6734.63469743729 889.241649986452 490.6249496218 0 41.11529051 232.0837037 0.426347226275 0.432914927 19.08157398 1.30025621 2.222212384
5879.02792543173 861.63624353805 520.0627911346 0 45.46502263 246.0088889 0.426399306575 0.43306748175 18.73985474 1.178790914 2.507492817
5729.22930121422 833.040538469127 504.6807007564 0 44.43465474 238.7325926 0.42651138685 0.4331700365 18.74945051 1.201783285 2.299110602
5538.54898363352 803.508964271794 428.6487334038 0 45.07793686 202.7666667 0.42641346715 0.43317259125 18.75072128 1.187964552 2.85041371
5261.29594445229 773.097731769283 422.7060445384 0 46.39166898 199.9555556 0.42641554745 0.433200145975 18.64210204 1.151699262 2.345594843
4838.55278044939 741.864726122958 452.1438858398 0 42.86210109 213.8807407 0.426467627725 0.433177700725 18.59286781 1.223751283 2.418508697
4782.54041075706 709.869396652864 533.5156607564 0 45.98753321 252.3725926 0.426469708025 0.433155255475 18.84333358 1.175070172 2.004798945
4823.92293959856 677.172643680634 633.3356088654 0 47.16321533 299.5911111 0.426471788325 0.433207810225 18.78133434 1.145048666 2.422493061
5182.73940682411 643.836702610882 553.7208030256 0 45.31939745 261.9303704 0.426533868625 0.433215364975 18.83311011 1.188846392 2.697679772
5321.51589542627 609.925025471355 496.7915658398 0 45.25372956 235.0007407 0.4265359489 0.4331879197 18.79664088 1.187565276 2.190868724
4909.59396958351 575.502160137371 713.0537658398 0 46.47066168 337.3007407 0.4264780292 0.43314047445 18.82344164 1.16311331 2.398188443
4801.87960714102 540.633627470439 559.663491891 0 45.8852438 264.7414815 0.4265901095 0.4331230292 19.02784241 1.190931993 2.138275125
4911.79820895195 505.385796605019 724.1467850834 0 46.75897591 342.5481481 0.426592189775 0.43307558395 18.95696318 1.166533434 2.279852844
4938.75273317099 469.825758620654 651.1981258398 0 42.99895803 308.0407407 0.426544270075 0.433103138675 19.10641894 1.260613149 2.402305618
5055.88580667973 434.021198840009 619.0903807564 0 46.04464015 292.8525926 0.426621350375 0.433075693425 19.15819471 1.197112486 2.026978569
4778.63276749849 398.040267995899 429.0621377308 0 46.25562226 202.9622222 0.42653843065 0.433053248175 19.13449047 1.190671375 1.924846049
4367.91387945414 361.951452512511 329.0354873526 0 45.95895438 155.6459259 0.42649051095 0.433080802925 18.96204624 1.184437896 2.169618785
4055.79105019569 325.823444147571 250.2302650834 0 47.1681865 118.3681481 0.42660259125 0.433113357675 18.76462701 1.143746091 1.536503411
3616.21427536011 289.725009243989 170.42598222692 0 47.61401861 80.61777778 0.426519671525 0.4330609124 18.47785277 1.113926441 1.874244631
3216.31592139602 253.724857839346 118.38869777308 0 46.58805073 56.00222222 0.426556751825 0.43306346715 18.18275354 1.11491741 1.892439891
2978.74200716615 217.891512882742 85.86754815128 0 44.94993285 40.61851852 0.426633832125 0.4331210219 17.95980431 1.133124625 1.432245897
2696.67963311076 182.293179807804 73.55154073526 0 46.59091496 34.79259259 0.4265609124 0.43309857665 17.69911507 1.081451563 1.971463103
2456.70058205724 146.997616709989 66.28251258398 0 48.84349708 31.35407407 0.4266379927 0.433046131375 17.39125084 1.015912304 1.907713285
2278.04454043508 112.072005375532 59.5130148109 0 51.6422292 28.15185185 0.426615073 0.433103686125 17.14721161 0.9456264377 1.464652054
2046.48252949119 77.5828234073202 52.74351703782 0 55.94136131 24.94962963 0.426642153275 0.433106240875 16.86931737 0.846519445 1.382706977
1908.70771184564 43.5957176912405 34.17476741602 0 57.89254343 16.16592593 0.426644233575 0.433053795625 16.63748814 0.7972091554 1.331175874
1768.52775737643 10.1753794436157 16.829005926474 0 58.84602555 7.960740741 0.426646313875 0.433081350375 16.39788891 0.7673719571 1.196637197
1619.93170157075 0 5.85656296218 0 54.43590766 2.77037037 0.42667339415 0.4330839051 16.14108467 0.8358118773 1.186543476
1507.40706548095 0 0 0 59.82953978 0 0.42667547445 0.43300145985 16.12126544 0.7359417284 1.237012081
1428.54965105653 0 0 0 64.0912719 0 0.42667755475 0.4330640146 16.0587112 0.6552434566 1.278582275
1340.07309749722 0 0 0 62.50375401 0 0.426679635025 0.43309156935 15.88682197 0.676739338 1.118676483
1292.47823730111 0 0 0 61.57843613 0 0.426711715325 0.4330191241 15.67663774 0.6841767904 1.313910299
1187.16807290912 0 0 0 62.33006825 0 0.426683795625 0.433096678825 15.5719035 0.6663068627 1.064090702
1125.14426931739 0 0 0 64.21415036 0 0.4267158759 0.433314233575 15.45884427 0.6284093183 1.113629622
1043.88218745589 0 0 0 61.50243248 0 0.4267429562 0.433221788325 15.12156504 0.6615400969 1.089325005
995.08522823453 0 0 0 61.2316146 0 0.4267200365 0.433199343075 15.0001808 0.6610106094 1.311918117
937.870759516954 0 0 0 59.55939672 0 0.4267721168 0.4334268978 14.83661657 0.6822951103 1.227980857
885.466564446688 0 0 0 64.28257883 0 0.426774197075 0.43342945255 14.82512234 0.6021614203 1.206730918
