131.973958 776.729911 861.390171 3795.721388 14555.533806 3024.775009 70728.022119 108319.868180 6560.322635 1057.880599 88683.778656 61304.404490 256177.807480 352505.807208 356780.333571
126.024028 666.189480 760.406070 3411.871380 13033.434858 2867.799163 67041.718915 103703.061398 6212.273428 972.342608 87309.863822 62106.607375 276043.117123 394862.525022 423081.174742
126.024028 544.731475 750.171195 3183.960438 11765.325819 2553.706938 64060.539349 100037.930289 5838.641738 943.965529 82137.276391 45478.601705 257303.897290 437369.991060 421504.949989
103.711788 514.708148 678.527069 2757.581594 10208.257246 2477.678350 59030.153284 93073.394675 5346.930053 875.164272 77369.388077 44852.860236 230096.843880 462784.021748 372892.853264
70.987171 450.567404 572.766693 2637.628466 9381.869788 2198.719482 56559.384932 88134.119276 5099.663077 829.524071 67619.662234 33695.158463 219467.279662 466818.892184 355312.977195
82.887032 535.178598 554.343918 2579.832868 9146.284945 2251.419520 53132.068158 78894.606896 4639.815694 705.691379 64231.703391 29822.294753 213743.668160 472731.049098 405831.059406
68.012206 438.285134 519.545342 2469.694088 9267.758379 2332.507312 52372.122574 77817.089810 4305.331574 643.194810 58754.087964 29758.443583 236665.248863 487143.992588 381862.660791
85.861997 428.732257 556.390893 2602.733011 8682.477285 2220.502165 48889.983855 69537.118192 3848.579579 564.882685 51865.610650 32697.919276 214292.693474 525146.677710 418751.684531
69.499688 442.379224 488.840717 2392.269796 7651.793595 1891.513395 42485.268339 57985.269876 3300.877765 499.790068 43772.487559 42612.264625 234485.428426 532854.858388 442096.851137
57.599827 260.874565 480.652817 2012.781720 6943.198559 1622.532402 35324.388064 49034.799487 2839.482687 434.912792 39480.614766 49596.421722 278463.531848 510839.729065 520856.021283
85.861997 296.356679 408.326366 1674.731998 5768.955356 1339.919665 29441.426232 40312.416657 2537.955359 395.361939 36689.823408 60613.650921 319335.617270 502357.786018 518651.831114
45.699966 232.215934 384.444991 1463.178300 5575.702164 1135.865119 25857.205271 37634.354120 2445.822008 380.012954 35731.777729 86171.532987 352938.318109 491369.653745 565668.769455
56.112345 181.722157 339.411540 1295.243922 4913.119793 1038.897049 24365.670282 37697.274826 2539.867217 402.934743 36490.481168 83452.634063 393710.909652 532228.311082 599473.189200
62.062275 225.392451 381.715691 1578.769496 5364.043907 1102.137094 27507.534859 45589.890849 2934.074140 456.195601 43040.420368 80062.717387 431557.476668 572889.111374 588788.310296
79.912067 326.380006 466.323992 1887.376178 6591.661801 1323.336720 34195.812160 56180.232131 3695.813016 559.128311 54159.764876 79103.788902 439042.129825 600777.532835 596962.905334
103.711788 434.191044 574.813668 2176.354167 8627.262087 1687.599382 44593.077607 73449.999579 4508.352692 685.664722 66277.539050 83485.140114 451507.808353 605345.910657 634074.399235
133.461441 566.566622 729.701444 2682.338268 11319.923225 2243.830715 58782.509326 93783.218886 5676.042762 833.938549 78631.602518 82152.392050 458406.352115 569226.400616 657582.079504
111.149202 682.565840 836.826471 3078.183589 13467.794413 2721.644392 67510.541066 109442.609522 6641.895246 979.341171 88187.141524 82465.843250 481978.260988 489632.516006 665775.608173
120.074097 690.754020 836.144146 3350.804333 14686.209774 3202.128204 76599.641479 122661.856540 7696.785691 1137.544583 103779.657155 88407.484877 493044.693783 464888.608283 682419.847328
102.224306 805.388542 933.034297 3813.169115 15196.030099 3352.217911 81025.095736 127225.573976 7848.186641 1138.657175 103947.207745 85012.924479 488264.465151 418726.675531 638752.583811
124.536545 827.223689 924.846396 3880.779060 15737.139035 3406.323284 85393.837636 129148.588045 7873.404959 1134.721231 108164.327198 81730.974327 482487.488750 375933.023412 645746.982538
145.361302 692.118717 888.683171 3856.788434 15904.625135 3429.089700 88378.798025 124820.823255 7862.844219 1118.175911 105985.310300 82844.306550 484280.187549 322466.868113 629718.086380
117.099132 664.824783 901.647346 3832.797809 15654.316239 3449.467048 86017.673563 127435.965086 7574.881979 1087.035297 107934.911775 73590.530582 435679.236721 313889.529706 582104.738672
123.049062 679.836447 849.790646 3791.359456 16151.253018 3335.916033 85276.632098 124443.299020 7659.185816 1095.708729 107421.949201 69648.011050 418557.244665 351507.100224 587155.284651
121.561580 671.648267 836.826471 3932.031760 16234.075814 3360.930984 86363.618940 121961.863689 7611.480405 1041.730070 101494.954501 68910.820266 380025.074375 383622.360562 498982.944461
112.636684 787.647485 909.835246 3640.872805 16675.797395 3485.584141 88927.017476 125711.544495 8255.230326 1029.036949 96260.502237 66231.392975 345580.293525 425174.695273 423093.797162
123.049062 883.176253 837.508796 3793.540422 17629.179808 3601.664757 90685.100543 129225.272655 7668.289902 1008.017334 96772.605578 56499.313694 306445.733023 470471.003457 382727.296591
134.948923 869.529286 803.392545 3856.788434 17124.881003 3641.295186 91670.005142 128873.309957 7641.614930 984.054733 94298.012255 44092.450845 274143.688527 514037.240225 364364.830454
127.511510 836.776566 862.072496 3968.017698 18352.498897 3507.226290 84853.179832 115532.154073 7530.180917 961.611478 94495.636028 39069.105139 250220.837608 491061.090974 386734.915081
118.586615 883.176253 782.922795 4021.451364 17377.030405 3545.732451 82601.699260 109672.663353 7654.542732 884.627286 78895.387292 37064.178393 204759.370902 519546.616728 381624.412605
134.948923 632.072063 707.867044 3831.707326 16142.050485 3318.068287 72168.515986 96327.574924 5991.590383 794.172356 66982.969994 41113.503519 216027.504924 534599.062450 403039.926686
94.786893 557.013745 665.562894 3652.868118 14119.333745 2844.470613 59627.523445 80398.805017 4695.805822 687.231921 57432.586391 46632.566491 256556.788709 556114.838280 454326.398742
45.699966 509.249361 550.249968 3037.835719 11658.576437 2345.014788 50519.518913 67783.203520 3957.646529 577.240831 49702.919194 59531.663817 307139.476705 576183.195615 502482.510528
72.474654 337.297579 512.722092 2452.246360 9448.128025 1839.516024 40144.938408 55720.124470 3478.680565 499.311534 44699.600821 78010.192495 355972.881413 530998.770879 555730.191160
87.349480 337.297579 459.500742 2018.234135 8093.515177 1571.237698 34309.236874 49103.619009 3094.943340 468.840868 41966.378127 80018.602033 419236.516510 527846.013098 598531.241074
57.599827 428.732257 442.442617 1765.242085 6724.178275 1354.394609 33095.592434 48688.735606 2956.106029 446.541173 42564.404847 70481.559054 476265.503364 524899.356405 647249.050570
70.987171 387.791356 410.373341 1713.989385 6357.917464 1329.941791 35517.210078 53382.226998 3246.617413 483.460088 45723.807501 70242.407398 484655.550819 572154.213782 649054.056693
108.174236 495.602394 523.639292 1852.480723 6875.099815 1533.855805 41978.637950 65384.351614 4001.528224 574.991721 54242.251320 68784.278855 524662.943985 605429.528813 642758.624498
151.311232 621.154489 689.444269 2264.683288 8632.783607 1914.701412 53368.369645 83611.693552 5147.459529 720.035442 67019.057813 71953.618762 549984.136146 589948.392829 693543.355341
164.698576 824.494295 942.586847 2671.433439 11467.163752 2372.699874 67506.760242 102717.959099 6442.879926 854.096803 82173.364210 74174.478557 557395.525629 589008.571869 675346.558473
166.186058 1003.269561 1183.447574 3290.827769 14043.872975 2979.804311 80108.245965 123289.097325 7509.878805 1033.391611 98543.486424 75176.361465 537901.961298 557619.965080 696034.705576
216.760467 1283.032381 1388.145076 3948.389005 16968.437943 3382.151533 87711.482625 146011.337178 8129.138735 1138.645212 107243.228572 75168.234953 516282.845918 515495.258205 693456.576201
262.872428 1167.033163 1416.120401 4204.652504 18485.015371 3707.345900 94027.348781 152077.286464 8457.523117 1199.801885 117489.591547 81446.546386 520124.214131 465867.294019 690801.134501
250.972567 1221.621031 1391.556701 4497.992425 18991.154683 3896.082302 97447.103907 157632.005015 8659.542785 1160.920980 115428.289679 87346.394520 516957.595315 402505.931073 704191.944786
304.521942 1202.515277 1371.086951 4372.586883 18956.185057 3969.159688 100554.941070 153898.054385 8571.233151 1129.720549 115448.052056 87492.671746 485092.419396 340396.485019 716098.042868
222.710398 1220.256334 1289.207950 4519.802084 19403.428158 3890.460965 103702.476883 159627.771150 8367.938911 1111.608029 109453.177886 80027.889476 516086.571630 322557.552592 680086.277348
246.510120 1180.680130 1291.937250 4390.034610 20316.319426 3887.931363 97951.843884 149070.856493 8053.028576 1105.004256 108027.709025 67579.233133 483970.852034 328267.141580 645062.216229
230.147811 930.940637 1129.543899 4366.043985 19351.893974 3768.056344 92913.896172 145470.612363 7944.780993 1128.332800 107578.329751 66477.510213 441926.547822 354055.687388 587603.380577
189.985780 873.623376 1081.781148 4141.404491 18775.815412 3767.213143 90753.155371 109916.481087 7529.634672 1144.698670 106442.422678 69997.451091 385462.867097 384308.971614 541716.148865
173.623471 941.858210 945.316147 4205.742987 18740.845787 3811.340641 90643.511481 104047.159007 7414.467984 1107.540488 111019.561090 61995.158060 329169.230457 434294.962832 460426.183420
197.423193 1160.209680 985.573322 3997.460738 19232.261046 3327.484027 92929.019467 147895.025805 7244.585739 1081.950871 112787.864235 44763.468598 298772.945986 483685.027477 413010.061032
155.773680 838.141262 935.081272 4097.785172 19791.775048 3489.800144 93843.978827 154932.313486 7141.527486 1078.170450 104056.330436 35772.062893 254355.260518 513414.226080 378014.400359
178.085919 690.754020 905.741296 4470.730350 20246.380175 2849.108217 94048.143312 146377.063780 6916.929684 1015.470504 96159.971884 33498.961231 263752.005128 523428.383499 366084.635239
185.523332 604.778129 916.658496 4704.093708 18072.741895 3237.823696 89883.565897 133067.368248 6559.867431 996.640183 84700.370794 33162.291424 247876.400027 541584.122741 380116.033362
127.511510 551.554959 778.828845 4239.547959 16788.068297 3303.452810 78493.834202 103240.987465 5662.568715 843.533160 70333.122551 36547.564379 260829.598560 577203.101569 423633.405636
105.199271 480.590731 719.466569 3596.163003 13535.893156 2743.005474 65650.375757 85837.513517 4716.472098 698.884229 59533.413014 56005.918288 287325.722982 551594.746998 443579.985539
88.836962 496.967091 609.612243 3164.331744 11432.194127 1070.798139 51963.793604 73534.549277 3878.805145 573.998762 52925.905150 66699.247913 354464.192414 555242.147389 517209.719578
63.549758 436.920437 490.887692 2621.271222 8940.148207 1697.155655 44795.351681 60802.937729 3277.116101 495.255957 46728.251805 71276.796357 409343.206996 569534.963388 562028.778960
103.711788 394.614840 507.945817 2030.229448 7633.388530 1511.932589 30377.180123 51471.010562 2893.743039 465.431312 44718.503964 69697.931056 464983.801995 551151.924090 599910.240507
91.811928 424.638167 404.914741 1807.770921 6851.173230 1466.399756 36152.388476 48946.317245 2715.849199 458.863429 46842.529899 62544.278124 491461.836620 590213.379942 651106.777818
109.661719 458.755584 430.160766 1815.404302 7048.107435 1556.200621 39772.527263 53828.570754 2867.068067 472.154717 54256.858294 75941.414578 519041.539831 601082.562444 663827.022017
115.611649 524.261025 451.995167 2010.600755 8849.963384 1959.953178 49912.696693 67834.326593 3390.553013 558.290876 65899.476182 78721.842811 545416.462618 620222.876024 679007.060401
173.623471 715.318561 555.708568 2534.032583 11781.890378 2498.055698 64168.292827 91270.323202 4068.261174 692.830772 82533.383169 79340.618698 569815.979666 628837.901488 662687.848573
221.222915 783.553395 733.113069 2696.514547 14472.711010 3061.594769 80822.821663 114265.874870 5115.231064 830.074385 99775.627682 85291.547767 535827.966169 620241.719552 680518.595249
210.810537 1059.222125 872.989696 3387.880754 17174.574680 3542.359648 93106.718186 131458.957708 6279.916786 981.398868 113165.067870 80087.096925 518457.239415 575939.407471 708111.206333
219.735433 1128.821656 1023.783522 3935.303209 18580.721714 3903.390041 100001.050384 143923.156257 7074.248290 1110.244206 120836.307169 77472.681734 496029.510148 512917.228029 697793.955425
285.184668 1242.091481 1133.637849 3737.925790 19050.050893 4163.657961 103418.915098 149493.604985 7498.589739 1302.483365 125978.821416 80880.012366 475126.750696 450273.096867 741062.034896
271.797324 1461.807647 1155.472249 4328.967563 19885.640884 4381.063184 107674.232284 154517.430082 7659.367897 1332.116596 128694.859434 78894.821436 458134.100683 407336.940567 716202.177836
230.147811 1259.832538 1137.731799 4754.255924 21012.030916 3667.012804 108653.465648 151367.462252 7601.921115 1383.391538 132344.025351 85926.576679 462154.557877 357552.339555 709928.834877
249.485085 1248.914964 1147.966674 4938.547548 19795.456061 3488.254276 107313.163611 146483.242471 7626.046943 1383.247977 132291.612089 77905.708762 471094.535135 319029.101971 706700.650849
240.560189 1094.704239 1096.792298 5480.517587 21183.198029 3286.307731 102953.873771 144345.904748 8012.515393 1334.293927 120401.534870 73715.911061 451357.663045 310217.397184 655142.796754
224.197880 999.175471 954.868697 5789.124270 20804.053672 2990.625385 98065.268598 142112.219695 7949.606159 1301.430589 112790.441936 63483.470792 449975.602619 342489.294349 591156.591931
182.548367 924.117153 907.788271 5408.545711 20040.243438 2981.631245 94528.307934 136718.735452 8236.111745 1275.948642 109984.184370 56815.086755 398553.548082 385673.949674 498869.342677
207.835572 862.705803 939.175222 5581.932504 19489.931968 2997.511523 93609.567751 130784.526394 7997.857815 1192.372641 109917.164134 57847.153852 331188.051707 442800.460289 426216.268419
189.985780 1145.198016 910.517571 5501.236764 18567.838167 3239.088497 95203.184983 130544.641203 7956.525264 1184.656277 109432.556275 51277.448896 299208.910073 507898.960975 369126.638565
189.985780 1434.513713 859.343196 5381.283636 14406.452773 3564.704464 94671.979239 127142.990550 8228.100150 1176.293892 99864.987997 35388.955871 254940.465423 537190.047552 340420.098877
166.186058 1212.068154 797.933945 5303.859345 11275.751067 3026.039810 91764.525737 125794.127921 7736.297424 1126.095652 92455.815004 30760.326491 227117.454454 541507.570908 343438.435165
111.149202 936.399424 745.394920 4897.109194 13561.660249 3545.029783 83569.590153 122083.772556 6988.851963 913.159889 81526.361165 40774.511851 207559.671346 561514.686777 355104.707258
126.024028 836.776566 807.486495 4441.287310 15475.787100 3131.299353 71115.556558 102975.540738 6285.743402 770.353315 69322.663611 50943.100950 251910.424568 575907.609018 383688.178347
111.149202 730.330224 772.005595 3435.862005 11071.454835 2559.468808 57848.645847 87213.903955 5094.564789 625.213887 59253.302797 54857.758153 270131.371741 606907.568042 415155.872507
106.686754 528.355115 583.683893 2843.729749 3109.423337 2153.608250 47908.860079 71161.258908 4237.050929 564.475931 52286.635208 53439.101243 341841.132660 608047.601486 492181.037646
60.574793 424.638167 495.663967 2471.875054 8003.330354 1718.657271 40362.335776 59735.252004 3477.679116 509.803397 47401.031864 58556.482308 417555.974448 579622.139478 557740.311615
88.836962 417.814683 432.207741 1996.424476 7164.059350 1463.167487 35394.333304 52672.402787 3158.125697 488.496661 46820.189821 61738.592448 463220.951360 537331.374012 621818.028986
90.324445 445.108617 400.820791 1869.928451 7243.201133 1347.930071 35840.470512 48940.418429 2901.026308 519.374081 49881.639823 59114.889815 513818.111193 537824.838902 663232.190454
65.037240 551.554959 393.997541 1933.176463 7957.317689 1499.846714 38636.389712 49530.300045 2956.561233 593.917749 59572.078534 68367.504853 488219.240660 573380.220823 653290.456554
145.361302 667.554177 484.746767 2290.854880 10453.044622 1905.004605 48494.887768 58783.576330 3390.279890 721.518898 73169.453299 74818.794912 512493.033625 600408.906318 667373.922161
172.135989 980.069717 544.109043 2950.597081 13861.662823 2583.640559 63843.141981 73878.646886 4200.816667 879.925687 89967.473942 75658.147568 514208.850790 607463.452118 678043.023039
209.323054 1057.857428 638.269894 3795.721388 18111.392534 3212.808745 78898.382349 92168.909530 5222.932402 1082.895976 105895.090752 81250.349154 509943.276857 592055.334805 693854.182445
210.810537 1104.257116 755.629795 4716.089020 21637.803156 3812.745976 95845.925028 110622.372755 6518.716962 1244.317531 117679.482215 80469.043016 508085.454793 571842.117849 693652.223718
182.548367 1285.761775 853.884596 5097.758062 22381.367817 4105.336586 99915.981848 125074.472350 7815.685054 1327.187694 122670.771315 84945.590517 521103.776592 524872.268833 696508.046343
167.673541 1580.536259 984.208672 5418.360057 23853.773087 4195.699584 100398.036883 137867.038331 8466.263040 1386.717350 127783.212380 81285.177065 505220.935572 466987.306216 713614.581646
192.960745 1460.442950 1080.416498 5455.436479 23701.011041 4196.964385 101396.174365 143459.116052 8604.189942 1430.479305 129570.418669 86893.631676 511521.611571 418295.629828 721808.110315
249.485085 1096.068936 1021.054222 5509.960627 24525.557992 4354.642899 102708.120224 140743.694346 8648.982046 1463.617799 131727.954722 83578.014543 510651.492377 377586.542995 723845.053413
213.785502 1167.033163 1145.919699 4842.585046 15483.149126 4520.472351 102974.668302 138952.420505 8677.477835 1455.482717 131005.339102 81003.070985 499752.390196 358679.418074 684273.765330
270.309841 1061.951519 1141.143424 4874.209052 9207.021662 4350.848496 95428.143999 146382.962596 8305.029676 1378.402818 122478.302946 78115.837159 497993.157520 343890.781745 654677.345000
259.897463 887.270343 1060.629073 4977.804935 7649.953089 4218.606534 90787.182785 117156.294789 8061.950580 1288.701579 114527.812665 66348.646942 472586.038827 364889.538275 594244.351532
194.448228 783.553395 1053.805823 5071.586471 21523.691747 4005.838915 87917.537522 64692.223851 7022.446041 1246.470935 113277.627497 54589.583238 417844.506696 406867.030087 516591.220977
172.135989 771.271125 1029.924448 5079.219852 12392.938565 3869.099883 87891.071755 72915.173580 8312.859190 1235.979072 114447.903922 44511.546708 379343.993550 482548.527194 425414.744721
175.110954 584.307679 949.410097 5054.138743 6801.479552 3973.937825 86599.920428 141264.756440 8232.470111 1283.222362 113327.463057 35453.967972 359552.852071 524295.185788 381741.169994
182.548367 580.213589 1025.830497 5192.630081 21315.714503 4016.519456 86877.810977 141117.286036 8027.628176 1269.907148 110185.245078 37045.603507 298791.035782 545785.051767 373391.438872
134.948923 677.107054 1021.054222 4848.037460 21641.484169 3871.488951 87698.249741 138333.044808 7346.915666 1172.800592 98628.550569 41900.614309 287425.216860 574801.729467 363801.554942
155.773680 593.860556 952.139397 4803.327658 18753.729333 3515.096162 81667.835782 119922.839569 6444.882825 962.472840 85480.555077 38247.166438 270185.641129 580712.708661 403191.395731
127.511510 566.566622 913.929196 4286.438727 16900.339199 3101.927865 72196.872165 104473.840043 5406.379735 798.347567 71460.437286 36338.596912 223967.116455 589036.837161 419947.658867
103.711788 511.978755 829.320895 3384.609305 14128.536278 2603.596307 62958.429212 89506.577170 4519.368636 665.590211 59800.634723 44551.018340 233787.162295 560488.892220 469296.589385
99.249341 401.438323 641.681519 2636.537983 10959.183934 2177.498934 52515.793878 73170.788947 3780.207893 578.353423 52578.774698 53159.317024 259425.830379 573528.613606 574210.992489
82.887032 374.144390 519.545342 2230.878316 9451.809038 1875.211517 43653.542893 59540.591071 3137.732544 521.527485 48318.693555 67103.251682 311879.907786 586706.128290 616606.547146
79.912067 312.733039 469.053292 1935.357429 7852.408814 1529.920869 35923.648636 51681.401672 2989.518024 500.615540 46567.575086 68341.964385 376476.760860 566674.280291 637222.115332
70.987171 247.227598 475.194217 2093.477461 7280.011265 1021.892503 32152.276896 46162.076017 3161.494209 533.622437 49327.434027 65465.178931 434273.659560 557893.196237 672770.006900
93.299410 234.945328 557.755543 2081.482148 8222.350638 1577.561703 31813.893166 45959.549995 3617.244754 632.080853 59425.149556 73001.938885 463328.585647 573762.979986 672083.662789
145.361302 296.356679 610.294568 2862.267960 11231.578909 2015.744951 35914.196576 55075.187237 4349.213268 790.882433 74937.756444 73855.222706 485883.847977 612473.475129 691777.794282
160.236128 349.579849 761.770720 3744.468688 15580.695975 2650.393940 45768.913809 68044.717703 5508.891743 993.146883 94681.230527 77870.880851 485966.156550 634311.946376 685756.899732
206.348089 510.614058 1033.336073 4681.193565 19646.375028 3330.575763 58413.879005 85515.044900 6598.832919 1188.604184 113909.164334 83825.292712 497981.399153 664597.029056 695417.784777
236.097741 647.083726 1216.881499 5320.216589 22261.734889 4026.075729 72130.707748 103862.329434 7711.989514 1323.742247 123119.291355 80629.251407 485127.694498 605943.014951 685002.710110
240.560189 832.682476 1321.959551 5693.161768 23982.608549 4210.877195 82106.411342 120666.090405 8263.606085 1377.936247 125663.482615 80929.932372 495687.613001 556926.287705 721489.394199
247.997602 872.258679 1269.420525 5949.425267 25813.912603 4391.041058 88146.277361 139648.480812 8804.479834 1445.481352 129240.472892 88823.097949 491818.205604 467954.214747 710708.269339
240.560189 918.658367 1281.020050 5878.543874 26920.057063 4410.856272 87688.797682 143319.510736 8975.909774 1448.197034 129678.682127 84235.101132 470561.790638 407538.330773 729189.070668
185.523332 1064.680912 1349.934876 6297.289337 26406.555725 4502.062471 85993.098208 151432.349230 8994.664191 1460.028792 130621.261597 81097.106345 467578.783253 347443.964496 718176.008833
175.110954 1067.410305 1311.724675 5565.575259 24729.854223 4296.602590 87117.893288 155777.810469 8662.182970 1488.023044 128679.393226 78478.047434 474261.153951 311868.561326 690408.261664
148.336267 869.529286 1330.829776 5648.451966 23266.651486 4327.941546 90662.415600 159124.405504 8847.633202 1411.792543 121674.060116 69880.197123 487099.482279 318461.440690 619211.499165
163.211093 864.070499 1160.930849 4213.376368 22051.917138 3667.574938 89834.415188 152643.572815 8494.303624 1329.735888 113768.249992 61685.189651 488462.548419 345768.068223 563320.999253
176.598437 726.236134 1183.447574 4947.271411 22324.312113 3890.742032 87097.098757 167011.122712 8396.889904 1287.828254 109325.152051 56393.669031 415821.162997 398674.806283 483995.397989
155.773680 648.448423 1055.170473 5146.829796 21004.668890 3854.343872 88736.085874 156410.950070 8706.610910 1237.295041 110131.113349 54157.717141 371918.132230 456331.291124 442858.929771
164.698576 752.165371 1034.700723 5072.676954 20446.995394 3881.888425 87495.975668 149643.041661 8889.420957 1232.007238 109642.209321 46539.692062 355308.081405 519088.483453 407957.937251
154.286197 783.553395 1030.606773 5470.703240 21185.038535 4018.486924 88584.852922 147189.134138 8521.706923 1166.471977 106890.942717 43282.121447 281239.411067 558184.093200 387265.056740
123.049062 749.435978 1074.957898 4953.814309 20953.134705 3908.168178 86269.098345 139178.541791 7694.145506 1101.140093 98781.494184 45303.301219 262201.709598 567448.042660 417172.304173
142.386336 615.695703 954.868697 4816.413454 19119.990144 3559.926327 83374.877727 125096.101342 6536.287848 924.058506 84950.407828 40880.156515 250127.675158 586319.835966 418215.231662
96.274375 592.495859 795.886970 4066.161166 16894.817679 3153.082035 75457.832692 107104.712050 5388.171563 773.104887 70468.881490 37472.825883 234291.867608 604324.826983 427345.975049
91.811928 498.331788 752.218170 3541.638854 14104.609692 2629.735526 65631.471638 85731.334826 4342.840408 643.697271 57600.996214 49439.696123 253191.182136 593551.039841 478367.376275
85.861997 480.590731 656.692669 2987.673502 11529.740976 2292.033683 54289.000240 68394.714129 3747.524225 563.423156 51198.845227 59925.219212 286059.437251 589209.962075 517940.242161
56.112345 417.814683 509.310467 2542.756447 9214.383688 1798.761328 44549.598134 56384.724424 3191.446652 498.270722 47707.778328 64716.378844 352834.301781 608064.089573 580556.914366
59.087310 391.885446 497.028617 2118.558569 7348.110008 1536.525940 37411.402801 48146.044519 2941.903654 487.348179 45163.587069 69815.185023 438301.352673 593505.108742 622283.480740
41.237519 297.721375 484.746767 1971.343367 7026.021356 1430.844797 32401.811267 49937.318360 3204.101331 525.044712 48620.284616 64303.087632 481589.330371 583480.351838 649674.133098
96.274375 267.698048 610.294568 2226.516384 8432.168389 1592.036646 33227.921267 53861.997379 3730.590625 625.106217 58686.208494 68114.422033 490963.462736 605965.391641 561504.948512
76.937101 398.708930 688.761944 2989.854468 11551.827055 2080.390331 38292.334746 66161.029076 4771.915981 802.427071 75021.102122 68286.239727 521382.359453 656853.516763 668016.087801
106.686754 439.649830 954.186372 4125.047247 15792.354233 2746.097209 47589.380468 84463.089352 6228.023496 1015.398724 93889.016970 68136.479710 539186.336824 672706.812425 655054.439811
115.611649 472.402551 1154.789924 4155.580770 20007.114319 3423.046762 59323.167129 106331.967133 7520.075381 1229.387263 110719.688497 68676.312331 554894.611311 654412.102165 665756.674542
127.511510 633.436760 1347.887901 5165.368007 22530.448851 3993.753039 71635.419831 128523.313532 8469.358429 1451.451067 123530.864342 72741.890482 549554.503488 595835.817613 685004.287913
137.923889 817.670812 1412.026451 5585.203953 23978.927535 4331.173815 85236.933448 145222.862084 8928.659567 1483.118068 129075.500004 74094.374362 569382.729048 516848.459061 678271.804410
120.074097 981.434414 1495.270102 6447.775988 25902.256920 4426.174417 95290.143930 159767.376466 9297.830255 1493.765455 131187.496666 76985.090980 545593.742621 443575.400379 695741.234301
176.598437 980.069717 1572.372828 6205.688767 25701.641702 4418.726145 100337.543702 158202.223911 9368.113799 1460.435547 130949.488906 73693.853384 534965.082893 402109.039264 688415.497037
160.236128 862.705803 1485.717552 5999.587484 24937.831468 4402.845867 103320.613679 157238.750605 9446.591020 1534.608350 129770.620142 78669.600944 520868.609242 355301.715677 686045.637599
145.361302 739.883101 1506.869627 6495.757239 24534.760525 4431.936287 105927.491689 161027.756852 9618.294082 1547.720188 127155.971712 77072.160757 523202.192946 321800.278310 666577.131871
137.923889 966.422751 1418.849702 6328.913343 23262.970473 4119.389929 107460.615739 153797.774511 9175.016135 1455.279340 117009.279857 70608.100465 519984.018211 336766.750435 618544.088684
117.099132 869.529286 1290.572600 5817.476827 21786.884189 3812.745976 102972.777890 146791.947183 8558.760553 1363.795561 110498.006178 61361.290078 470867.508193 359159.928038 583092.443072
143.873819 689.389324 1165.707124 5135.924966 21034.116995 3575.666072 103086.202604 146534.365544 8376.496752 1286.416578 104201.540947 56199.793659 393637.645978 404817.796416 511315.049232
123.049062 857.247016 1092.016023 5489.241451 20539.020723 3372.454726 94632.280589 155282.309911 8491.208235 1215.306394 101321.389275 47774.921974 378097.606595 514331.670350 445282.434496
154.286197 790.376878 1122.038323 5345.297698 20408.344755 3223.067685 96437.623953 164315.363726 8413.914545 1231.540667 97085.366678 33204.084917 311946.840032 553045.698655 402331.493339
131.973958 752.165371 1216.199174 5704.066597 20075.213063 3235.856228 99658.885830 155594.947168 8123.038997 1217.196604 93099.381115 33666.135204 270026.450923 581087.223781 400605.377343
121.561580 690.754020 1130.226224 4679.012599 20691.782770 3177.675386 97617.240978 151041.061091 7407.639919 1092.406843 85903.298103 31531.184256 249644.677600 583878.421368 401173.386263
126.024028 716.683257 1105.662523 4471.820833 19142.076223 3166.432711 89189.784730 131995.749979 6423.943427 961.479881 78557.708412 32812.851383 250153.000872 602655.997033 433155.444057
108.174236 614.331006 956.233347 9.564492 17537.154478 2876.371703 75164.818847 106424.381920 5423.768539 793.657931 70492.080802 33572.099844 296800.253715 603257.812209 477007.310472
97.761858 536.543295 787.699070 1934.266946 13892.951435 2531.362122 60782.565115 84396.236102 4357.406946 662.312252 58586.537374 40783.799294 329910.007609 620249.963596 507854.928229
111.149202 496.967091 667.609869 3006.211712 11824.222030 2109.059151 47313.380331 66686.023714 3645.831584 576.092349 49550.834813 50366.118557 373187.131430 632161.428742 563759.628363
90.324445 368.685603 576.178318 2430.436701 9183.095076 1666.097766 38634.499300 53897.390276 3141.465220 527.461309 44873.166047 57154.078422 437114.662046 621441.816743 605142.233780
97.761858 357.768029 525.003942 2088.025046 7791.672096 1352.005541 33392.387102 47212.065294 2913.043702 496.153208 41580.582154 65742.641290 488613.598216 603105.886265 635044.747806
72.474654 355.038636 494.981642 2281.040533 7429.092298 1268.388147 34812.086439 48033.967012 3167.047701 536.134742 41663.927832 81996.827381 507765.265401 580561.960437 664163.093962
84.374514 341.391669 555.026243 2330.112267 8481.862067 1232.130521 38156.225089 54786.145245 3955.370508 646.496696 45809.730881 90987.072156 527342.947285 607445.786310 690297.815485
76.937101 499.696485 677.162419 3108.717112 11540.784015 1444.336007 47562.914702 72883.713227 4994.601925 836.307293 55603.277647 76002.943888 505600.821291 631142.700508 714767.955314
114.124167 738.518404 985.573322 4199.200089 16015.055530 1722.311140 61277.853033 96066.060741 6387.071879 1037.985539 68244.325201 74664.391173 523120.788863 643944.522353 698570.234282
88.836962 869.529286 1265.326575 5397.640881 20539.020723 2235.539242 74193.147131 116424.841585 7738.118241 1216.538619 80425.682677 73763.509207 539785.109077 610834.088191 706206.798649
136.436406 1082.421969 1389.509726 6032.301973 24045.185773 2816.926060 86356.057293 135672.678719 8746.942011 1359.704094 93629.528365 72485.324871 541358.921342 554566.135822 710376.930803
218.247950 1251.644358 1425.672952 6644.062923 25716.365754 3157.016971 93307.101847 148235.190871 9189.764754 1428.804435 100871.150768 72299.576012 518019.466349 481824.229086 730457.623922
188.498298 1431.784320 1384.051126 7242.738078 27238.464702 3450.450782 100239.242283 156758.980224 9596.171153 1478.009716 105693.170811 73374.597533 500987.923273 426394.813712 766912.751959
166.186058 1364.914182 1489.811502 7009.374721 26901.651997 3499.215884 102606.037981 165644.563634 9862.101505 1484.661341 105363.225034 70921.551664 518144.285942 381895.822308 751966.228354
169.161024 1288.491168 1481.623602 7542.620896 26743.368430 3534.630309 107386.889675 165251.309224 9839.432331 1490.320008 103299.345465 72939.248645 504000.778822 358507.470881 742130.207225
169.161024 1287.126471 1558.044003 7422.667769 27048.892524 3641.716786 109695.082605 166914.775381 9773.973953 1488.130714 108709.940656 75848.540149 475123.132737 321355.099961 705897.549348
164.698576 1081.057272 1390.874376 6649.515338 22473.393147 3611.783165 104131.600384 156851.395010 9128.403214 1419.640504 110988.628674 72483.003010 496915.910160 330875.792490 654999.216721
181.060885 928.211243 1218.928474 5999.587484 21247.615759 3593.373285 101439.653839 152562.955661 8793.099727 1297.626242 105847.832893 70485.041845 443031.834366 372344.509046 588652.619276
163.211093 892.729130 1234.621950 5924.344159 19110.787611 3653.943195 99074.748553 150539.661718 8472.453818 1242.116273 109613.854606 62934.350728 379093.449873 425101.676602 516682.733525
176.598437 883.176253 1102.250898 5354.021562 18461.088785 3649.305592 108205.438028 149141.642287 8206.614507 1230.452002 106091.855290 57099.514695 340984.580813 499492.392040 454965.408777
173.623471 984.163808 1059.946748 5123.929654 17386.232938 3572.152736 112923.906129 148514.401502 8202.608709 1197.265654 108367.106373 57827.418036 292569.954886 546554.103254 389966.254714
175.110954 943.222907 1012.183997 4972.352520 16940.830344 3578.617274 111644.097273 145156.008834 8172.838348 1146.899927 108427.252738 54573.330213 285099.773565 565998.268723 377616.794115
185.523332 876.352769 1021.054222 4945.090445 16975.799969 3078.458781 102345.161139 137959.453118 7645.802809 1066.350655 94483.606755 39005.253969 276465.513863 576906.316003 385916.035555
179.573402 808.117935 988.984947 4809.870556 16727.331580 3284.340263 89070.688780 122252.871952 6782.098170 953.105533 80411.934936 27542.227509 277601.553061 595645.026892 374238.718844
133.461441 720.777347 978.067747 4036.718126 15205.232632 3040.374221 74074.051181 99701.697768 5537.205451 813.349614 69268.531882 22684.894847 287976.955643 610326.490656 432884.062017
93.299410 656.636603 883.224571 3350.804333 12680.057593 2680.889696 59101.988937 80149.088466 4495.333849 662.384032 58326.189535 29310.324461 335728.590541 616441.215496 497562.922161
63.549758 524.261025 642.363844 2713.962275 10357.338279 2290.347282 47929.654610 64998.962292 3775.200646 582.803792 50654.091002 37672.505906 401494.044446 629007.493240 565424.210059
73.962136 490.143608 587.777843 2250.507009 8537.077264 1844.856295 38608.033533 53319.306293 3298.146540 528.681572 45005.488051 57294.550997 449292.712814 624722.946058 634333.158854
100.736823 419.179380 602.106668 1996.424476 7272.649238 1567.724362 33517.154288 46594.655869 3064.080489 492.851322 42221.570564 65749.606872 497863.815478 591657.265276 692306.358138
93.299410 390.520750 550.249968 1864.476036 6562.213695 1424.801860 35477.511428 49394.627273 3181.159035 523.118611 42108.151703 77550.464069 510110.607472 569969.542252 712252.938041
60.574793 424.638167 549.567643 2176.354167 6562.213695 1399.927442 41328.336257 57890.888817 3862.964035 640.790175 45791.686971 80134.695070 515987.982241 602650.108431 720943.474515
106.686754 563.837229 773.370245 2828.462987 7333.385956 1594.144648 53058.342094 75082.005383 4958.185581 827.609934 56288.946213 77361.232419 513805.448335 613195.417796 721675.574900
210.810537 735.789011 1081.098823 3525.281609 9519.907782 1849.072298 67049.280562 97953.681912 6563.509065 1083.314693 68568.256341 80386.616960 535341.350652 633500.496951 724170.080740
207.835572 1089.245452 1366.993001 5015.971839 11590.477693 2323.091572 77476.792600 118516.955050 7659.185816 1285.722704 84207.170597 81376.890564 560658.020365 612913.942596 729110.180540
194.448228 1149.292106 1351.299526 6001.768450 14717.498386 2892.392514 89025.318895 136813.116510 8753.132789 1417.044456 96231.288288 78753.187931 541602.229100 553688.734048 736764.100735
188.498298 1171.127253 1465.930127 6419.423430 16905.860719 3376.530196 98165.460429 145334.939591 9289.727618 1447.251929 105415.638296 82498.349300 518862.450849 476968.487460 737516.712554
185.523332 1094.704239 1588.748628 6660.420168 17873.967184 3750.911265 100339.434114 152830.368660 9379.311824 1486.826709 114566.478185 83614.003385 497409.761595 427556.046126 755363.237256
210.810537 1341.714339 1639.240679 6721.487215 20191.164978 3871.067351 103795.107066 156157.300975 9336.431579 1458.880310 120231.406579 86064.727393 492010.861933 368058.784143 759544.414027
258.409981 1364.914182 1588.748628 6395.432805 20146.992820 3303.452810 100424.502649 162164.262099 9488.105652 1453.377167 115645.675829 81727.491535 524770.578272 328240.054009 748255.236745
273.284807 1293.949955 1772.294055 6463.042749 18624.893872 2903.635189 102844.229881 163713.684478 9441.674814 1411.660946 114075.855690 81938.780863 529250.516289 320945.253226 716284.223569
203.373124 1349.902519 1525.292403 6256.941467 18479.493851 3348.985642 99753.406425 161946.005901 8811.945185 1308.548786 120917.934379 80831.253291 480562.734440 315296.905704 659295.573079
185.523332 1259.832538 1413.391101 5868.729527 18190.534317 4117.844062 98473.597569 150152.306123 8280.357603 1217.627285 121433.474654 67169.424713 444393.091527 366232.139646 600825.365989
176.598437 1027.834101 1409.979476 5471.793723 17945.746941 3973.797292 98345.049560 146101.785692 8282.360502 1149.244745 120636.964929 59795.195011 378576.986193 418053.019405 509910.804958
140.898854 996.446078 1224.387075 5038.871981 17826.114013 4163.095828 96968.829697 144552.363314 8251.679732 1075.969193 105846.114426 50658.673010 297530.176990 468427.658388 450610.673724
139.411371 1222.985727 1160.930849 4961.447690 17360.465846 4058.117352 96641.788438 147077.056631 8282.360502 1059.806700 100635.720708 39444.085649 269405.066425 513039.710961 415570.834579
112.636684 1278.938291 1200.505699 4657.202940 17161.691134 3993.331439 99666.447477 144762.754424 8175.842696 1012.970163 97913.668054 35489.956813 264975.779838 557556.368173 370977.400963
96.274375 1142.468623 1176.624324 4495.811459 16933.468317 3839.166261 94556.664113 134813.417832 7425.574969 958.800090 90357.566083 30637.267872 207226.819097 540997.617931 380551.506867
82.887032 1097.433632 1141.143424 4226.462164 16427.329006 3496.545749 84563.946812 118752.907697 6673.213302 863.057356 79669.556939 34923.422793 228677.699372 578076.970180 396271.153724
84.374514 883.176253 1068.816973 3699.758886 16894.817679 3076.491313 70060.706718 99971.077040 5478.484096 742.909378 68453.978247 39534.638217 240783.390956 591413.477132 419939.769855
93.299410 666.189480 890.730146 3198.136716 14684.369267 2538.248260 57221.029096 79781.395592 4445.261376 620.213204 57862.203287 38586.158106 296308.211260 596549.516236 497469.831810
85.861997 602.048736 739.936320 2790.296083 12521.774027 2057.483381 45625.242505 64759.077101 3780.845179 528.262854 50135.973026 66196.565064 403515.579166 596255.086111 567137.703634
88.836962 544.731475 683.985669 2262.502322 10804.581380 1684.086046 38035.238728 53803.009218 3400.931671 474.870399 45243.495812 69153.454713 438370.998388 588537.483669 637059.601669
111.149202 539.272688 542.744393 1913.547770 8879.411489 1487.901372 32925.455363 33430.464469 3163.132944 438.621432 44603.366636 73791.371535 470742.688599 558812.995948 668511.517804
73.962136 435.555740 585.730868 1631.112679 7732.775885 1448.692543 33450.989871 46999.707912 3182.160484 447.067561 48795.568309 67423.668463 483593.679785 545860.425879 676081.814463
115.611649 516.072845 565.943443 1618.026883 7769.586017 1602.436121 40105.239758 58445.377537 3841.478392 491.583206 57607.870085 71165.347042 523339.675396 567528.127654 729395.762803
117.099132 697.577504 718.101919 1883.014246 8518.672198 2066.618054 52897.657082 76012.052065 4974.755017 587.517354 71882.321078 79023.684707 542381.899314 626025.504932 723867.142649
148.336267 894.093826 992.396572 2380.274484 11019.920651 2730.779065 68990.733583 98875.863506 6434.413126 735.204977 89752.665493 79400.987077 538320.740078 606596.649829 729122.802961
210.810537 1029.198798 1249.633100 3009.483161 12468.399336 3410.960887 84987.399077 117767.805398 7993.123690 894.078337 106554.123071 87439.268949 545026.627511 585655.601603 754683.204354
227.172846 1087.880756 1386.780426 3742.287722 15961.680839 3881.045225 95577.486539 133531.408453 8940.950084 1054.602640 118149.483100 87709.765725 541941.412778 516306.707630 770918.792647
206.348089 1207.974064 1540.303553 3840.431190 17853.721611 4069.219493 99810.118782 148341.369561 9386.048848 1134.027357 123889.164833 89919.016217 517625.108793 455456.244792 752914.487690
334.271594 1399.031600 1459.106877 4162.123668 20032.881411 4372.490645 104751.655487 155140.738323 9411.904452 1168.948391 123932.126523 95013.178674 494575.995028 382298.602719 737901.696377
286.672150 1165.668467 1577.149103 4155.580770 21488.722122 4571.064387 108279.164092 157441.276626 9399.978100 1175.456457 128557.382027 88164.850430 510658.728295 342253.750248 726397.937948
303.034459 1258.467841 1766.153130 4406.391855 21096.694219 4610.413749 113468.344756 159647.433870 9324.960431 1171.472659 128299.611890 85863.886439 518613.716152 297569.856725 701377.145028
286.672150 1142.468623 1630.370454 4216.647817 20211.410550 4595.517205 116929.688944 161462.302976 9147.612836 1207.554139 127153.394011 80985.657030 528758.473833 295613.662973 669090.571341
261.384946 1121.998173 1444.095727 4298.434040 21635.962649 4232.800411 105500.258599 151479.539759 8588.986119 1246.363264 120135.172394 72846.374215 496706.973014 317353.205699 646580.062287
233.122776 883.176253 1223.022424 4415.115719 20585.033388 3535.614043 96879.980337 141663.909667 8136.968249 1202.326153 112928.778577 64048.843882 454137.160223 370694.522624 588176.122905
201.885641 928.211243 1186.859199 4301.705489 20647.610612 4185.440644 96074.664868 140124.318649 7855.105746 1184.883581 109028.716393 55166.565631 445012.667045 429169.523212 502248.995750
182.548367 896.823220 1012.866322 4290.800659 20700.985303 4138.783543 97732.556104 136539.804695 7528.269059 1132.807095 115140.446359 46935.569317 409188.539239 493806.357461 505290.999076
145.361302 793.106272 933.716622 4407.482338 19795.456061 4204.412657 98407.433152 140511.674243 7181.494423 1143.322884 118134.876125 37565.700312 410237.747415 542532.187744 450841.032898
93.299410 821.764902 920.752446 4439.106344 20645.770105 4285.640982 99674.009125 141032.736338 6879.511890 1206.597071 110770.383290 30960.006514 483373.888761 574156.338633 360445.568907
134.948923 813.576722 825.909270 4097.785172 20406.504249 4179.819306 97363.925784 133604.160519 6550.126059 846.200988 102855.980828 29657.442641 511742.307084 590921.189963 369188.172865
151.311232 780.824002 829.320895 4243.909891 18709.557175 3845.209199 88083.893769 117411.910156 5989.405402 978.108945 96147.083377 31179.422354 498259.077524 585023.165694 396768.161529
109.661719 599.319342 817.039045 4067.251649 15783.151700 3308.230947 74057.037474 98673.337484 5028.651207 816.388307 69500.525006 49945.861763 506527.018854 593257.787437 402932.636112
123.049062 588.401769 640.316869 3559.086582 13197.239944 2659.528614 60423.386854 80328.019223 4175.689389 672.875895 57518.509770 56031.458756 544287.659339 603008.135463 451497.398761
84.374514 475.131944 574.813668 2911.339693 10894.766203 2160.775455 48927.792093 65301.768188 3367.883838 568.423838 49871.329018 55568.247539 575188.649123 613732.458344 524204.118305
84.374514 450.567404 507.945817 2508.951475 8577.568409 1661.600696 40613.760559 52670.436515 2960.202867 497.385434 45588.907796 61116.333771 659266.403670 602339.190219 580313.932772
87.349480 477.861338 479.288167 2162.177888 7561.608773 1455.016548 34348.935524 48346.604269 2810.713775 465.072411 44805.286577 65575.467316 464983.801995 597366.854264 621704.427202
63.549758 438.285134 492.934667 1962.619504 6799.639045 1413.278118 34503.949299 49577.490574 2721.675814 462.428509 50012.243360 62879.787000 491461.836620 570161.510694 648899.432043
91.811928 533.813902 409.691016 1930.995497 8023.575926 1615.365197 41761.240582 59660.533666 3026.389572 480.911893 59305.716059 69302.053800 651189.309689 599164.055748 680173.056489
120.074097 742.612494 467.006317 2134.915814 10434.639556 2059.731916 51302.149439 78778.596844 3681.064397 576.164129 75088.122358 73076.238428 528042.117906 623002.296406 686911.851202
169.161024 962.328661 638.952219 2454.427326 13344.480471 2780.527901 68463.308663 100973.875787 4604.400799 716.817299 94993.132394 79661.035479 554959.734578 643673.646638 708892.218598
184.035850 1015.551831 819.768345 3293.008735 17047.579726 3361.914718 83964.686240 123466.061810 5704.720633 886.852470 111421.682505 78147.182279 541380.629097 618749.547678 707074.590055
270.309841 1212.068154 946.680797 3778.273660 20903.441027 3880.202024 98895.159422 144090.289381 6804.585263 1043.907400 120820.840960 80611.837451 534146.519617 544131.532184 707030.411583
240.560189 1386.749329 1012.183997 4304.976938 21941.486743 4283.673514 107549.465099 151703.694773 7288.558474 1151.278515 127209.244207 85051.235181 496029.510148 483210.406115 722854.193409
267.334876 1628.300643 999.219822 4517.621118 23170.945143 4561.367580 111330.288898 155744.383844 7785.823652 1269.560211 127655.186545 85111.603560 475126.750696 421348.281366 725746.305492
279.234737 1390.843419 1108.391823 4874.209052 24074.633878 4717.219159 113706.536655 159802.769363 7738.027200 1344.534559 128571.989002 83209.999616 458134.100683 343914.336155 710318.552108
247.997602 1560.065808 1117.262048 5115.205790 23561.132540 4738.861308 114857.797502 158648.567667 7559.860237 1381.333840 127650.031143 81304.912881 479398.656057 297805.400825 731697.776731
271.797324 1278.938291 1041.523973 5024.695703 24118.806036 4846.369385 114302.016404 154659.001670 7967.268086 1350.623907 128112.298923 82468.165111 487570.721468 269664.947177 691681.548326
221.222915 1199.785884 1081.098823 4982.166867 21271.542345 4835.126711 110649.740614 147006.270837 8404.264214 1325.225703 100664.075424 80643.182571 483028.373655 304147.425722 638550.625084
218.247950 1014.187135 1036.065373 5296.225964 20257.423215 4374.879713 103776.202947 138901.297431 8224.003311 1275.565815 108813.907945 82296.347416 419985.434071 343757.699328 560780.737139
181.060885 978.705021 1043.570948 4824.046835 20480.124512 4290.559653 95751.404433 129077.802251 8295.197264 1289.180113 110442.155982 67026.630277 356387.137745 412921.691182 490653.724772
140.898854 911.834883 995.808197 4979.985901 21026.754969 4183.192109 93360.033380 121000.356654 7962.716043 1212.339481 112608.284372 51406.312167 307340.273442 485173.666190 439835.860075
203.373124 950.046390 982.844022 5161.006075 20071.532050 4151.712619 91963.018987 115797.600800 7773.442095 1158.265115 119219.229171 43801.057322 279405.105737 514018.396697 363430.771341
184.035850 1128.821656 981.479372 5356.202528 20257.423215 4174.338502 97662.610864 115949.003748 7526.175119 1126.945050 114928.215612 40681.637422 235131.234149 522832.456926 348012.484772
166.186058 839.505959 979.432397 4938.547548 19951.899121 4092.548044 94791.075188 113475.433505 6941.237594 1012.683043 103297.626997 40493.566702 252419.652330 569928.322035 377520.548159
154.286197 765.812338 857.978546 4452.192140 19217.536993 3653.240528 85792.714546 102629.476856 6165.205303 873.357805 86912.038576 41897.131518 251627.319258 575263.395904 373069.567151
127.511510 627.977973 830.003220 4018.179915 17012.610101 3219.273283 72580.625780 91396.164613 5278.012122 746.426604 72946.052513 42928.037685 262721.791238 578178.254143 445885.155072
111.149202 561.107835 784.969770 3307.185014 13440.186814 2639.713399 55893.959943 77366.813510 4412.759789 686.406450 61125.573231 54118.245508 308733.187746 599797.669378 517604.170217
120.074097 468.308461 784.969770 2989.854468 10418.074997 2130.701300 45339.790308 62631.570739 3764.548865 577.384392 53347.788942 56545.750909 399600.947279 608005.203548 553213.596085
111.149202 456.026191 607.565268 2416.260422 8463.457001 1697.436722 36865.073762 51899.657870 3207.742966 506.298134 47605.529507 62111.251096 439855.266162 605404.796682 642769.669116
79.912067 355.038636 529.780217 2158.906439 7430.932805 1464.713355 32995.400604 45247.759512 2864.154760 485.015324 46128.506618 61659.649183 493747.482364 582472.223090 651682.675750
90.324445 312.733039 407.644041 2107.653739 6943.198559 1481.015233 33488.798109 41726.166264 2781.853823 522.149580 50135.973026 64249.684835 518605.575744 565675.573306 708475.678724
109.661719 427.367560 432.207741 2335.564682 8157.932907 1679.448443 40281.048064 43389.632421 2943.451349 617.090768 61828.426473 79902.508996 510716.615643 592269.679936 719080.089697
131.973958 595.225252 502.487217 2761.943526 10561.634511 2193.941346 51685.903055 53952.445894 3643.100358 757.073990 80209.155761 77308.990552 510848.671155 612272.084923 721360.014389
224.197880 939.128817 655.328019 3679.039709 14989.893361 2912.629329 68595.637496 68652.295768 4629.710158 964.781767 97974.673653 78240.056708 527293.200345 619803.607526 722387.163853
247.997602 1132.915746 860.707846 4176.299947 18457.407772 3607.145561 84858.851068 91702.903054 5727.480848 1160.956870 114282.071800 78661.474432 532492.207759 626646.163636 738954.090682
301.546976 1273.479505 979.432397 4934.185616 22508.362772 4163.236361 98048.254891 111613.373870 6764.345203 1284.251211 128473.177116 80124.246696 555888.645610 557333.778999 755904.423532
264.359911 1351.267216 1123.402973 5316.945141 23531.684435 4427.579751 67310.157404 124152.290756 7705.434572 1369.406375 132756.457571 79434.654057 509478.369096 474627.179105 754949.852986
308.984389 1329.432069 1239.398225 5969.053961 24190.585793 4578.512659 98840.337477 129636.223514 8819.683658 1438.602423 130396.142343 84080.697393 493994.408081 429133.013877 742687.171527
291.134598 1332.161462 1242.127525 5851.281799 24669.117506 4618.002555 107453.054092 129103.363788 9058.483834 1433.338546 130246.635663 88694.234678 475741.803766 368140.046857 758050.235007
270.309841 1192.962400 1145.919699 5745.504950 25416.363180 4773.854133 110033.466335 126173.618428 9435.757158 1445.900070 132280.442050 84217.687176 461375.792153 309893.524046 742843.373980
234.610259 1262.561931 1234.621950 5764.043161 24796.112460 4796.198949 105834.861506 129459.259029 9310.758057 1430.682682 131679.837629 82590.062799 472574.280460 305717.327150 672861.519448
273.284807 1128.821656 1157.519224 6296.198854 24164.818701 4582.728662 99573.817294 131484.519245 8743.118295 1347.130607 122417.297347 77158.069604 466648.063241 313788.245742 622706.331825
234.610259 948.681694 1173.895024 6208.960216 22151.304494 4235.611080 92762.663220 127054.508308 8480.647495 1255.264001 112097.899500 67362.139154 437343.497967 352269.085388 563325.732661
206.348089 855.882319 1138.414124 5734.600121 21339.641089 4101.682717 86773.838322 139746.794415 8499.128790 1214.935530 109326.011285 62740.475356 388868.271223 411468.384084 491340.068884
184.035850 817.670812 1135.684824 5247.154230 21619.398090 3985.180500 81645.150839 134345.445083 7715.084904 1258.398400 106939.059810 86792.630734 358997.495329 466035.708051 404736.064433
164.698576 763.082945 1145.237374 4822.956352 20721.230875 3865.867614 80590.300999 132780.292528 7610.387915 1335.071545 107877.343111 67118.343776 309691.946942 522277.750570 361467.984963
187.010815 677.107054 1096.792298 4910.194990 21418.782872 3973.656758 79643.204637 132957.257013 7429.398685 1289.814171 107420.230734 65069.301676 284260.407024 561365.116273 381730.125376
184.035850 700.306897 1127.496924 4643.026661 20452.516913 3995.298907 77102.491044 124506.219726 7037.285701 1253.014890 96440.082100 56512.083928 231452.674102 533071.558960 377037.740577
173.623471 558.378442 991.031922 4251.543272 19072.136972 3705.097365 71571.145826 111379.387495 6381.245264 1069.891808 85020.864999 48700.183478 249580.458824 563740.578523 399963.211704
117.099132 518.802238 939.175222 3785.907041 17443.288642 3143.666295 62455.579646 95586.290360 5175.955318 847.098240 70651.039054 50229.128773 258832.485065 576859.207182 457044.952544
94.786893 559.743139 857.978546 2952.778047 14310.746430 2507.330904 52283.273215 80453.860634 4286.941320 702.233969 60119.410460 53167.443536 272104.968501 584099.832822 537970.445599
117.099132 421.908774 696.949844 2441.341530 10966.545960 2044.835372 42965.432962 66098.108370 3545.868720 586.644029 52696.489727 64067.418768 296897.034125 583369.646111 602826.019629
108.174236 382.332570 606.882943 2171.992235 8756.097548 1670.735370 36156.169300 53926.884357 3023.476265 507.075752 48225.896305 81008.875637 357373.031635 591934.029594 655696.605451
109.661719 417.814683 493.616992 1761.970636 7414.368246 1439.417337 32156.057720 46236.794355 2861.969779 486.486817 45831.211726 91337.673127 363009.812116 557512.792515 714087.922412
70.987171 289.533195 533.191842 1857.933138 7230.317587 1392.057569 30377.180123 43312.947811 3090.209215 536.015109 51342.337270 72535.244877 454017.767569 566915.712994 721396.303848
127.511510 316.827129 551.614618 2090.206012 8627.262087 1538.633941 31350.742251 44970.515152 3621.432633 663.257357 61524.257711 84910.762606 468517.643673 586926.362024 716997.390324
166.186058 361.862119 701.726119 2568.928039 11997.229649 2090.508738 37715.759117 51368.764415 4706.912807 809.437597 78980.451438 93194.000787 503907.616372 639045.205069 719293.093042
259.897463 453.296797 869.578071 3443.495386 16591.134092 2866.955963 48237.791750 65054.017909 5836.729880 1067.116310 97885.313339 95038.719142 568030.516786 646838.181623 751024.280229
242.047672 539.272688 1092.016023 4367.134468 21161.111950 3407.869151 62865.799029 84408.033734 7104.382815 1241.362582 113214.903430 85017.568200 497981.399153 615600.323058 763736.635416
276.259772 756.259461 1262.597275 5375.831221 24021.259187 3955.387412 70446.350746 107574.651071 7911.368998 1362.455665 125912.660414 85274.133812 485127.694498 585213.956416 738233.034914
350.633903 703.036291 1323.324201 6047.568735 24380.157972 4238.983882 78584.573973 124844.418519 8585.799689 1452.061198 130574.862972 92661.133747 495687.613001 505696.623638 742816.551337
259.897463 802.659148 1444.095727 6174.064760 24564.208630 4524.688354 83813.453288 144772.585784 9000.854969 1493.705638 131476.199220 90578.424666 491818.205604 448512.404719 737538.801790
249.485085 825.858992 1510.281252 6228.588909 25985.079716 4659.459918 83994.932830 150223.091917 9197.685309 1495.835115 129533.471616 87651.719207 470561.790638 422105.555648 734443.153177
246.510120 730.330224 1474.800352 5688.799836 24994.887172 4721.575696 82140.438757 152484.304779 9208.792294 1533.579502 128605.499120 83622.129897 467578.783253 420795.930451 709018.442803
256.922498 865.435196 1602.395128 5440.169717 23323.707190 4740.266642 87705.811389 146211.896927 9179.477137 1556.250060 128767.894307 86779.860500 516860.814905 360146.857818 661935.236754
271.797324 799.929755 1455.012927 5442.350683 23101.005893 4472.409917 89471.456103 146430.153125 8511.237224 1410.069820 121372.469055 81068.083086 570206.719263 338754.742640 587638.092233
198.910676 806.753239 1401.109251 5378.012187 20391.780196 4110.395790 91015.922625 139312.248291 8372.399913 1302.196244 112167.497437 77095.379365 488462.548419 360983.039374 551908.753372
167.673541 806.753239 1332.876751 4987.619282 19977.666214 3690.341354 90288.114044 143168.107788 8177.299350 1251.782664 107710.651755 65047.243999 659362.279590 424377.378494 495630.114031
164.698576 705.765684 1192.317799 4559.059472 19335.329415 3778.877418 94431.896928 134207.806039 8633.323018 1289.335637 105114.906468 50708.593016 642716.953662 497489.089468 429827.858468
136.436406 783.553395 1182.765249 4653.931491 19677.663640 3882.450559 91263.566584 134209.772311 9057.846548 1300.126584 107768.220419 45691.051962 575462.709534 521450.990778 375242.201269
124.536545 809.482632 1065.405348 4511.078221 19283.795230 4039.426405 87002.578162 130060.938278 8683.213409 1286.990819 104370.810004 56321.691348 408580.722088 541765.491698 374917.173943
158.748645 765.812338 991.714247 4638.664729 19410.790185 3886.385495 88185.976011 124425.602572 7789.647368 1140.248302 97169.571590 57566.208703 263596.432881 543000.920503 430582.048089
146.848784 690.754020 967.832872 4135.952077 18838.392636 3574.541805 81645.150839 114659.129281 6900.269207 956.682576 94684.667462 54588.422308 253777.291531 554025.562112 435978.132828
142.386336 698.942200 812.945095 3567.810446 17154.329108 3073.961712 71667.556833 98309.577154 5458.910311 800.871835 76446.570984 55005.196310 236329.683144 556531.751338 496176.033715
111.149202 572.025409 761.770720 2803.381879 13773.318506 2524.194916 60852.510356 78375.511073 4347.301410 673.725293 62845.759283 74378.802302 245511.159180 567879.088363 582529.167560
70.987171 498.331788 649.187094 2598.371079 11021.761158 2028.252427 49377.710125 60732.151935 3645.740543 588.462459 54330.752400 102705.503297 324072.430392 581270.948179 608379.884624
59.087310 356.403333 555.026243 2047.677176 9370.826748 1640.099081 40678.034563 50133.945565 3194.815164 531.720264 48381.417621 98533.119552 412624.696017 596647.267038 672462.335402
72.474654 405.532413 485.429092 1862.295070 7843.206281 1400.770642 34638.168544 45233.995608 3004.812889 507.015935 46369.092080 69815.185023 444155.210707 604746.450923 691722.571193
68.012206 344.121063 438.348666 1722.713249 7848.727800 1328.395924 30863.015981 45916.292010 3226.042178 549.461920 50297.508979 99025.354028 481569.431595 593209.500896 732186.895523
51.649897 344.121063 539.332767 2028.048482 8629.102594 1527.531800 31150.358590 53952.445894 3889.730048 650.324970 60996.688162 68114.422033 493140.569703 634966.758975 753465.140782
75.449619 374.144390 748.806545 2782.662702 11665.938463 1987.076130 37362.252092 69155.661413 5002.249357 824.583205 78875.624915 91387.593133 521382.359453 661696.303462 740339.401325
103.711788 426.002864 965.103572 3691.035022 16756.779685 2805.964452 47925.873786 89933.258205 6387.436042 1043.357086 98880.306071 89342.033823 539186.336824 675139.982980 749631.080573
123.049062 535.178598 1274.879125 4357.320121 20336.564998 3496.686282 59531.112438 110712.821269 7606.473158 1248.038134 116119.972882 87907.123888 554894.611311 620937.752368 751753.225009
139.411371 727.600831 1290.572600 5295.135481 23656.838883 4110.676857 73690.297565 125041.045725 8564.405087 1403.621572 124935.711592 93782.592484 549554.503488 578549.236101 728384.391365
136.436406 819.035509 1452.965952 5708.428529 24654.393453 4238.140682 84323.864501 133085.064697 9078.421782 1458.676933 127756.576133 90073.419956 677648.350029 536014.682492 736639.454333
160.236128 749.435978 1602.395128 5967.963478 24337.826320 4124.449133 95053.842442 146044.763803 9376.125394 1488.166604 129631.424268 94532.553502 545593.742621 471858.358207 743228.357804
149.823750 798.565058 1643.334629 6581.905394 24404.084557 4254.723627 98785.515532 151359.597164 9753.125596 1526.138295 128059.026428 91820.620161 534965.082893 413385.713060 731046.144275
166.186058 690.754020 1581.243053 6552.462353 25859.925268 4283.111380 98777.953885 149395.291382 10318.125173 1568.644096 126980.688018 91890.275983 520868.609242 403426.908504 696506.468540
178.085919 727.600831 1566.231903 6665.872583 25677.715116 4336.092485 104587.189652 156762.912768 10173.916451 1571.515302 118500.050487 89145.836591 523202.192946 333612.814934 660322.722542
172.135989 859.976409 1506.869627 6617.891332 23978.927535 4274.398308 100254.365578 150392.191314 9925.556985 1442.526403 110887.239086 83258.758692 519984.018211 329913.594840 609424.389915
157.261163 839.505959 1393.603676 5781.490889 22362.962751 3980.683430 96305.295120 144886.629563 8974.544161 1368.269856 103289.034660 74195.375304 598368.009420 344616.257573 559688.897771
146.848784 768.541731 1440.684102 5139.196415 21431.666418 3782.952888 95719.267431 139658.312172 8532.995990 1280.279377 99259.228173 68677.473262 561241.416291 387586.567768 474318.734918
154.286197 794.470968 1257.138675 4983.257350 20112.023195 3593.373285 89496.031458 141587.225057 8394.704924 1185.852613 94822.144869 80303.029973 345650.843730 500118.939346 407591.887058
134.948923 888.635040 1196.411749 5010.519424 20399.142222 3470.265996 90212.497568 145759.654355 8524.256067 1180.971564 91711.718540 71240.807515 295676.877374 530473.507535 399344.713102
99.249341 888.635040 1316.500950 4887.294848 20923.686600 3522.544434 93838.307591 143661.642074 8007.143982 1143.598041 87100.210776 62699.842793 281759.492706 572465.131994 383495.686435
106.686754 802.659148 1141.825749 4810.961039 18924.896445 3288.275199 91753.183266 136093.460939 7302.942930 1057.737039 80483.251341 40851.133255 258237.330772 592752.545342 421279.324224
139.411371 652.542513 973.291472 4538.340295 18961.706577 3151.957768 84452.412510 114299.301495 6295.029569 913.925543 73398.868722 47038.892120 294126.581844 617083.073169 448046.744572
99.249341 606.142826 954.186372 4192.657191 16811.994883 2895.343716 70453.912393 94029.002893 5054.597852 752.874853 63796.071858 46574.519973 279888.103294 620102.748533 522886.653172
102.224306 563.837229 758.359095 3514.376780 13486.199479 2455.052467 55984.699714 77714.843663 4223.121677 641.029443 54090.166938 45367.152389 327851.388808 609626.924678 563712.294287
117.099132 490.143608 594.601093 2637.628466 11145.075099 1992.697468 44691.379026 61752.647131 3549.328272 557.142394 47049.605243 53925.531067 405535.304906 618697.727976 602153.875741
85.861997 389.156053 561.167168 2314.845505 9004.565937 1656.963093 36744.087400 51121.014136 3088.570480 504.647191 42816.160348 70091.486451 446922.045029 640535.021503 642029.679718
128.998993 311.368342 572.084368 1908.095355 7469.583443 1390.371168 30477.371953 46364.602038 2926.790872 494.992763 41181.897675 75484.008013 501756.739609 648324.464896 692318.980559
81.399549 338.662276 609.612243 1919.000184 7280.011265 1210.909973 30759.043326 48409.524974 3205.011740 539.759639 41932.008775 89766.934338 499282.055496 622855.081344 721337.925153
88.836962 416.449987 580.954593 2223.244935 8474.500040 1208.099304 36672.251748 58824.868043 3845.757313 679.874458 47615.840312 76145.738323 506290.947015 637621.340984 726857.078491
79.912067 593.860556 776.781870 2867.720374 11472.685272 1415.245586 45876.667287 76389.576299 5051.866626 881.373253 57671.453385 64469.100675 516341.637756 679759.002784 743452.405767
127.511510 728.965528 941.222197 4036.718126 16920.584771 1865.936310 61015.085779 100307.309561 6586.451362 1088.255559 72322.248780 67705.774543 550092.674923 687137.421722 755650.397321
106.686754 862.705803 1210.740574 4927.642718 20334.724492 2547.242400 72457.749007 123206.513899 7931.762150 1273.890945 87249.717456 69140.684479 567891.225356 652062.549765 766459.922626
115.611649 1075.598485 1503.458002 5669.171142 22815.727372 3083.517985 88064.989650 139884.433458 8857.647697 1388.787011 99742.976798 72111.505292 554114.036607 573477.971624 739346.963518
181.060885 1056.492732 1530.068678 6190.422005 23691.808508 3378.216597 94087.841962 149599.783676 9379.858070 1460.997824 104959.385152 75817.195029 535985.347395 502065.711334 746010.023709
149.823750 1195.691794 1543.032853 6502.300136 23787.514850 3580.584742 97655.049216 155773.877925 9677.834804 1535.637199 103146.401850 76303.624853 532693.908986 445460.930901 751936.250106
209.323054 1138.374533 1619.453254 6772.739915 25755.016393 3769.883278 101679.736150 156141.570799 9603.636504 1478.201129 104765.198315 76174.761582 563533.393463 370947.732532 755319.058784
163.211093 1242.091481 1647.428579 6856.707104 25195.502390 3815.697178 108776.342421 161381.685822 9915.087286 1479.313721 101532.760788 77846.501313 529261.370166 344782.316164 745055.453163
176.598437 1310.326315 1671.992279 6656.058236 24601.018762 3868.116149 116235.907777 162897.681575 9750.121247 1468.355288 104239.347234 81474.408715 534553.540030 335255.735032 696373.933125
206.348089 1162.939073 1703.379229 6132.626407 23507.757849 3971.829823 114857.797502 158422.446381 9230.915223 1396.048768 114319.878087 86194.751594 460618.734184 331538.849132 624195.777437
176.598437 1067.410305 1369.039976 5128.291586 20881.354948 3888.212430 113727.331186 149983.206726 8570.049620 1281.368042 108723.688397 77124.402624 412223.102543 370745.164605 580509.580289
161.723611 933.670030 1372.451601 5102.119994 19397.906638 3703.692031 100224.118988 149371.696118 8141.429251 1245.394233 113106.639972 78543.059534 331364.427220 411818.167073 488569.447597
139.411371 924.117153 1325.371176 4686.645980 18010.164671 3718.869642 98303.460498 145972.011737 7909.548181 1235.835512 108255.405980 52692.623016 346644.878028 533915.984559 459853.441093
188.498298 854.517622 1151.378299 4865.485188 17253.716464 3648.040791 100829.050796 144227.928425 7966.448718 1278.831811 107195.970714 52236.377381 317053.589485 559187.511067 469654.750565
191.473263 787.647485 1114.532748 4815.322971 16535.918895 3509.615358 103749.737180 139807.748848 7973.914069 1244.126117 106184.652540 35257.770739 268504.194577 602767.880481 405485.520647
184.035850 791.741575 1113.168098 4442.377793 15617.506107 2919.374934 96014.171687 131704.741715 7211.264784 1070.896730 98845.936719 29123.414671 278931.153078 617061.874200 426553.918166
99.249341 660.730693 1118.626698 4056.346819 14888.665498 3144.931096 85785.152899 115309.965331 6339.093345 899.449883 84470.096138 25604.634724 307173.847318 641711.564283 423712.295764
120.074097 656.636603 913.929196 3498.019535 13857.981809 2860.631958 73210.132943 95224.496302 5137.718157 757.887499 70099.410959 27765.126140 303733.168090 650151.109392 506652.642682
105.199271 503.790575 806.121845 2770.667389 11942.014451 2497.774631 58177.577518 74962.062788 4135.631411 645.946382 58286.664781 32905.725812 345324.322909 634810.122148 557953.314960
97.761858 443.743920 628.035018 2249.416526 10178.809140 2053.829512 45424.858843 60915.015236 3496.069369 585.340023 50549.264480 52040.180148 383720.819728 642107.278371 615929.669850
109.661719 344.121063 565.943443 1948.443225 8121.122775 1692.799119 36203.429597 51280.282173 3057.798669 529.638640 45628.432551 62821.740482 435882.746928 682146.242239 657383.276382
103.711788 356.403333 543.426718 1662.736685 7033.383382 1437.028268 32299.729025 43926.424692 2869.253048 507.470543 42941.608482 65418.741717 507341.059681 633113.026906 683191.392777
93.299410 416.449987 543.426718 1668.189100 6637.674466 1317.012715 32745.866233 49060.361024 3150.387224 537.630162 41905.372528 67102.090751 504274.839234 600746.912102 719242.603360
88.836962 517.437541 611.659218 1988.791095 6521.722551 1333.455127 39574.034014 59141.437844 3890.094211 660.505785 45821.760154 65681.111980 485099.655314 624245.969255 752015.140233
137.923889 724.871437 862.072496 2547.118379 7616.823970 1528.093934 50549.765503 78521.015205 5080.544497 868.416939 55809.493757 67349.368920 523086.418250 654348.505257 771791.317460
161.723611 997.810774 1085.875098 3502.381467 8947.510233 1872.400848 65824.293651 104865.128181 6629.058485 1119.240649 70063.323140 68230.515070 540523.172760 651139.216893 811054.934045
184.035850 1102.892419 1233.257300 4484.906629 11288.634613 2360.613999 80537.369466 129266.564368 7892.887703 1294.563623 86794.323546 69289.283566 554054.340280 604331.893306 796939.912387
219.735433 1180.680130 1446.142702 5328.940453 14203.997048 2998.495257 92282.498598 147570.590916 8959.340337 1404.363300 98408.586718 81902.792021 504436.742909 539024.936092 799169.347397
242.047672 1192.962400 1476.165002 5853.462765 16075.792248 3289.118399 104292.285396 152928.682263 9450.414736 1442.789597 106936.482108 73794.854327 495183.812178 477363.023828 779254.323546
234.610259 1315.785102 1535.527278 5933.068023 17338.379767 3668.418139 111481.521850 155826.967270 9626.760882 1444.045750 109561.441344 76848.101196 479258.460137 416649.176568 803210.099741
297.084529 1303.502832 1493.223127 6334.365758 17691.757032 3942.879936 112916.344481 161538.987586 9702.597918 1464.814135 108597.381029 81688.019903 459943.080298 359566.241611 770112.535541
306.009424 1352.631912 1620.135579 6239.493739 18140.840639 4015.535722 104481.326586 163945.704580 9950.593221 1445.313865 110098.462465 94323.586035 474667.269874 338594.572652 750760.787202
212.298019 1270.750111 1539.621228 6210.050699 17717.524124 4124.308600 104668.477364 176067.771791 9926.376352 1388.571670 115023.590563 92688.996076 487792.321471 341981.696813 708324.209678
219.735433 1167.033163 1513.692877 5465.250825 18481.334358 4157.896091 98396.090681 168725.711943 9329.057270 1312.843630 127358.750887 83576.853613 446770.090741 352030.008126 649465.863160
201.885641 1201.150580 1353.346501 4746.622544 18288.081166 4080.181101 96367.678713 156871.057731 8643.701676 1217.567468 116380.320721 73091.330523 409159.595565 373879.078858 571396.192730
210.810537 996.446078 1193.000124 4388.944127 17492.982320 4195.699584 93938.499422 152275.879941 8243.850219 1182.957481 117607.306577 70123.992501 337379.284440 426271.153060 461050.993232
160.236128 930.940637 1139.778774 4116.323383 18150.043172 3796.584631 94324.143449 146111.617053 8177.754554 1119.874707 116786.738305 66520.464637 310987.176346 519838.691413 418682.261218
175.110954 900.917310 1117.944373 3924.398379 17559.240557 3767.494210 98993.460841 148516.367774 8340.353530 1085.635584 107958.970321 58311.526000 261126.271217 565381.143181 390947.647903
169.161024 1023.740011 1021.054222 3614.701214 17656.787406 3928.123925 98742.036059 152470.540874 8268.431251 1025.770953 103731.540063 53203.432378 239713.379514 594229.406850 367768.150565
136.436406 906.376097 1089.286723 3569.991412 17216.906332 3785.763556 96764.665212 138364.505161 7538.829799 952.698778 101531.042320 38466.582278 235852.112526 596677.887771 395267.671299
105.199271 767.177035 1066.087673 3435.862005 15943.275773 3556.975125 83089.425530 119549.247879 6540.475728 852.469787 82123.528650 33498.961231 257834.832807 595116.230387 416113.598658
84.374514 750.800674 843.649721 3155.607880 14097.247666 3166.713778 70070.158778 99396.925600 5409.293042 719.736358 68928.275300 29015.448147 300474.291314 611439.436529 507970.107815
112.636684 566.566622 753.582820 2874.263272 12322.999315 2644.069936 55324.945961 78753.035308 4440.709333 616.205480 59462.096609 62322.540424 320354.977283 647470.617532 588581.618161
91.811928 496.967091 654.645694 2452.246360 10355.497773 2137.587439 44755.653031 63891.951125 3676.876517 536.493643 51325.152594 74442.653472 409349.538424 632089.587791 611783.204735
100.736823 427.367560 603.471318 1937.538395 8277.565835 1715.284468 36768.662755 52229.991575 3282.760634 480.110349 45555.397678 65063.497024 469688.053484 620168.700881 689960.165739
85.861997 439.649830 533.191842 1835.032995 7038.904902 1493.241642 33150.414379 47544.365271 3091.938992 455.286386 43902.231862 72725.637457 494752.370540 603588.751670 669890.517237
94.786893 379.603176 623.258743 1523.154864 6212.517444 907.357754 34192.031336 50747.422446 3214.024785 457.475680 45609.529407 75113.671225 542301.399721 609683.455262 723049.840926
106.686754 496.967091 590.507143 1686.727310 6140.737687 1390.230635 41422.856852 61263.045390 3945.082891 513.081356 52267.732065 79638.977802 535264.469019 625822.937006 732728.081799
103.711788 819.035509 807.486495 1847.028308 7114.365672 1694.204453 53495.027242 79232.805689 5177.958217 622.246975 67023.353982 83980.857381 541131.894400 642249.782552 734577.266394
221.222915 973.246234 1060.629073 2224.335418 8923.583648 2318.875569 70470.926101 102023.865064 6764.163121 770.305461 83937.371186 86653.319090 568980.231084 647598.989067 753258.448647
230.147811 1232.538604 1290.572600 2748.857730 11152.437125 2949.168022 87252.112533 125831.487090 8249.585793 936.093641 102738.265799 86307.361840 553936.756605 612408.700501 706058.485209
295.597046 1495.925064 1413.391101 3288.646803 15096.642743 3574.963405 99832.803725 141547.899616 9286.085984 1092.143649 114651.542331 85257.880787 545658.865887 551241.430848 708930.085859
225.685363 1319.879192 1451.601302 3697.577920 17614.455755 3810.356907 107033.382650 150154.272395 9650.977751 1182.167899 120465.977404 82030.494362 551195.247999 496764.791360 705203.316224
259.897463 1329.432069 1562.820278 4386.763161 19329.807895 4104.212319 111950.344001 157999.697889 9370.936065 1165.072264 123778.323674 88847.477486 627594.788570 426302.951513 703458.266598
249.485085 1195.691794 1691.097379 4277.714864 20601.597947 4259.501764 112922.015717 161094.610102 9389.963605 1143.430554 124566.241062 86684.664210 619373.880710 382369.265949 693311.418366
285.184668 1542.324751 1626.276504 4484.906629 20224.294096 4411.699473 115226.427823 163967.333573 9339.891132 1127.363768 124373.772692 89451.161278 629449.897166 352564.693233 679960.053144
249.485085 1321.243889 1554.632378 4275.533898 19905.886457 4378.111982 119447.717594 166991.459991 9085.067765 1205.185395 125239.021121 81986.379008 655569.753827 335520.722145 655054.439811
233.122776 1192.962400 1450.236652 4344.234325 20250.061189 4234.627346 114708.454962 162012.859151 8409.999788 1305.366533 119517.383297 82267.324157 639614.553622 357308.551411 577115.726993
237.585224 926.846547 1283.749350 4274.443415 19850.671259 4068.938427 107942.670774 148716.927524 7924.387841 1277.384245 111466.362662 73202.779839 434548.624462 385944.825390 516920.981711
231.635293 846.329442 1104.297873 4304.976938 19258.028138 4151.572086 102080.503473 145749.822995 7506.692375 1286.117494 105083.114818 59805.643384 353553.371178 426811.726770 461229.284921
206.348089 862.705803 1083.828123 4308.248387 18910.172393 4134.145940 103250.668439 140763.357066 7257.877705 1189.226279 113551.723076 77445.980336 359103.320637 548042.741967 406766.696321
216.760467 829.953082 970.562172 4448.920691 18915.693912 4288.873251 107356.643085 143781.584669 7097.099546 1185.158738 115248.709816 71858.422472 338596.727721 584025.636430 373937.358556
158.748645 836.776566 845.696696 4358.410604 19839.628220 4418.164011 109430.424939 139689.772525 6809.228347 1171.759780 105838.381322 69427.434280 291502.656913 609305.406981 344890.013515
189.985780 697.577504 840.920421 4350.777223 19644.534521 4254.723627 106097.628760 132440.127463 6334.723384 1242.200017 91942.852430 61471.578463 270893.856648 616756.844590 351644.586254
136.436406 606.142826 791.793020 4197.019123 17977.035553 3772.412880 91987.594341 117626.233810 5875.149123 936.775552 79038.020102 74110.627387 230987.766341 618042.915377 375213.800823
111.149202 692.118717 715.372619 3730.292409 16217.511255 3198.474334 74147.777245 98539.630984 4884.624566 779.038711 66913.372057 58898.956766 257624.991172 586501.204923 401512.613813
117.099132 486.049518 702.408444 3534.005473 13309.510846 2620.741386 60124.701774 77758.101648 3917.588551 645.073057 57660.283346 49193.578884 320611.852388 617389.280499 442802.128879
123.049062 400.073627 557.073218 2894.982449 11391.702982 2068.023389 49065.792162 61618.940631 3278.936918 555.646975 51330.307997 63728.427100 409915.749044 647894.596913 509554.221581
96.274375 487.414214 492.934667 2227.606867 9039.535563 1654.714558 38358.499163 52137.576788 2902.391921 485.039251 46356.203573 70443.248352 500235.387753 607429.298223 554142.921790
82.887032 412.355897 471.100267 1922.271633 7723.573352 1465.275489 33157.976027 47389.029778 2709.203216 466.484087 44505.413984 75653.503847 523500.674582 587634.172045 589842.282403
105.199271 421.908774 474.511892 1543.874040 6876.940322 1447.427743 35817.785570 50483.941991 2718.671466 459.964058 49113.484813 74034.005982 532125.889387 581117.844514 631955.410403
136.436406 502.425878 439.030991 1587.493359 7730.935379 1665.254566 42647.843763 60966.138310 2979.776652 492.324935 60159.794448 80529.411395 507872.899688 616609.629528 641695.185576
154.286197 617.060399 534.556492 1842.666376 9214.383688 2137.165838 54037.575458 81218.740463 3604.772156 595.149975 76383.846917 84519.529072 523952.919486 634754.769285 645253.130338
215.272985 819.035509 690.126594 2028.048482 12573.308211 3009.035265 70799.857771 107997.399563 4681.512407 745.912180 93510.094868 83158.918680 551899.845559 604592.169537 663746.554087
273.284807 1049.669248 800.663245 2556.932726 15396.645317 3577.633540 86972.331572 134036.740371 5798.219596 942.613670 109024.420224 34485.752044 540233.736021 585163.314434 667768.372800
285.184668 1176.586040 967.832872 3279.922940 18172.129251 4118.968329 98957.543015 145486.342539 6783.918987 1083.996604 120618.921019 75739.412694 516699.815719 538054.494399 678748.300782
289.647115 1289.855865 1008.090047 4083.608894 19828.585180 4451.329901 107696.917227 152191.330243 7270.259262 1147.821106 123550.626719 79641.299663 494413.186862 464709.594767 692505.161260
322.371733 1471.360524 1129.543899 4228.643130 21332.279062 4416.056009 112793.467708 152525.596492 7288.467434 1394.038924 126932.570926 83093.906579 469436.605317 445927.308219 701575.948150
361.046281 1502.748548 1042.888623 4319.153217 21750.074058 4560.383846 111388.891667 152612.112462 7229.108793 1369.430302 127485.917488 88589.750945 476930.303373 386848.137014 700051.790882
311.959355 1504.113244 1096.109973 4226.462164 21980.137381 4590.739068 111252.782010 151621.111347 7230.292324 1335.968797 126292.441751 94666.060494 492204.422752 336194.378271 695233.181878
326.834181 1308.961618 1078.369523 4548.154642 22392.410857 4702.322615 112963.604779 151831.502457 7112.394410 1351.317782 127692.133598 88702.361190 482926.166307 342783.724474 661187.358343
279.234737 1203.879974 1051.758848 4280.986312 22061.119671 4462.432043 105241.272169 145187.469187 7008.152626 1298.822578 118846.321705 81545.225468 445024.425412 335099.098206 613774.391560
273.284807 1081.057272 1074.275573 4589.592995 21124.301818 4213.406797 100796.913793 132646.586029 6940.054062 1288.067521 121787.478977 76988.573771 386569.058132 365003.777164 553436.066245
237.585224 989.622594 985.573322 4501.263874 20456.197926 4052.636548 94210.718735 131073.568386 6929.584363 1330.944187 110251.406080 88568.854198 338381.459147 415715.244210 463083.202923
253.947533 1076.963182 973.291472 4436.925378 20553.744776 3900.438839 91970.580634 123454.264177 6831.351276 1169.893496 108642.920420 76718.076995 328947.630454 542386.150402 407882.202728
201.885641 873.623376 938.492897 4706.274673 19883.800378 3946.393272 95407.349468 121240.241845 6791.111215 1258.589814 108074.966883 53736.299417 300377.510904 604058.662150 363138.877868
219.735433 929.575940 975.338447 4905.833058 19778.891502 3936.977532 96044.418278 117498.426127 6564.692597 1233.239463 104430.956370 54900.712577 269349.892547 591280.394716 334014.220503
253.947533 716.683257 1015.595622 5017.062322 19412.630691 3771.288613 95127.568507 107783.075909 6190.423621 1088.758020 92121.573059 54629.054870 196433.542224 606502.432189 330934.349915
184.035850 685.295234 888.000846 4637.574246 18236.546982 3483.476139 85378.714340 97275.318054 5675.678599 973.359493 79809.612047 51113.757714 162260.108316 547569.298326 341447.248340
175.110954 587.037072 832.732521 4157.761736 16057.387182 2864.707428 70903.830426 85277.125982 5019.456080 825.301006 66084.211447 25785.739861 190742.492355 564809.948738 376526.532549
139.411371 498.331788 641.681519 3546.000786 13232.209570 2263.224329 55939.329829 72181.754104 4248.704159 707.880673 56539.842481 33719.538001 244587.675087 556948.664395 428079.653237
93.299410 503.790575 593.918768 2848.091681 10944.459881 1843.872561 45311.434129 58343.131390 3501.713903 599.791756 48941.638054 49819.320353 342745.622468 633301.462187 515425.224888
114.124167 383.697266 559.120193 2572.199488 8805.791226 1400.911176 38568.334883 50279.449697 3010.639504 529.267776 45207.407992 53681.735690 423471.337789 583897.264896 605156.434003
102.224306 367.320906 504.534192 2101.110842 7585.535358 1189.689424 34520.963006 43841.874994 2823.186373 486.271477 43595.485398 57371.172401 462565.196250 545838.049190 638454.379128
81.399549 376.873783 501.122567 1901.552457 7342.588489 1163.690739 35360.305890 41745.828984 2836.023134 496.404439 47311.671550 59545.594982 484369.732040 539407.695255 674764.349330
111.149202 458.755584 428.113791 2005.148340 8789.226667 1450.378945 41736.665227 46103.087855 2917.049500 572.981877 58692.223131 65836.676649 491098.231718 563858.350573 685483.939890
182.548367 690.754020 529.780217 2589.647215 11196.609283 24.105120 54944.973169 55777.146360 3422.144191 712.522455 76480.081102 69883.679915 506906.904573 589724.625934 700829.647541
314.934320 922.752457 629.399668 3311.546946 15083.759197 12.159778 74956.873538 71888.779568 4343.932898 925.924789 95713.170312 71669.190822 504992.099651 604881.888780 708731.282738
334.271594 971.881537 783.605120 4279.895830 18606.488806 12.159778 91985.703929 94400.628311 5391.540075 1120.987299 111132.979951 68373.309505 493619.949301 589535.012933 730497.068986
306.009424 1076.963182 964.421247 5280.959202 20621.843519 12.159778 105555.080545 109906.649727 6639.619224 1265.373036 122057.278388 63398.722875 465618.753840 542124.696450 759236.742529
362.533764 1216.162244 995.125872 5566.665742 21531.053774 12.159778 109827.411438 117303.765193 7538.374594 1365.613991 126520.997939 66097.885982 450140.219764 497028.600752 754219.330403
423.520551 1247.550268 1096.792298 6495.757239 21996.701940 12.159778 108850.068485 122803.428128 7736.115342 1386.250779 130232.887923 70108.900406 439535.981260 453288.061350 774522.493683
289.647115 1343.079036 1114.532748 6134.807373 22248.851343 12.159778 109666.726426 124400.041035 7914.191264 1395.043846 131340.440281 73972.476673 437352.542865 372783.798792 729714.478919
349.146420 1197.056490 1048.347223 6373.623145 23222.479328 12.159778 104834.833611 120477.328288 8877.039400 1412.414638 131707.333111 80323.926720 447851.860551 338989.109020 723149.242487
326.834181 1173.856647 1088.604398 6389.980390 22121.856388 12.159778 103375.435624 121621.698623 9316.493631 1430.012734 129918.408355 79174.605655 444104.559278 303918.947945 673546.285757
372.946142 1109.715902 1121.355998 6065.016463 19451.281330 12.159778 98948.090956 122402.308629 9071.502677 1345.371994 121460.110902 74896.577246 429125.303576 326300.348344 586221.225539
304.521942 1214.797547 1054.488148 5696.433217 19764.167449 12.159778 91849.594273 124223.076550 8259.873410 1238.969911 113014.701956 65222.544484 428182.825196 354876.558577 515633.494826
265.847394 870.893983 983.526347 5666.990176 19386.863599 12.159778 85993.098208 123053.144678 8375.586343 1173.614100 109862.173172 58958.164215 392630.044332 408082.437644 459315.410421
234.610259 730.330224 1012.183997 5385.645568 19462.324369 4175.041169 80100.684317 118507.123690 8102.008559 1236.672946 107020.687020 50607.592073 357472.525514 475950.936948 391588.235741
216.760467 829.953082 1058.582098 5653.904380 20169.078899 4653.979114 79302.930495 115988.329189 8498.400463 1233.406950 107391.016785 43413.306579 299576.132935 500850.303777 341343.113371
218.247950 694.848110 1028.559798 5446.712615 19340.850934 4332.157549 78624.272623 117913.309530 7867.305222 1183.316381 102374.809904 37203.490037 249262.982902 540946.975950 360526.036837
212.298019 618.425096 1042.206298 5177.363320 19477.048422 4079.478434 76773.559374 113038.921109 7384.697623 1061.744763 95988.984359 36346.723425 247943.332272 535097.238222 379118.862147
182.548367 539.272688 1059.264423 4772.794135 18232.865968 3678.677079 73937.941524 107204.991925 6597.103143 915.444890 85244.265785 34320.899932 258391.998529 565226.861795 405209.405199
166.186058 490.143608 900.282696 4331.148529 16791.749310 3031.099014 66625.828297 96856.502106 5603.483197 776.586223 71750.858308 34066.656181 239823.727270 547737.712358 470331.627862
111.149202 536.543295 856.613896 3529.643541 13903.994474 2379.867079 55799.439348 77551.643083 4699.993702 634.868315 58144.891205 44418.672278 271485.392983 572180.123633 542011.197943
117.099132 435.555740 663.515919 3123.983874 11816.860004 1855.115236 46182.914015 63701.222736 3925.873269 569.045933 49546.538644 57392.069148 320505.122591 567842.579028 590784.230528
102.224306 410.991200 577.542968 2608.185426 10257.950924 1486.355504 36435.950261 54872.661215 3386.365133 516.778033 44907.535399 69800.092928 379672.323350 568069.879085 679108.039764
72.474654 312.733039 570.719718 2288.673914 8529.715238 1377.582626 30866.796805 48203.066409 3110.147164 503.630305 42945.904651 69570.228715 448833.231992 577208.990171 689000.861785
87.349480 281.345015 505.216517 2269.045220 8246.277223 1370.837021 30042.577216 43991.311670 3056.068893 549.844747 47368.380980 74350.939973 467777.771010 562036.416959 707287.593400
154.286197 289.533195 525.003942 2380.274484 9597.209059 1547.628081 31689.125981 46303.647605 3511.364234 662.754896 59053.101324 89891.153888 477630.378484 573626.364408 713508.868875
157.261163 330.474096 726.289819 3197.046233 13443.867827 2010.826281 39936.993099 56345.398983 4456.277320 830.493103 78022.405759 89231.745438 483114.300187 617346.882561 740579.227314
258.409981 410.991200 902.329671 4133.771111 18179.491277 2717.147322 50903.272528 73827.523813 5721.290069 1040.449991 96495.932297 86498.915351 481001.411996 620635.078200 779139.143959
267.334876 476.496641 1058.582098 4768.432203 22782.598253 3386.367536 65886.677244 93496.143167 7136.611279 1009.094036 112951.977889 76355.866720 486689.748396 600089.744062 786417.547146
274.772289 546.096172 1289.890275 5470.703240 24310.218721 3903.671108 81480.685004 115368.953492 8318.776846 1338.146127 123930.408055 73964.350160 487469.418610 555172.661880 769725.973915
326.834181 742.612494 1480.941277 5783.671855 24457.459248 4179.257173 84550.713928 131476.654157 8898.707125 1406.181730 127435.222695 82194.185544 504719.848219 502189.371987 787135.447309
311.959355 838.141262 1471.388727 6267.846296 25504.707497 4272.571373 87622.633265 137200.472105 9444.041876 1436.867736 129661.497451 88956.604941 501061.186947 452941.811522 774618.739639
273.284807 816.306115 1486.399877 6119.540612 25570.965734 4197.807586 86174.577750 137625.186869 9626.214637 1455.925362 129023.086743 91609.330833 519993.063109 386441.823441 736114.046082
246.510120 854.517622 1497.999402 6067.197429 25177.097324 3737.560588 84862.631892 149869.162947 9657.350611 1451.283580 130377.239200 97394.246860 491633.689684 363652.931749 724813.824182
189.985780 821.764902 1447.507352 6384.527975 26123.117710 3674.461076 85295.536217 145523.701708 9967.071617 1470.137828 126472.021613 90239.432998 498726.698754 349738.164031 681785.570700
213.785502 827.223689 1402.473901 5794.576684 25077.709968 4057.274152 83853.151938 146445.883302 9098.632853 1409.651103 119536.286441 87478.740582 483885.829992 362567.073447 590943.588586
216.760467 850.423532 1187.541524 5385.645568 22852.537504 3929.107659 84178.302784 142888.897156 9036.178823 1334.485340 110712.814626 72413.347188 466030.296702 376294.583605 520838.665455
166.186058 750.800674 1249.633100 5322.397555 22646.400766 4050.106946 81391.835644 146473.411110 8577.606011 1267.981048 107222.606961 64115.016913 446607.282576 403351.534392 445725.797014
151.311232 675.742357 1138.414124 4865.485188 22304.066541 3917.443384 81972.192097 142733.561664 8695.412884 1270.840290 104674.978767 63848.002928 439754.867794 473500.100585 391569.302110
131.973958 713.953864 1145.237374 5575.389606 22005.904473 3825.815585 81803.945438 113512.792674 8643.883757 1243.910776 103070.789276 63770.220593 353414.984237 509513.615781 364331.696600
152.798715 674.377660 1092.016023 5737.871570 21013.871423 3769.602211 80060.985667 135381.670455 8331.431526 1199.048194 101373.802536 61567.935684 296330.823505 543950.163227 393140.793455
103.711788 585.672376 1009.454697 5324.578521 20778.286579 3754.003000 76720.627840 137298.785708 7557.129011 1083.183096 95015.472472 59634.986620 269850.075411 525597.744662 399455.159281
137.923889 546.096172 937.128247 4688.826946 19751.283903 3512.004426 73966.297703 121946.133512 6703.256786 921.737615 81920.749475 56254.357387 245458.698771 552058.768875 434793.203109
198.910676 516.072845 893.459446 4143.585457 16574.569533 2970.950704 65393.279738 106015.397333 5416.849434 783.692456 70058.167737 57183.101682 251873.340486 567835.512705 489252.636103
149.823750 393.250143 809.533470 3381.337857 13651.845072 2401.649762 55082.973238 86938.625867 4425.505509 656.677512 58969.755646 50037.575262 252380.759268 571921.025122 546908.697074
87.349480 426.002864 615.070843 2765.214975 10673.905413 1928.473688 44795.351681 70726.712784 3720.940293 568.698996 51473.800040 63331.388914 324248.805904 583304.871484 594903.873000
91.811928 386.426660 504.534192 2424.984286 8971.436819 1616.348931 39016.362504 59062.786962 3294.960110 504.766824 47555.693947 74573.838604 401984.277922 585536.651833 625013.079160
56.112345 385.061963 483.382117 2082.572631 7521.117628 1370.696487 34798.853556 50395.459749 3019.015263 504.742897 46686.149349 90944.117732 499793.996727 571913.958799 655059.173218
84.374514 367.320906 512.722092 2128.372916 7522.958134 683.347460 30732.577560 49626.647376 3188.351262 545.418306 50564.730688 91805.528066 542374.663396 573705.271681 702338.026784
69.499688 318.191825 627.352693 2537.304032 8993.522898 1580.653438 32413.153738 55881.358779 3847.396048 667.958956 61793.197888 95820.025281 569634.177215 611462.990939 724608.709850
87.349480 367.320906 787.016745 3386.790271 12525.455040 2066.055920 38727.129483 71332.324577 4942.799676 852.206593 79449.593088 87001.598200 595302.693462 615837.044879 743346.692995
108.174236 458.755584 928.258021 4515.440153 16558.004974 2759.869486 51874.944245 92849.239661 6242.954197 1083.506107 100810.145168 81414.040336 590907.777488 640873.027287 778381.798733
124.536545 569.296015 1095.427648 5484.879519 21562.342386 3395.080609 64990.622004 113945.372525 7537.282104 1290.412339 115334.633196 82757.236772 595601.175099 611521.876964 795125.439448
160.236128 713.953864 1093.380673 6047.568735 24584.454203 4026.356796 80465.533814 135857.508292 8494.303624 1388.045283 125779.479177 79984.935052 606674.843812 566189.059445 775355.573432
158.748645 929.575940 1674.039254 6892.693042 25416.363180 4319.369007 92248.471184 148073.956562 8944.773800 1446.737505 134820.337141 83118.286117 550658.885543 501208.330809 814672.835304
175.110954 842.235352 1824.833081 7702.921894 25607.775866 4361.107437 95004.691733 156058.987372 9303.383747 1468.151911 128585.736743 85807.000851 536890.741693 417727.968546 786255.033483
189.985780 1027.834101 1608.536053 7710.555275 26229.867092 4325.411944 94307.129742 157195.492619 9563.032280 1502.486741 124977.814048 81301.430090 552570.976996 374160.554058 793165.808675
184.035850 877.717466 1686.321104 7326.705267 26715.760831 4291.824453 99447.159697 155844.663719 9876.030757 1530.325469 124396.112771 93925.386919 556695.450518 340676.782498 740920.032666
185.523332 865.435196 1533.480303 6526.290762 25731.089807 4212.001463 97462.227203 155416.016411 10055.563333 1522.166461 120321.626127 94465.219540 619202.027646 310407.010184 681648.301878
117.099132 817.670812 1465.930127 6665.872583 23818.803462 4041.112807 102175.024068 148180.135253 9404.348061 1397.687747 113546.567674 82059.517621 596493.002049 323023.929910 574793.201632
164.698576 648.448423 1415.438076 6018.125695 22854.378010 3661.532000 101927.380109 144969.212989 8681.301551 1322.976593 105936.333974 86554.640008 552950.862715 356839.818652 517358.033018
161.723611 713.953864 1241.445200 5899.263050 21926.762690 3410.679820 97218.364067 144851.236666 8452.515870 1293.307471 103527.901654 79856.071781 475198.205391 410470.854820 451659.912424
176.598437 793.106272 1146.602024 5945.063335 20585.033388 3166.011111 98150.337134 150227.024461 8570.504824 1268.064791 99217.984951 74166.352044 415653.832383 499033.081044 403456.466561
142.386336 891.364433 1111.803448 5851.281799 20787.489112 3155.892704 107625.081575 149261.584883 8617.299826 1264.332224 95504.376500 69550.492899 418922.658547 550480.623404 380046.610050
172.135989 849.058836 1190.270824 6112.997714 19775.210489 3127.364417 97146.528415 150968.309025 8565.042373 1227.006555 90308.589757 62876.304209 370478.184456 582453.379562 401782.418050
178.085919 862.705803 1057.217448 6115.178680 19096.063558 3014.516069 91350.525531 140653.245831 7889.519191 1087.035297 84922.053112 61057.126322 294836.606343 601623.136154 428174.321390
118.586615 806.753239 922.799421 5500.146281 17739.610203 3028.709946 84356.001503 122608.767194 6893.076979 950.820532 78287.049767 58635.425573 288772.906674 594104.568477 509800.358779
106.686754 748.071281 881.177596 4694.279361 15234.680737 2808.634587 73862.325048 101292.411860 5572.620345 807.906288 66731.214493 52550.989511 267673.872934 593605.214984 560361.041660
94.786893 649.813120 666.245219 3922.217413 13202.761464 2369.186538 61024.537838 78501.352485 4569.350068 670.363590 58433.593759 60865.572811 317447.947041 611610.206002 609096.206984
68.012206 548.825565 528.415567 3022.568957 10443.842089 1941.402764 48608.312482 63384.652936 3767.098009 549.820821 51017.546897 80362.237422 393050.632093 611703.245921 698732.747945
56.112345 492.873001 481.335142 2531.851617 8735.851976 1615.224663 39071.184449 53622.112189 3304.337318 522.664004 45637.884122 66895.445146 527507.564430 637570.699002 738274.057781
84.374514 533.813902 443.124942 2107.653739 7217.434041 1405.548779 33004.852663 48112.617894 3152.208041 512.674602 42891.772922 72342.530435 566937.893099 610799.934297 756967.862454
100.736823 446.473314 512.039767 2057.491523 7182.464416 1218.077178 31356.413487 51339.270334 3386.729296 551.806738 42817.878815 76330.326252 573971.205842 597713.104091 751641.201028
94.786893 400.073627 514.086742 2457.698775 8080.631630 1270.636682 35341.401771 63001.229885 4046.957613 672.193984 46870.884614 80170.683911 559265.106061 602464.028592 756139.516113
115.611649 632.072063 708.549369 2757.581594 11145.075099 1458.108284 44292.502115 81376.042227 5389.901339 881.708227 59890.854271 77816.317124 563427.568156 637965.235370 759342.455300
84.374514 700.306897 958.280322 4373.677366 15617.506107 1834.456821 59007.468342 105588.716297 6803.037568 1092.119723 74790.827466 80510.836509 552731.071692 655165.843285 798555.582203
87.349480 956.869874 1165.024799 5508.870145 19410.790185 2449.993263 74227.174545 126606.198279 8288.915444 1277.408172 87463.666670 81979.413425 539595.166217 607058.316266 805327.510770
149.823750 1123.362869 1437.272477 6353.994452 22331.674139 2972.637105 88371.236377 142440.587128 9418.277313 1409.758773 99520.435246 77479.647317 529557.138333 540699.654644 782446.218115
185.523332 1244.820874 1597.618853 6757.473153 22648.241272 3407.025951 99904.639377 153813.504687 9719.713600 1449.034469 104851.121694 76078.404362 532844.054294 492461.400649 742701.371750
182.548367 1258.467841 1559.408653 7091.160944 23783.833837 3588.876215 106955.875762 158172.729830 9967.344739 1482.448121 108150.579457 79903.669926 497349.160777 446083.945046 758269.549562
246.510120 1236.632694 1607.853728 7104.246740 24586.294709 3745.570994 110840.672216 160616.805993 9781.894507 1475.138510 109197.126216 87556.522916 496716.922402 340138.564229 773900.839476
245.022637 1254.373751 1475.482677 7554.616209 23040.269176 3532.100707 108056.095488 162783.637796 10165.813814 1458.473556 107443.430046 84373.251846 500532.964900 324777.555736 717306.639625
250.972567 1276.208898 1581.925378 7532.806550 24393.041518 3486.286808 107982.369424 168770.936200 10082.147264 1434.307578 106207.851852 82095.506462 489332.667613 323710.540962 690654.398863
276.259772 1210.703457 1395.650651 6712.763351 22782.598253 3450.029182 104483.216997 162229.149077 9454.147411 1338.756258 105327.996449 83574.531752 462676.448496 305692.595019 590386.624284
185.523332 1101.527722 1199.141049 6574.272013 21041.479021 3452.418250 101609.790910 153900.020657 8921.558380 1246.327374 103362.069532 82958.077726 405284.761229 349598.015292 511420.762003
224.197880 1281.667685 1137.049474 6220.955528 19385.023092 3441.175575 97284.528484 152842.166292 8626.494953 1260.982485 102540.642026 70186.682741 313261.968212 409952.657800 450926.234236
195.935711 929.575940 1083.828123 5596.108783 17590.529169 3417.565958 98972.666310 149489.672441 8476.095452 1234.136715 101829.196446 61216.173782 255656.821351 478015.480986 393612.556419
167.673541 922.752457 1138.414124 5737.871570 17585.007650 3335.213366 105144.861162 151737.121398 8305.575922 1211.645607 101694.296741 60071.496439 207925.085229 512327.190058 350169.340865
179.573402 1429.054927 1156.836899 5385.645568 17262.918997 3326.219226 110054.260866 148313.841753 8395.524291 1127.782485 100177.749097 46739.372085 180367.089773 541620.632076 362312.109330
120.074097 1142.468623 1077.004873 5388.917017 17384.392431 2917.829066 102004.886997 135485.882874 7646.531136 1031.704778 97435.934065 48960.231880 178213.499541 566596.550738 393481.598807
128.998993 1041.481068 1053.805823 4972.352520 15363.516198 3055.270765 88180.304776 117518.088847 6627.692872 895.226819 85918.764312 49439.696123 163441.372005 547088.788362 458400.284939
109.661719 888.635040 929.622671 4145.766423 14342.035042 2826.341800 72616.543607 95025.902824 5332.727679 763.055668 74296.768035 40841.845812 180004.389360 559940.074467 496291.213302
148.336267 767.177035 742.665620 3616.882180 11980.665090 2455.895667 58366.618708 74541.280569 4233.955540 645.132874 62938.556533 48872.001172 287648.625843 599523.260501 556921.432089
106.686754 589.766466 632.128968 2724.867104 10176.968634 2050.456709 45545.845205 58352.962750 3501.895984 568.902373 53645.943068 52429.091822 378827.529870 626347.022629 610033.421701
100.736823 495.602394 563.214143 2481.689401 8036.459472 1687.037248 37447.320627 50851.634865 3051.698932 381.496410 48681.290215 65222.544484 423276.872480 648416.327095 638194.041706
106.686754 507.884665 451.995167 1949.533708 6762.828914 1350.740740 33698.633830 46545.499067 2885.458321 490.877369 45522.746794 70257.499493 478965.405440 575968.850484 674399.876940
68.012206 495.602394 467.006317 2010.600755 5829.692074 1234.379056 33970.853144 48303.346283 3148.384325 540.872231 44932.453179 72082.482033 490980.648043 572216.632968 710435.309497
88.836962 683.930537 560.484843 2183.987548 6414.973168 1299.164969 39462.499712 58250.716603 3886.907781 650.205336 48328.145126 75269.235895 498388.419566 600892.949444 728676.284837
114.124167 903.646703 778.828845 3077.093106 8073.269604 1475.253363 50748.258752 78078.603993 5086.735275 851.811802 58729.170184 73345.574274 522361.921915 626491.882250 745478.304247
166.186058 1105.621812 996.490522 4314.791285 10035.249627 1819.700810 67935.883743 105346.864834 6579.714338 1082.919902 72035.264693 80651.309084 568545.171486 637209.138808 790848.016721
203.373124 1293.949955 1248.268450 5504.508213 12446.313257 2478.381017 90392.086698 126549.176390 7961.805634 1275.769192 89107.380915 84584.541173 536971.241286 608506.912482 806611.842050
189.985780 1545.054145 1331.512101 6371.442179 15847.569431 3210.981810 106744.149629 142503.507834 8876.675236 1396.922093 105328.855683 73497.656152 527281.441978 537444.435180 785974.184628
313.446837 1403.125690 1474.118027 7020.279551 17601.572209 3820.475315 112122.371484 150158.204939 9176.927993 1448.532008 110363.106473 69862.783168 498543.991813 461018.618717 760776.677822
304.521942 1460.442950 1563.502603 7539.349448 18253.111541 4028.886398 114029.797090 157160.099722 9511.594194 1449.764233 112579.929657 71217.588908 474944.948245 395762.303485 773864.550017
300.059494 1448.160680 1624.911854 7391.043763 18842.073649 4000.217577 115145.140111 161098.542646 9456.605515 1430.850169 111922.615806 76944.458417 498048.331399 369071.623774 762379.725218
283.697185 1506.842638 1573.737478 7640.764364 18291.762179 4170.684633 116842.729997 161835.894666 9626.487759 1417.762258 120708.281334 78293.459505 501384.089809 356431.149638 747945.987444
346.171455 1498.654458 1670.627629 6876.335798 17485.620294 4076.667765 119667.005375 173061.341821 9717.710701 1440.408890 129747.420830 80010.475520 496346.081581 302153.544914 702951.791978
274.772289 1624.206553 1593.524903 6444.504539 18102.190001 4086.645639 114670.646724 171277.933068 9250.580048 1299.791610 124182.163556 78633.612103 480480.425867 324640.940158 633896.107546
245.022637 1450.890074 1244.174500 5788.033787 17929.182381 4049.123212 106986.122353 151428.416686 8716.261241 1196.212878 118826.559328 73228.320307 446970.887478 370407.158822 543914.027824
167.673541 1303.502832 1259.867975 5309.311760 17526.111439 3919.972986 103762.970064 148398.391451 8711.982321 1150.883725 115444.615121 62885.591652 396768.085202 423664.857591 519379.198092
198.910676 1240.726784 1059.946748 4723.722401 17446.969655 3883.855894 99622.968004 149619.446396 8547.016282 1068.432279 116199.881625 66068.862723 302361.961542 488335.845735 489404.105148
188.498298 1049.669248 1085.192773 4550.335608 16637.146757 4052.636548 102435.900910 154902.819405 8274.804111 1037.148104 113759.657654 63911.854098 259059.512007 529624.371054 463894.193436
218.247950 1123.362869 1135.684824 4456.554072 16622.422704 4005.557848 104144.833267 153042.726042 7982.289828 962.855667 101317.952340 59810.287106 215001.813483 576474.092579 452961.599532
182.548367 1018.281225 1094.062998 4157.761736 16407.083433 4002.747179 98936.748484 141266.722712 7285.281004 909.702479 90651.424040 41027.594671 197614.805913 584700.470277 463064.269292
160.236128 914.564277 989.667272 3876.417128 15786.832713 3674.461076 88823.044821 122364.949460 6371.959096 817.130035 80397.327961 31807.485684 211760.122012 602419.275213 508954.656610
170.648506 783.553395 911.882221 3331.175640 14570.257859 3177.815919 71735.611661 100244.388855 5297.130703 705.882792 70664.786795 33475.742623 252494.724984 614306.008228 564892.490598
112.636684 582.942982 792.475345 2670.342956 12578.829731 2709.417983 56479.987632 77583.103436 4394.551617 599.923353 59807.508593 46690.613010 293866.088780 599988.460099 605524.061999
124.536545 593.860556 606.882943 2501.318094 10419.915503 2194.362946 44504.228248 61347.595088 3574.091386 525.200235 50869.758684 61520.337539 382210.321750 615594.434456 654857.214491
121.561580 509.249361 563.214143 2030.229448 8163.454427 1845.980562 36974.717652 51746.288650 3234.235856 473.327126 45868.158779 69790.805485 432530.707701 605150.409054 696265.064749
96.274375 430.096954 490.205367 1760.880153 7213.753028 1551.281951 33358.359688 47908.125601 2980.322897 446.804367 44813.019682 68932.877943 533100.024909 557491.593546 748591.308689
99.249341 532.449205 547.520668 1582.040945 6547.489643 1507.013919 34046.469620 49667.939089 3251.260497 444.794523 49144.417229 78533.772091 535812.589842 556068.907181 750139.132995
108.174236 660.730693 587.095518 1647.469923 6470.188366 1721.889540 41938.939300 62051.520483 4019.827437 491.643023 59368.440125 95835.117375 555200.328866 592590.019913 775008.456870
160.236128 763.082945 776.781870 1843.756859 7245.041640 2183.260805 57708.755367 83104.395363 5257.710010 626.912683 75177.482672 92575.224900 537386.402107 618799.011939 740462.469925
213.785502 990.987291 1048.347223 2149.092093 9459.171065 2894.359982 76546.709946 107271.845175 6718.278527 792.461596 93089.929543 96498.008616 527591.681982 621246.315140 734968.561427
192.960745 1261.197234 1369.722301 2924.425489 11982.505596 3618.950370 91919.539513 129205.609934 8181.669311 948.128777 110206.725922 96926.391922 544711.865058 603514.555279 755273.302510
221.222915 1319.879192 1536.209603 3736.835307 14844.493340 4240.248683 101082.365990 148288.280216 9148.250122 1123.750834 123083.203536 89837.751091 541296.511545 552648.806846 737410.999783
207.835572 1364.914182 1628.323479 4252.633755 16758.620192 4360.826370 106167.574000 155736.518756 9505.767579 1195.590784 127502.242930 78581.370236 523251.035395 522576.891577 766819.661609
303.034459 1419.502050 1644.699279 4462.006487 18451.886252 4575.701991 110649.740614 161224.384058 9709.517024 1209.611836 129467.310614 73033.284005 472654.780053 414304.335050 746893.593139
253.947533 1500.019154 1635.829054 4529.616431 18866.000235 4671.124193 113443.769401 159655.298959 9573.866142 1202.780760 130616.106194 75078.843314 468345.790609 364478.513820 749154.584201
289.647115 1396.302206 1695.873654 4950.542860 17967.833020 4242.216151 116041.195351 163869.019970 9543.094332 1167.189778 132420.497158 69382.157995 466733.989772 313185.252846 747221.776071
319.396768 1557.336415 1758.647555 4923.280786 17509.546879 4523.985687 119888.183567 166342.590213 9514.598542 1165.215824 131084.388611 79961.716445 471133.428196 320581.337591 702538.407708
224.197880 1244.820874 1487.764527 4769.522686 19132.873690 4673.934861 111755.631575 159895.184149 8754.953607 1179.212950 122672.489783 76456.867662 461560.308073 305230.928583 636305.412048
234.610259 1227.079817 1218.928474 4656.112457 18361.701430 4481.825657 105180.778988 152478.405963 8054.121066 1128.871151 116941.400388 68641.484420 426100.689660 369547.422856 567824.047746
187.010815 1168.397860 1173.895024 4668.107769 18779.496425 4355.205032 102263.873427 149422.819191 7640.613480 1108.533446 113426.274943 60726.261167 328765.828003 423099.551751 519912.495355
198.910676 1031.928191 1146.602024 4290.800659 19304.040803 4305.034596 100813.927500 146742.790382 7330.710393 1116.225884 115037.338303 63492.758235 276637.366926 487994.306790 448130.368108
140.898854 1048.304552 1079.734173 4031.265711 20516.934644 4605.916679 104054.093496 147305.144189 7073.519963 1064.556152 119479.577010 55156.117258 259176.191192 518814.074577 407681.821803
152.798715 1005.998954 955.551022 3940.755624 20513.253631 4522.018219 110084.507456 144298.714219 6743.496846 1031.321950 112422.689873 44966.631412 187779.383746 567574.058754 406253.910491
128.998993 862.705803 892.094796 3912.403066 19677.663640 4211.017729 102802.640819 132906.133940 6534.102868 941.249847 97874.143300 41617.347299 158505.571125 567748.361388 406018.817910
112.636684 835.411869 798.616270 3755.373518 17829.795026 3868.256682 91036.717156 117586.908369 5904.464280 871.431705 81531.516567 40233.518299 184759.292278 599714.051222 441287.438426
109.661719 757.624158 681.256369 3556.905616 15722.414983 3229.110623 73726.215392 97711.830450 4890.542222 754.573649 68077.633846 43391.248902 200376.213295 584468.459339 461761.004382
81.399549 548.825565 626.670368 3176.327057 12757.358870 2591.229365 56075.439485 76539.012975 3987.690013 634.054806 57935.238160 47395.297743 262549.033684 588167.679432 527599.549404
94.786893 618.425096 612.341543 2794.658015 10506.419313 2037.387100 42808.528774 63011.061245 3321.361959 541.350765 51891.387664 70086.842729 395500.894981 594243.539496 545963.593344
105.199271 436.920437 515.451392 2371.550620 8404.560790 1649.093221 34158.003922 53944.580806 2927.610239 489.908337 47799.716344 76028.484356 454233.940633 594089.258110 610074.444568
139.411371 426.002864 433.572391 2033.500897 7270.808732 1394.165571 30450.906187 48641.545077 2734.239453 455.525653 46746.295714 77391.416609 485024.582660 576133.731354 653180.010375
99.249341 475.131944 411.055666 1903.733423 6965.284638 1447.568276 31560.577972 49703.331986 2621.075664 470.874638 49953.815462 94761.256784 509474.751137 572867.912405 665785.074988
127.511510 487.414214 424.019841 1670.370066 7723.573352 1671.719104 38729.019895 62334.663659 2963.116175 501.429048 61723.599950 89108.686819 510544.762579 606957.032303 683694.711792
170.648506 726.236134 490.205367 2008.419789 10248.748391 2169.207461 52506.341819 79268.198586 3589.386251 611.575662 78839.537096 87654.041067 528333.363624 630961.331551 710163.927458
218.247950 955.505177 628.717343 2408.627041 13274.541221 2872.155700 69503.035208 107409.484219 4632.168261 751.989564 97234.873358 86597.594432 551633.021065 639099.380212 714449.239197
273.284807 1266.656021 722.878194 3142.522085 16721.810060 3607.988762 88942.140771 136115.089931 5729.392706 928.664397 114411.816103 82620.246989 552243.551686 628179.555728 723086.130384
298.572011 1369.008273 922.117096 3829.526360 20334.724492 4244.464686 99227.871917 154546.924163 6879.693972 1103.867738 123191.466994 81642.743619 525212.873788 556435.178256 753045.445302
323.859216 1396.302206 1053.123498 4554.697540 21812.651282 4627.418295 103710.038531 166901.011477 7516.433747 1197.851858 128325.388904 71098.013080 467051.465695 478961.190548 777005.954905
347.658937 1592.818529 1106.344848 4950.542860 22604.069114 4860.703796 107585.382925 167221.513821 7608.020852 1225.965743 131608.521224 72102.217849 460931.687657 422733.280675 781994.966584
337.246559 1610.559586 1136.367149 5150.101245 24908.383362 4813.203495 114693.331667 166226.580162 7508.240070 1238.180329 129516.286940 73859.866427 469454.695114 404669.403633 778809.383225
337.246559 1543.689448 1076.322548 5242.792298 26389.991165 4822.759768 120869.307343 164358.621711 7334.443068 1466.740235 129801.552559 78543.059534 475040.824165 330364.661792 768384.841743
372.946142 1575.077472 1188.906174 5428.174404 26586.925370 4865.060332 118952.429677 161407.247359 7525.446792 1503.084909 128784.219749 91748.642478 480663.132808 317515.731128 718103.429915
384.846003 1575.077472 1012.866322 5276.597270 24319.421254 4704.992750 111916.316587 151933.748604 7334.716191 1210.664612 120866.380351 76229.325310 461659.801952 332604.686185 669491.333190
264.359911 1338.984945 985.573322 5622.280374 22340.876672 4289.435385 103836.696128 141042.567698 7359.661386 1521.675963 115196.296555 72558.463484 402081.962821 370279.965008 579491.897641
256.922498 1344.443732 962.374272 5644.090034 21685.656327 4055.587750 99335.625395 136480.816533 7142.164772 1380.436589 112884.957653 60006.484338 332778.144789 421067.983887 560105.437646
206.348089 1268.020718 1003.313772 5604.832646 21884.431039 4119.811530 97709.871161 126110.697722 7010.428647 1363.807525 116718.858835 53750.230581 313271.013110 508630.325406 469329.723239
212.298019 1075.598485 879.130621 5455.436479 22659.284312 4135.410741 99656.995418 119576.775687 7053.490974 1393.022039 117445.770624 46827.602793 274725.275473 552978.568586 397613.863699
157.261163 1044.210462 917.340821 5761.862195 23229.841354 4250.086023 99515.214525 113591.443556 6621.502093 1308.165959 110522.064724 41259.780745 251361.399255 578743.559984 406151.353325
126.024028 900.917310 855.931571 5731.328672 21792.405709 4214.671598 93949.841893 105637.873098 6419.664507 1124.014028 98940.452436 40097.689446 208659.530952 605184.562949 417749.779908
157.261163 879.082163 811.580445 5320.216589 20069.691543 3930.372460 83030.822761 98993.839829 5838.459656 932.396964 84332.618731 48838.334192 200840.216566 576912.204605 421255.657186
127.511510 775.365215 768.593970 4745.532061 16057.387182 3454.947852 68983.171936 84406.067462 5072.259779 761.021898 72146.105853 51717.441506 231108.063485 586536.536538 481865.364540
96.274375 694.848110 719.466569 3885.140992 12516.252507 2803.434850 54788.068982 68428.140753 4302.327225 634.329964 61037.931384 50477.567872 312319.489833 586220.907444 548606.412624
120.074097 653.907210 619.847118 3218.855893 10335.252200 2165.975192 42988.117905 57525.162215 3618.519326 547.715270 52263.435896 59228.660991 417093.780156 599458.485874 604258.664349
121.561580 506.519968 520.227667 2735.771934 8984.320365 1661.179096 34307.346462 49612.883471 3207.378802 488.436844 49403.046601 69031.557024 462708.105639 594467.306391 654055.690793
72.474654 456.026191 482.017467 2210.159139 7653.634102 1390.652235 30728.796736 45186.805078 2887.825384 463.361651 48074.671158 81058.795643 480113.203005 557717.715882 723352.779016
105.199271 481.955428 449.265867 2026.957999 6435.218741 1419.602123 31560.577972 43434.856678 2842.851199 503.319258 53267.020965 84249.032296 500955.361640 536144.231747 728639.995379
154.286197 562.472532 357.834316 2338.836131 7088.598580 1660.195362 38122.197675 46818.810883 3004.084562 612.783960 66112.566162 73748.417112 519622.222288 563111.675776 735019.051109
163.211093 913.199580 417.196591 3123.983874 9238.310274 2146.441045 50831.436876 59471.771549 3616.334345 789.267380 81396.616862 77528.406392 548157.971225 575612.001172 786846.709441
194.448228 992.351988 509.992792 4061.799234 11404.586528 2837.725008 69474.679029 75964.861535 4578.089990 1005.038458 103637.024345 82677.132577 531739.672239 627085.453383 766797.572373
259.897463 1098.798329 673.750794 4976.714452 12324.839822 3639.046651 87656.660679 93924.790474 5716.555945 1230.152918 120188.444889 83908.879698 498194.858747 583419.110372 753996.860243
230.147811 1176.586040 770.640945 5511.051110 21691.177847 4137.940343 99528.447409 108003.298379 6793.478278 1361.283257 130152.119946 81811.078522 482279.456094 540352.227097 755211.768210
285.184668 1323.973282 885.953871 5800.029099 25018.813757 4293.510855 104604.203359 120835.189802 7487.664835 1423.385035 132412.764054 75617.515005 493224.687255 480635.909100 790030.714998
267.334876 1392.208116 851.155296 6361.627832 26793.062108 4520.472351 110139.329401 126547.210118 7906.725914 1442.406770 135856.573094 79171.122864 485806.966344 409832.530309 801761.676995
311.959355 1418.137353 962.374272 6708.401419 28495.530702 4711.176221 110507.959721 127097.766293 8173.111470 1452.767036 132899.090381 79232.652173 473192.951488 371991.192895 776843.441242
246.510120 1232.538604 1051.076523 7151.137508 30764.875324 4816.857364 111674.343863 124563.241616 8344.450369 1461.440468 134361.506295 76726.203507 472207.057598 324077.989759 763335.873567
258.409981 1235.267997 1159.566199 7036.636795 29899.837228 4986.621753 108842.506838 127085.968661 8220.634799 1460.064682 134388.142543 76967.677024 485802.443895 312473.909663 758152.792173
258.409981 1173.856647 1020.371897 6597.172155 24985.684639 4802.101353 103339.517798 126977.823698 8260.328614 1385.532978 126045.841652 76209.589493 460919.929290 306823.206700 630205.627369
234.610259 1074.233789 1075.640223 6012.673280 22224.924757 4436.433357 95448.938529 125782.330289 8295.197264 1306.479125 115311.433883 63726.105239 429691.514195 382953.415317 548551.189534
184.035850 879.082163 1158.201549 6128.264475 21816.332295 4259.923364 88964.825714 128428.932473 8235.019255 1273.986652 111273.035059 61927.824098 381084.231939 424753.071334 442993.042988
148.336267 798.565058 1089.286723 5774.947991 22009.585487 4268.776970 87272.907064 125569.972907 8364.206235 1308.309519 110753.198614 50419.521354 362656.156601 486674.082108 391089.650133
143.873819 767.177035 1074.275573 5726.966740 21829.215841 4120.373664 86872.139741 125206.212577 8566.407986 1386.059366 109413.653132 40365.864361 288932.096880 492610.971153 361277.070853
204.860606 733.059618 1085.875098 5551.398981 21370.929701 4122.622198 84957.152487 121875.347718 9015.057344 1374.454911 107620.432207 30681.383226 226308.840566 515177.273670 357195.295643
149.823750 670.283570 1020.371897 5425.993438 21961.732315 4177.992372 79208.409900 118253.474595 7602.922564 1191.977851 95777.612846 25890.223595 230364.572863 546423.376279 400955.649511
191.473263 582.942982 1038.794673 4892.747263 19072.136972 3858.981476 75068.407840 108567.618458 6358.485049 1022.325507 84611.010480 21984.853834 250661.324144 540760.896110 427065.126194
173.623471 649.813120 876.401321 4180.661879 16697.883474 3113.030006 63888.511866 94485.178010 5316.522406 856.968008 71530.894457 25638.301705 261898.705513 561057.731222 485497.466022
127.511510 477.861338 726.289819 3125.074357 13508.285558 2506.347170 52466.643169 79236.738233 4358.044232 674.682361 59527.398377 37173.305847 310272.629398 563910.170275 561975.133674
66.524723 481.955428 613.706193 2893.891966 10151.201542 1917.933681 42528.747813 63815.266515 3563.894810 586.464578 52117.366151 47015.673513 376146.622080 578723.538735 609744.683834
106.686754 428.732257 526.368592 2386.817382 8292.289888 1491.836308 34806.415203 52279.148376 3069.633981 528.789242 46794.412807 58677.219066 367932.045648 583738.272628 649819.290933
81.399549 303.180162 498.393267 2054.220074 7333.385956 1360.578080 27607.726690 47554.196631 2836.660420 511.191146 45972.126068 66768.903735 433009.182809 578532.748014 683391.773701
106.686754 245.862901 459.500742 2045.496210 6939.517546 1349.054339 27985.809070 45102.255380 3162.768781 564.798942 52547.842281 69819.828744 498686.901203 573636.963892 687939.000665
90.324445 288.168498 544.791368 2165.449337 8562.844356 1572.643033 30413.097949 46063.762414 3869.427936 662.096912 63008.154470 76215.394145 523051.143148 609988.484872 728313.390250
207.835572 341.391669 679.891719 3059.645378 11827.903043 2122.409828 37057.895776 56323.769991 5015.723404 855.616149 81807.330615 78950.546094 504487.394338 634808.944428 748266.281362
230.147811 483.320124 907.788271 4170.847532 16445.734072 2877.074370 49506.258134 70184.021697 6344.919961 1090.815717 100739.687997 84206.077873 510151.309513 639418.542468 791845.187936
231.635293 531.084508 1102.933223 5273.325821 20535.339710 3604.194359 62504.730356 94675.906399 7648.351953 1286.404615 118953.725929 84319.849049 524994.891744 623818.456714 794405.961483
243.535154 724.871437 1195.729424 6198.055386 23570.335073 4229.287075 72777.228618 110620.406483 8660.908398 1416.171131 128626.979965 83424.771734 536335.384951 576197.328261 773277.607467
375.921107 868.164589 1361.534401 6328.913343 24902.861842 4407.202403 80042.081548 125743.004848 9312.032629 1492.006842 133607.958259 76194.497399 544110.379336 511256.642123 780464.498106
353.608868 836.776566 1450.918977 6895.964491 25502.866990 4590.036401 83182.055713 135625.488190 9472.173502 1501.374149 132754.739104 72616.510002 501789.301243 447103.851000 777485.606882
375.921107 820.400205 1478.894302 6747.658806 22512.043785 4726.213299 83371.096903 139693.705069 9668.548637 1499.723206 132175.615527 71851.456889 503477.079223 401946.513835 750143.866403
292.622081 793.106272 1594.889553 6814.178268 12542.019599 4832.878176 80943.808024 140560.831045 9638.778276 1525.145336 131341.299515 77312.473344 477832.984201 352795.526452 724578.731602
311.959355 889.999736 1513.692877 6881.788212 26115.755684 4865.481932 83838.028642 141075.994323 9498.120147 1515.203788 131177.185861 85154.557984 482252.321400 320681.443834 654620.544108
320.884250 834.047172 1322.641876 6645.153406 24516.355459 4552.092374 82709.452738 140515.606788 8604.736188 1426.986005 123401.120039 80046.464362 465218.064855 332362.075762 559097.221813
228.660328 870.893983 1113.850423 5639.728102 22311.428567 4297.726858 82255.753882 136410.030739 8642.791267 1316.348894 112858.321406 81593.984543 404197.564481 352709.552855 496163.411295
230.147811 723.506741 1163.660149 5699.704665 22951.924859 4221.557736 82556.329374 137955.520574 8449.056317 1298.619201 112652.105296 68934.038873 370078.399961 398660.673637 422872.904805
163.211093 677.107054 1049.029548 5608.104095 21840.258880 4172.792635 83333.288665 142147.612592 8390.972248 1327.570521 106535.219927 60686.789534 383821.218097 471000.977683 390987.092967
182.548367 793.106272 1067.452323 5930.887057 22637.198233 4247.978022 82193.370290 148158.506260 8227.735986 1292.721267 105695.748512 52202.710400 315953.729879 495253.775957 416075.731397
198.910676 843.600049 1167.754099 5853.462765 21895.474078 4153.820621 81042.109443 153890.189297 8019.889703 1223.202208 102327.552046 49293.418896 238429.908477 545114.928802 412218.004150
173.623471 696.212807 1100.886248 5752.047848 18836.552129 3964.943685 78299.121777 132274.960610 7474.190788 1107.325147 93191.319131 44444.212746 263472.517778 566768.497931 437921.985576
142.386336 715.318561 1077.004873 5584.113470 17686.235512 3601.805291 74718.681639 113076.280278 6565.147801 948.320190 80982.466174 51939.179206 262043.423882 564943.031155 457478.848247
100.736823 592.495859 918.705471 25.921737 14719.338892 3080.566783 65746.786764 94668.041311 5634.072926 791.576307 67638.565378 53915.082694 260482.274474 574808.795790 521578.654853
118.586615 473.767248 804.074870 890.674737 11919.928372 2472.478613 55827.795526 77439.565576 4422.045956 669.035658 56673.882952 60732.065818 278643.525319 590625.582117 569311.915555
99.249341 391.885446 681.256369 1687.817793 9683.712868 2083.622600 45823.735754 62818.366584 3668.773881 555.790535 49655.661336 82954.594935 356549.945910 597504.647563 679494.601390
82.887032 439.649830 516.133717 2661.619092 6100.246542 1647.547353 36855.621702 51716.794569 3215.572480 504.874494 45714.355930 88048.757393 396938.129285 593831.337320 694461.636429
85.861997 424.638167 482.699792 2353.012409 4959.132458 1415.667186 32329.975615 45027.537042 2997.347538 470.264507 44309.508679 83850.833180 491914.986014 595649.737774 703759.626886
68.012206 327.744702 517.498367 2120.739535 4738.271667 1438.995736 29411.179642 47780.317917 3234.053774 516.957483 48259.406423 80726.769558 519801.311269 595071.477008 730015.839207
81.399549 305.909555 584.366218 2496.956162 6530.925083 1615.786797 30931.070809 56514.498380 3966.204370 652.191253 61199.467337 85896.392489 539692.851116 609218.255664 754839.406807
133.461441 434.191044 787.016745 3409.690414 8128.484802 2094.584208 37568.306989 71322.493217 5183.966914 857.099605 81412.942304 83528.094537 545117.980982 647841.599490 762707.908150
130.486476 488.778911 905.058971 4719.360469 13132.822214 2813.272191 46564.777219 95145.845420 6687.142553 1088.997287 100639.157644 88251.920207 546237.739364 669216.048860 773970.262789
137.923889 570.660712 1137.049474 5503.417730 16202.787202 3578.476741 59139.797175 116578.210805 7867.214181 1271.905028 117440.615221 86509.363724 527380.031367 623993.937068 764484.513827
146.848784 753.530068 1284.431675 6092.278537 19723.676305 4200.337188 73684.626330 136301.885776 8810.397490 1416.530032 125617.083990 84982.740289 531289.236315 571564.175811 741383.906617
158.748645 989.622594 1510.281252 6644.062923 21185.038535 4600.014275 83635.754569 149560.458235 9346.992319 1487.365060 127809.848628 75334.247995 529171.825675 510835.018183 757013.618728
184.035850 838.141262 1376.545551 6689.863209 25164.213778 4625.591360 90849.566378 153310.139041 9493.203940 1494.172209 129253.361399 75965.794116 546897.112433 434908.555213 755587.285218
179.573402 846.329442 1391.556701 7377.957967 26539.072199 4700.917281 92490.443907 156644.936444 9673.829007 1506.446612 127864.839591 76772.640722 570898.653966 383780.175109 749574.279681
187.010815 809.482632 1402.473901 7780.346185 27409.631815 4636.131368 90324.031870 162329.428952 9888.230232 1505.058862 125141.068469 71900.215965 552135.012909 340995.944753 756361.986273
184.035850 819.035509 1462.518502 7790.160532 27705.953376 4725.510632 94414.883220 166564.778955 9984.733544 1512.021535 120828.574065 81753.032004 570014.967424 325420.591130 710159.194050
134.948923 741.247798 1291.254925 7953.732979 25891.213880 4144.826481 93660.608872 158096.045220 9501.761781 1375.699100 111332.322191 75854.344801 533731.358795 337122.422026 614416.557200
152.798715 671.648267 1433.860852 6585.176843 23502.236329 3752.176066 94520.746287 153003.400601 8951.237701 1263.028218 105370.098905 71541.488481 471348.696770 364730.546007 505368.311402
157.261163 682.565840 1371.086951 6287.474990 22580.142529 3463.379858 95806.226378 151933.748604 8664.641073 1220.438673 97958.348211 66983.675854 404150.531011 429346.181287 433179.111095
200.398159 713.953864 1105.662523 5530.679804 21389.334766 3309.355214 99122.008850 158685.926836 8560.581370 1219.792652 93454.244671 54973.851190 363218.749261 502755.855547 381444.543114
198.910676 731.694921 1146.602024 5117.386756 20296.073853 3174.021517 101683.516974 154299.173884 8445.232601 1210.102334 92210.074140 50828.168844 363707.173757 551634.789495 371018.423829
178.085919 783.553395 1089.969048 5725.876257 21288.106904 3179.502321 99002.912901 151984.871677 8142.703823 1167.464935 87076.152230 46717.314408 311953.171461 585457.744559 380624.085785
231.635293 718.047954 1077.004873 5733.509638 20189.324471 3136.499090 95267.458987 138175.743044 7707.710594 1055.535782 81253.124819 38878.712559 236834.388457 603138.862439 420646.625399
108.174236 713.953864 1056.535123 5174.091871 18584.402727 3045.855025 84686.823585 118648.695278 6811.595409 912.047297 72645.320686 41505.897983 232614.039015 604893.665985 473996.863197
140.898854 626.613276 863.437146 4469.639867 15692.966877 2729.654797 71601.392416 95312.978544 5578.538001 764.551087 62352.559087 39718.065216 255623.355228 626615.542903 524216.740726
99.249341 544.731475 767.911645 4011.637017 13397.855162 2324.918507 57413.851110 75190.150346 4404.019866 643.673344 54205.304267 44292.130868 319146.578900 633096.538819 563985.254129
81.399549 391.885446 623.258743 2844.820232 10589.242109 1886.735258 44241.460994 60171.764400 3609.597322 557.740562 46596.789035 48272.961102 455084.161052 675719.421466 602183.853989
75.449619 420.544077 512.722092 2371.550620 8577.568409 1577.280636 35781.867744 51628.312326 3222.036381 508.846328 42692.430682 77141.816579 521625.667211 624886.649208 643280.877144
99.249341 419.179380 495.663967 2230.878316 7200.869481 1272.463617 31486.851908 39510.177659 3091.756910 500.376273 39868.988440 79843.301547 568378.745362 592241.414644 677023.762589
76.937101 361.862119 495.663967 2025.867516 6792.277019 1158.631535 32800.688178 47168.807308 3340.935744 548.002391 40542.627733 81025.128662 583131.878612 588749.473359 689158.642041
85.861997 462.849674 529.097892 2469.694088 7729.094872 1253.772670 38441.677286 57301.007201 4107.772908 652.789421 46312.382649 77534.211044 579605.272853 599334.825221 711211.588354
99.249341 666.189480 673.750794 3192.684302 11295.996639 1455.859749 48120.586212 76513.451438 5263.536625 846.930753 57137.869200 76741.295602 568174.330665 627735.555099 716208.489046
154.286197 877.717466 1006.725397 4551.426091 16149.412511 1824.760014 62480.155001 100816.574023 6883.881852 1076.232387 71911.535027 78779.889329 578766.810801 653224.959900 718631.993771
194.448228 1087.880756 1147.284349 5545.946566 19565.392738 2390.828687 77677.176262 125255.369379 8242.211483 1273.448301 84894.557631 72883.523987 572966.317666 620858.845095 730593.314942
181.060885 1328.067372 1316.500950 6435.780675 22208.360198 2838.708742 90660.525188 145165.840195 9335.976375 1411.672910 96415.164320 75379.524280 565814.516758 548063.940936 702642.542677
218.247950 1374.467059 1493.223127 7278.724016 23077.079307 3120.197211 98725.022351 152273.913669 9727.543114 1445.672766 102003.620906 76658.869546 562178.467731 479314.506698 706296.733395
221.222915 1330.796765 1399.744601 8119.486391 24735.375743 3402.809948 101577.653908 162376.619481 9941.216012 1462.768401 104759.183678 79369.641957 534485.703295 409555.765991 715769.859936
167.673541 1358.090699 1409.297151 7263.457254 25591.211306 3568.358333 110426.672010 169209.414868 10011.772679 1448.543971 103715.214621 71099.174011 496407.586888 390944.248916 689194.931499
237.585224 1475.454614 1522.563103 7757.446043 25543.358135 3457.055853 109621.356541 166568.711500 10069.492584 1461.883113 103045.012262 77347.301255 506006.032725 338579.262286 677039.540614
250.972567 1427.690230 1646.746254 4477.273248 25767.899939 3448.342781 114680.098784 165217.882599 10016.962008 1438.530643 102265.687213 83767.246193 480692.980972 305491.204814 630382.341255
197.423193 1198.421187 1484.352902 4152.309321 23551.930007 3323.689624 110606.261140 160697.423147 9375.852272 1364.477473 102318.959708 73114.549130 457531.710471 315087.271455 587343.043156
182.548367 1023.740011 1284.431675 5987.592171 21181.357522 3297.690939 107246.999195 148736.590244 8829.607112 1266.844529 101264.679845 70835.642817 398661.182369 331454.053255 511221.958881
219.735433 982.799111 1186.176874 6112.997714 19493.612981 3217.165281 100921.680979 147855.700364 8646.159779 1202.960211 102359.343696 64501.606725 338369.700779 410977.274635 423735.962802
178.085919 873.623376 1079.734173 5747.685916 17780.101348 3177.956453 101562.530613 148984.340523 8403.626928 1162.272839 104187.793206 59179.901916 286323.548275 494202.071550 452582.926918
155.773680 805.388542 1066.769998 5425.993438 17347.582300 3237.964229 105783.820384 151050.892452 8379.956304 1185.122848 107460.614722 51224.046099 265754.545562 534384.717319 401922.842477
161.723611 771.271125 1114.532748 5290.773549 16489.906230 3253.001307 106411.437135 147529.299203 8341.901225 1178.399442 98340.707249 51254.230289 241823.554235 571518.244711 400580.132503
161.723611 784.918092 958.280322 5072.676954 15282.533908 3318.911488 102878.257295 138329.112264 7503.870108 1037.662529 90794.056850 46312.149709 226193.970361 586498.849482 482340.283109
148.336267 854.517622 976.020772 4940.728514 14500.318608 3087.171854 90866.580085 118320.327845 6495.410502 917.179576 81529.798100 36040.237808 234718.786797 596133.780900 543497.487950
124.536545 776.729911 807.486495 4261.357619 13973.933724 2866.112762 76062.764499 96813.244121 5291.850333 769.551770 71640.876383 38863.620464 315648.012324 620396.000938 581112.300865
157.261163 664.824783 746.759570 3526.372092 9021.130497 2443.528725 57856.207495 76509.518894 4315.619191 650.600127 61322.337769 52364.079721 342710.347365 653912.748672 647103.892735
100.736823 522.896328 565.943443 2896.072932 8069.588591 2067.039655 45400.283488 62025.958946 3543.046453 565.624413 53358.958981 62220.378551 421399.151640 615131.590299 692442.049158
102.224306 591.131162 453.359817 2472.965537 6626.631426 396.378187 37016.306714 51685.334216 3109.418837 521.443742 48433.830883 61565.613823 462439.472166 609809.471356 729269.538598
94.786893 365.956209 442.442617 2092.386978 5054.838800 1317.996450 32917.893716 46510.106170 2992.249250 501.321378 45330.278425 69687.482682 492863.795822 581685.505795 723994.944656
94.786893 472.402551 458.818417 2034.591380 4585.509620 1261.080409 34503.949299 48352.503085 3243.977228 555.300038 46406.039133 75994.817375 513042.963428 592260.258172 774262.156261
109.661719 479.226034 476.558867 2431.527184 4946.248911 1245.762264 41044.774472 58569.252676 3986.324400 669.849166 51704.933931 81339.740792 515955.420608 597212.572878 777550.296786
200.398159 670.283570 736.524695 3246.117967 6063.436410 1454.032814 55882.617472 77294.061444 5053.869525 852.565493 59275.642876 79345.262419 546652.900185 628570.558935 785335.174594
228.660328 928.211243 933.716622 4363.863019 8040.140485 1829.678684 71773.419899 102086.785769 6525.089822 1085.372390 73218.429626 77964.916211 561122.928126 637979.368016 777755.411119
222.710398 1083.786665 1167.754099 5542.675117 10173.287621 2402.774029 87015.811046 123930.102014 7732.564749 1286.273018 89246.576790 76921.239809 575692.449945 610818.777825 794584.253172
249.485085 1212.068154 1229.163350 6374.713628 12788.647482 2929.352808 102880.147707 144328.208300 8627.223280 1433.781191 102191.793107 79196.663332 557694.007266 542386.150402 727316.219035
267.334876 1289.855865 1527.339378 6874.154832 14980.690828 3436.256905 109398.287936 154723.888648 8992.934415 1462.134343 106775.805389 82283.577182 514546.225488 475837.875780 749380.209966
250.972567 1243.456178 1445.460377 7117.332535 16517.513829 3576.087672 111668.672628 163194.588655 9250.033803 1469.695184 108345.625528 81373.407773 485733.702669 421979.539555 720440.155499
288.159633 1382.655239 1334.241401 6511.024000 16655.551823 3320.597889 111749.960339 169978.227241 9284.538289 1452.132978 109896.542523 76752.904906 478276.184206 379043.383254 723991.789051
298.572011 1318.514495 1444.095727 6856.707104 17001.567061 2107.653817 115046.838692 174237.172509 9122.849722 1438.937397 109429.119340 78991.178657 498932.922430 341342.194581 729790.213441
323.859216 1176.586040 1467.977102 6906.869321 16338.984690 1798.901862 116317.195489 171118.665032 8413.095177 1401.731361 112677.882309 76267.636012 505026.470264 321161.953798 685726.921483
285.184668 1285.761775 1313.771650 5711.699978 16729.172086 3884.980161 113139.413086 162333.361496 9118.934965 1281.750870 111871.921012 79318.561021 472859.194749 328885.444843 593920.902008
237.585224 1111.080599 1283.067025 3904.769685 16097.878327 4008.930650 99639.981711 150608.481239 8454.973973 1191.260049 112443.311484 72066.229008 411214.596407 353692.949473 508830.010208
181.060885 974.610931 1244.856825 4122.866281 15078.237677 4087.348306 91600.059902 148451.480796 8418.284506 1115.244889 108162.608730 59605.963361 335105.397064 417521.867459 453169.869469
203.373124 955.505177 1085.875098 4334.419978 15026.703493 4062.895489 92526.361733 146929.586227 8481.557904 1050.499209 111941.518949 51496.864736 302989.677468 504623.720262 448665.243174
166.186058 940.493514 1090.651373 4157.761736 14815.045235 4003.309313 103781.874183 148551.760671 8504.227078 989.749290 114687.630150 50274.405058 271410.320329 569874.146892 428030.741357
172.135989 1037.386978 1055.852798 4063.980200 14191.113502 4190.499847 109328.342696 145946.450200 7960.895226 949.971133 117344.381036 46360.908785 250956.187821 604993.772228 423586.071560
181.060885 903.646703 915.976171 3913.493549 14104.609692 3854.343872 101080.475578 142649.011966 7289.742006 895.956584 102213.273951 47325.641921 260347.505493 637724.980388 447806.918584
173.623471 816.306115 901.647346 3848.064571 13493.561505 3647.478657 91080.196630 132390.970662 6585.449913 820.276397 87057.249087 49077.485848 237239.599890 627203.225433 484434.027100
169.161024 804.023845 862.072496 3347.532884 13103.374108 3122.305213 73754.571570 103286.211722 5521.819545 695.666087 70745.554771 59290.190301 229106.427541 605423.640210 520022.941534
103.711788 638.895546 714.007969 2920.063557 11080.657368 2618.773918 57729.549897 82115.360520 4291.493363 597.518719 61101.514685 62589.554408 307308.616299 610152.188021 594119.705130
91.811928 503.790575 671.021494 2478.417952 9484.938157 2043.992171 45957.954999 65866.088267 3589.113128 511.370596 53008.391594 61428.624040 425392.474140 624245.969255 657807.705269
109.661719 495.602394 494.981642 2092.386978 7510.074588 1604.544122 37815.950947 54194.297356 3303.973155 483.962549 46862.292276 73401.298932 503884.099637 622276.820578 692549.339732
102.224306 432.826347 446.536567 1632.203162 5976.932601 1372.663955 33190.113029 46653.644030 3041.502355 442.114732 44994.318012 80120.763905 512774.329955 622427.568802 672628.004670
84.374514 506.519968 477.241192 1562.412251 5117.416024 1399.084241 34280.880695 50216.528992 3183.344015 446.254053 49275.020766 79867.681085 538721.429063 589009.749590 681989.107230
121.561580 439.649830 545.473693 1538.421626 4962.813471 1644.174551 40787.678454 61308.269647 4006.444430 509.492350 61204.622740 85510.963607 513775.600172 603310.809632 699411.203044
170.648506 804.023845 761.770720 1817.585268 5719.261678 2061.839917 53600.890309 80522.680156 5239.137675 633.707869 75715.363026 90598.160482 516791.169190 631872.887219 684291.121158
210.810537 1197.056490 988.984947 2450.065394 7793.512603 2715.039320 71002.131844 107645.436865 6908.553925 781.359602 93741.228758 88522.416983 547411.767134 648148.984541 679579.802728
185.523332 1433.149017 1197.094074 2890.620517 10049.973679 3406.042217 86821.098620 132412.599654 8122.037548 951.239249 111100.329067 88638.510020 554969.683965 617166.691325 684603.526064
218.247950 1768.864401 1132.273199 3394.423652 12915.642436 3994.596240 99471.735052 154631.473861 8985.013860 1073.145841 121275.375637 86965.609359 542638.774419 553114.006444 666367.284131
267.334876 1740.205771 1371.769276 4374.767848 14592.343938 4528.904357 104292.285396 160862.590000 9275.980448 1111.308945 127541.767685 80933.415163 508567.547860 489638.404609 673846.068243
242.047672 1595.547922 1436.590152 4603.769274 16246.959360 4820.792300 110489.055602 163778.571455 9557.751910 1139.016076 128959.503442 85293.869628 473495.955574 422216.261375 717379.218542
262.872428 1501.383851 1381.321826 4804.418141 17945.746941 4938.278251 115674.455443 164160.028234 9661.447450 1122.662169 127588.166310 83417.806152 486507.041455 364454.959410 691567.946542
268.822359 1637.853519 1457.742227 4435.834895 19208.334460 5054.780468 117640.483818 168452.400127 9452.872839 1094.249200 129326.396272 87025.977738 505002.049039 327549.909795 665616.250115
282.209702 1596.912619 1459.789202 4504.535323 19368.458533 5103.826637 121330.567846 177231.804847 9395.881261 825.600090 126840.632910 85863.886439 499620.334684 314960.077641 667321.854677
289.647115 1494.560368 1349.934876 4440.196827 19618.767429 4843.839783 112980.618486 163310.598707 8544.467138 1051.755361 122215.377406 86843.711670 479232.229933 322927.356829 601584.289018
212.298019 1311.691012 1250.997750 4424.930065 19237.782565 4722.137829 108048.533840 151477.573487 7995.672834 1097.120405 118691.659623 80033.694128 431739.279120 353677.639107 573456.802867
252.460050 1266.656021 1121.355998 4276.624381 18472.131825 4625.731893 102301.681665 147226.493307 7534.550878 1096.749541 113545.708440 82219.726012 360182.376977 431935.988669 521545.521000
250.972567 1360.820092 998.537497 4276.624381 18775.815412 4372.069044 100150.392924 143873.999455 7305.127911 1069.772175 114523.516496 62631.347902 315259.986197 496871.963925 458763.179527
120.074097 1300.773438 1001.949122 4187.204776 15829.164365 4573.593989 102146.667890 142302.948084 7178.125911 1048.896120 116559.900584 50937.296298 272542.741568 580004.898640 433216.978356
111.149202 1379.925846 869.578071 4307.157904 12930.366489 4472.690983 103587.161757 142649.011966 6892.712815 986.686671 113806.056279 35339.035865 250521.128224 590141.538991 411809.353288
134.948923 1293.949955 853.202271 4241.728925 22182.593106 4293.089254 96267.486882 138773.489748 6491.495745 931.033142 106884.068847 34089.874788 239149.882364 591292.171921 432055.715676
124.536545 984.163808 794.522320 4198.109606 20553.744776 3889.336697 85450.549993 116812.197180 5750.058981 860.580942 88648.550070 44994.493741 244468.282432 569849.414761 409773.987992
96.274375 941.858210 683.985669 3807.716700 17717.524124 3292.210135 69985.090242 97324.474855 4928.961465 731.639897 72384.972847 51470.163337 290441.690369 572724.230504 448012.032916
78.424584 808.117935 649.187094 3400.966550 14822.407261 2225.420835 56067.877838 76542.945519 4011.633759 630.429910 61432.319695 48130.166667 316690.889073 588387.913165 491672.985223
87.349480 597.954646 467.688642 2898.253898 11984.346103 1962.482779 43904.967676 61772.309852 3402.024161 551.328204 53138.135896 54891.425134 411449.763757 597065.357816 549346.402022
73.962136 542.002082 449.265867 2284.311982 9107.634306 1485.231236 36912.334059 51716.794569 3019.379426 504.766824 47351.196304 62514.093934 462338.169308 628701.285910 626470.968721
79.912067 435.555740 420.608216 1998.605442 7878.175906 1377.161025 32730.742938 48039.865828 2810.349612 483.818989 45708.341293 69969.588762 512322.989541 576978.156953 646270.812986
93.299410 443.743920 384.444991 1820.856717 7907.624011 1431.125864 34405.647881 51712.862025 2848.040528 483.220821 51115.499549 76748.261184 516105.565916 573741.781017 693096.837218
99.249341 561.107835 434.937041 1735.799044 8741.373495 1770.514108 40441.733076 61445.908691 3041.229233 501.046221 64051.264294 82043.264596 513293.507104 607194.931844 710290.151662
128.998993 726.236134 469.735617 1986.610129 11608.882759 2400.947094 52897.657082 81057.506155 3710.561635 599.588379 82339.196332 84929.337492 528365.925257 638988.674485 656367.171537
131.973958 999.175471 680.574044 2537.304032 15805.237779 3259.044245 69096.596650 107578.583615 4754.800300 748.292887 102089.544285 91036.992162 558470.059521 641698.609358 672773.162505
172.135989 1197.056490 979.432397 2906.977762 19703.430732 4088.613107 87705.811389 129307.856081 6038.203303 893.360535 117222.369838 87209.404736 518088.207574 610453.684470 671323.161957
249.485085 1231.173907 901.647346 3629.967975 22631.676713 4551.670774 98564.337340 145795.047252 7132.787563 1044.601275 126454.836937 83796.269452 496290.003213 544553.156123 668918.590863
258.409981 1442.701894 974.656122 4207.923953 23772.790798 4819.949100 102373.517318 149627.311485 7603.468809 1141.935135 133111.321127 72632.763027 500873.957557 453630.778015 727000.658524
317.909285 1460.442950 1053.805823 4766.251237 25276.484680 4923.803308 106422.779606 153555.923048 7904.176770 1177.191143 132976.421422 67697.648030 483658.803051 402934.621335 734706.646203
286.672150 1560.065808 1096.109973 4825.137318 25375.872036 5072.206614 107352.862261 156654.767805 7968.360576 1199.478874 131495.961598 69404.215672 499019.753452 349338.916782 739653.057214
242.047672 1729.288197 994.443547 5084.672266 23656.838883 5193.346435 112103.467365 158794.071799 7690.230749 1186.582377 135197.540775 73510.426386 477683.743382 306168.394102 699935.033492
277.747255 1717.005927 978.067747 4904.742575 25532.315095 5173.531220 112526.919630 157236.784333 7583.530861 1224.805298 136027.560619 82840.823759 471238.349014 294215.708739 669210.484336
198.910676 1390.843419 922.799421 4894.928228 23949.479430 4800.977086 105585.327135 146848.969073 7511.608581 1249.665150 125227.851082 81285.177065 408066.971877 264073.130239 639644.042254
221.222915 1242.091481 968.515197 4984.347833 24359.912399 4541.271299 104868.861025 138384.167881 7622.314267 1241.805226 115090.610799 72711.706293 346037.965367 277799.462677 536361.086993
191.473263 1112.445296 919.387796 5022.514737 24589.975723 4275.944175 102405.654320 128316.854966 7658.912693 1201.584425 113213.184962 59913.609909 324635.023052 390315.346168 505497.691211
173.623471 948.681694 913.929196 5106.481926 23399.167960 4132.459539 100373.461528 121828.157189 7505.144680 1207.506286 117814.381921 45170.955157 360550.504329 516770.729508 448379.660911
252.460050 911.834883 864.119471 5111.934341 23296.099591 4257.253229 99498.200818 117022.588290 7606.017953 1157.822471 118156.356970 50546.062764 261700.622245 532536.873853 348832.942101
230.147811 982.799111 880.495271 5500.146281 23362.357829 4102.806984 95263.678163 114525.422781 7408.368246 1105.147817 109189.393112 60950.320728 286032.302557 561363.938553 361909.769678
203.373124 910.470187 851.155296 5464.160342 22018.788019 3957.776480 89900.579604 107332.799609 7077.161598 1010.242518 96926.408427 65068.140745 285113.340912 582350.917878 374907.707127
131.973958 888.635040 718.101919 5054.138743 19530.423113 3662.515734 80943.808024 99050.861718 6574.525009 882.461919 82850.440439 52651.990453 279955.035540 566866.248733 364180.227555
88.836962 784.918092 675.797769 4406.391855 16545.121427 3192.571930 68140.048228 85969.253745 5493.050633 753.461057 68973.814691 44496.454613 254944.083383 578518.615368 377078.763443
137.923889 681.201144 735.160045 3515.467263 13640.802032 2705.483047 52884.424199 71412.941731 4394.278494 626.613599 57962.733641 50716.719528 390034.158585 602469.917194 447668.071959
128.998993 472.402551 584.366218 2836.096368 10854.275058 2123.955695 41768.802229 58520.095875 3793.226736 538.551340 49356.647976 57093.710043 455369.075341 614974.953473 520512.060326
96.274375 405.532413 489.523042 2434.798633 8277.565835 1697.717789 35001.127629 49302.212487 3355.866445 492.492422 45009.784220 64559.653244 499551.593459 593818.382395 579711.212196
111.149202 417.814683 406.279391 2124.010984 7508.234082 1451.643746 31810.112343 43692.438317 2995.526721 468.996391 43369.506910 76025.001565 533719.600428 561540.596628 638347.088554
111.149202 532.449205 393.997541 1903.733423 6963.444132 1492.960575 32889.537537 41562.965683 2907.763332 510.377638 49015.532160 79657.552688 543034.036465 574437.813833 673101.345437
131.973958 582.942982 419.925891 2093.477461 8535.236758 1721.046339 39473.842183 45410.960092 3087.569030 635.526299 60654.713113 87333.624286 517920.876960 600306.444634 689998.033000
192.960745 855.882319 483.382117 2758.672077 11989.867623 2243.690181 51636.752345 56941.179416 3821.085239 812.679666 78757.050652 83753.315029 452388.781425 600300.556032 723125.575448
271.797324 1068.775002 609.612243 3679.039709 15486.830140 3094.760660 68837.610219 71839.622767 4843.747220 1004.069427 99705.170511 84437.103016 475704.719683 605695.693646 749640.547388
291.134598 1334.890855 679.891719 4939.638031 19802.818088 3756.954202 86221.838048 92709.634345 5932.504865 1199.514764 117405.386635 83139.182864 493281.670113 582233.145828 775134.681074
289.647115 1516.395514 893.459446 5828.381657 22618.793167 4227.319607 100624.886310 112696.789771 7030.821800 1353.339589 126820.870533 83640.704783 519198.016568 557988.591597 794110.912405
306.009424 1764.770311 1053.123498 7058.446455 25166.054285 4500.797670 105728.998439 123361.849391 7734.112443 1404.100106 131630.002069 77361.232419 541889.856859 482239.964422 804170.981497
378.896072 1585.995045 983.526347 7145.685093 27232.943183 4749.541849 69136.295299 128063.205871 8080.431875 1439.858575 133048.597061 82850.111202 528397.582400 422708.548545 758302.683416
383.358520 1419.502050 1064.723023 7602.597460 27426.196374 4670.421526 111489.083497 129522.179735 8238.205685 1448.687531 132704.044310 78817.039101 520243.606785 378142.427071 750195.933887
337.246559 703.036291 1144.555049 7830.508402 27461.165999 4938.840385 113415.413223 126104.798906 8272.983294 1441.365958 135012.805510 78053.146919 510507.678497 332098.266369 756107.960062
341.709007 1381.290543 1128.861574 7651.669194 27847.672383 4833.721376 111865.275465 125489.355753 8352.461964 1419.066263 137871.476337 77714.155251 524204.367652 319834.662794 712683.678138
317.909285 1222.985727 1127.496924 6835.987927 25434.768246 4479.998722 102751.599697 126446.930243 7895.163725 1350.181263 129487.932225 80286.776948 507887.371525 325034.298805 624427.714412
311.959355 945.952300 976.703097 6160.978965 23826.165489 4344.524491 94654.965532 128883.141318 7837.899024 1277.790999 117070.285456 72602.578838 459788.412541 355753.960350 498015.751495
245.022637 1005.998954 889.365496 6284.203541 22997.937524 4157.333957 88390.140496 129144.655501 7838.536310 1249.784784 113185.689481 69117.465871 408126.668204 410797.083399 456915.572735
192.960745 903.646703 941.222197 5735.690604 21958.051302 3914.773249 83212.302304 125188.516129 8266.701474 1296.130823 110649.231326 57613.806848 376769.815557 487881.245622 452082.763508
181.060885 746.706584 849.108321 5866.548561 22708.977990 4123.184332 78217.834065 123794.429243 8230.012008 1386.490047 111658.831032 46535.048340 283854.291100 538153.422922 357963.685487
189.985780 713.953864 1081.098823 5891.629669 22986.894485 4482.809391 76873.751204 120705.415846 8047.748206 1459.394735 110196.415117 45166.311436 247773.288189 518557.331508 363530.172902
195.935711 656.636603 1122.720648 5642.999551 23097.324880 4110.957923 75639.312234 116586.075894 7386.518440 1265.217513 98773.761080 43428.398674 232836.543507 536121.855058 355873.097102
148.336267 596.589949 1081.098823 5198.082496 21069.086620 3829.328921 70788.515300 110333.330763 6616.039642 1021.823046 87247.139755 42709.782776 235681.163952 541723.093760 440867.742946
176.598437 582.942982 1007.407722 4307.157904 17781.941854 3236.418362 60075.551065 93952.318283 5501.517433 821.018125 72850.677562 39864.342442 297020.044739 552602.875747 456060.403750
137.923889 566.566622 776.781870 3249.389416 14454.305944 2594.742700 50767.162871 80027.179598 4435.337922 637.069572 62572.522937 48218.397375 361347.359849 568732.935727 567166.104080
128.998993 439.649830 619.164793 2368.279171 11135.872566 2027.128159 42971.104198 63227.351171 3631.356087 537.438748 54225.925878 55935.101535 359949.923097 584632.162488 585362.900949
114.124167 361.862119 545.473693 2436.979599 9181.254570 1646.282552 33957.620260 52943.748330 3045.508153 469.965423 47700.045224 60887.630488 417912.343432 599696.385415 665878.165339
106.686754 312.733039 495.663967 2078.210699 7397.803686 1461.481086 28564.275111 46757.856449 2880.997319 455.071046 46949.074890 56262.483899 491580.324785 603410.915875 686246.018524
73.962136 281.345015 494.981642 2048.767659 7464.061923 1446.725075 26280.657536 45334.275482 3028.301431 501.500828 52052.064383 68491.724403 475171.070697 573187.074661 726423.182789
85.861997 310.003645 602.788993 2386.817382 8505.788652 1739.877819 28477.316164 46122.750576 3513.822337 627.128024 64205.926377 76088.852735 443979.739685 578714.116971 724955.826412
176.598437 360.497423 731.748419 3211.222512 11601.520733 2316.908101 35159.922229 57649.037355 4583.370360 811.028723 83647.809398 72853.339798 453769.032872 622538.274529 756223.139648
242.047672 505.155271 1012.866322 4191.566708 14930.997150 3114.856941 44354.885708 73984.825577 6019.357845 1022.457104 104263.405780 77606.188727 496032.223618 620943.640971 755312.747574
358.071316 570.660712 1187.541524 5235.158917 19066.615453 3814.432377 60266.482667 95163.541868 7471.277481 1219.756762 119331.788798 81059.956574 505898.398438 592677.171230 781232.887950
384.846003 767.177035 1275.561450 5903.624982 22506.522265 4220.995603 74516.407566 114366.154745 8445.414683 1349.678802 130478.628787 83590.784777 499206.078352 560789.210948 781138.219797
329.809146 864.070499 1401.791576 6431.418743 24628.626361 4421.255746 82889.041869 130481.720497 8932.756406 1414.663749 133173.185960 77437.853823 497890.045682 495992.206711 784571.518157
381.871038 963.693357 1489.129177 6580.814911 26412.077244 4536.352629 84074.330130 138350.741256 9246.210087 1460.698740 131523.457079 78439.736731 503902.189433 437161.534531 772173.145678
435.420412 1128.821656 1474.118027 6722.577698 27277.115341 4544.925169 83896.631411 142175.140401 9137.325219 1474.695866 128431.933894 81539.420816 478047.348285 377094.255826 771944.364308
304.521942 855.882319 1440.684102 6926.498015 26840.915279 4636.693501 78862.464523 144263.321322 9346.172951 1512.200985 128783.360515 83021.928897 460182.770097 333849.536754 725941.953009
332.784111 928.211243 1566.914228 7000.650857 26482.016495 4605.073479 79701.807406 145393.927753 9216.530767 1542.922882 128919.978688 80513.158370 471909.480451 354540.908234 689824.474719
250.972567 944.587604 1417.485051 6627.705679 20573.990348 4341.573289 81684.849489 139377.135268 8373.492403 1368.210039 122051.263751 92154.968107 472293.888619 319083.277114 594763.448572
239.072707 748.071281 1259.867975 6165.340897 21334.119569 4104.352852 80783.123013 134502.746847 8475.185044 1262.669318 113108.358439 76483.569060 461760.200321 355487.795517 492733.268540
204.860606 861.341106 1252.362400 5869.820010 20783.808099 4019.330124 80769.890129 142226.263474 8356.285681 1248.217584 109632.757749 70240.085538 399407.386460 393980.412367 444779.115481
191.473263 911.834883 1179.353624 5127.201103 19583.797804 3802.768102 78817.094637 145264.153797 8750.128441 1248.181694 105561.708041 59892.713162 336901.713822 457351.197078 386261.574314
170.648506 943.222907 1096.109973 5006.157492 19806.499101 3853.781739 78575.121914 152140.207169 8622.033951 1258.637667 106089.277589 43248.454467 306405.935471 507197.039556 341339.957766
127.511510 862.705803 1101.568573 5173.001388 21429.825911 3728.004315 79055.286536 142373.733878 8541.917994 1155.274276 103067.352341 35445.841459 286646.451136 530111.947342 325016.012530
179.573402 895.458523 1092.698348 5255.878094 20833.501777 3730.252850 81679.178253 135310.884661 7747.677531 1057.067091 92998.850761 31070.294900 265968.005157 540307.473718 373372.505241
131.973958 940.493514 988.984947 4638.664729 19618.767429 3537.862578 77898.354454 117445.336781 6661.377990 911.425202 82081.426195 24765.282067 272026.277887 572925.620710 397646.997553
115.611649 851.788229 857.296221 4189.385742 17180.096200 2994.700855 69378.268023 97912.390199 5535.020470 768.953602 68851.803492 21926.807316 302149.406437 554714.528605 498334.467611
102.224306 641.624940 700.361469 3530.734024 14106.450199 2372.278274 55952.562712 76476.092269 4427.326326 641.639574 58304.708690 41750.854291 318523.385423 567490.440598 562063.490617
84.374514 537.907992 643.046169 2865.539408 11255.505494 1900.226468 44470.200834 60834.398082 3691.898259 547.523857 51717.822438 50406.751120 390172.545525 594565.057193 615696.155072
94.786893 517.437541 563.214143 2412.988973 8656.710192 1536.244873 36674.142160 49007.271679 3158.945065 485.386188 47222.311235 55630.937779 408306.661676 591460.585952 646027.831393
72.474654 356.403333 501.122567 1981.157714 6779.393473 1324.601521 31006.687285 44889.897998 2927.974403 473.781734 46512.584123 71589.086626 475492.164579 570156.799812 654221.360062
53.137380 416.449987 473.147242 2044.405727 7224.796067 1329.801258 28178.631083 48075.258725 3158.216738 532.390212 51258.991592 73797.176187 479744.171164 565769.790946 684253.253897
97.761858 356.403333 580.954593 2306.121641 8726.649443 1558.730223 29454.659116 58783.576330 3792.498409 661.247513 63009.872938 78681.210248 501553.229403 621347.599103 682740.141246
85.861997 434.191044 748.124220 3271.199076 11964.100531 2042.727370 34987.894746 73276.967638 5030.198901 860.509161 81923.327177 76358.188580 525574.669711 662998.862336 734744.513465
117.099132 565.201925 973.291472 4178.480913 16469.660657 2866.253296 47309.599507 95613.818168 6424.671754 1105.949362 101347.166289 79908.313648 534690.117991 668462.307740 724143.258096
140.898854 783.553395 1278.973075 5362.745426 20623.684026 3818.648380 62890.374383 118192.520161 7649.171321 1289.610794 116401.801566 75540.893601 556295.666023 612216.732059 734481.020438
148.336267 929.575940 1435.907827 6231.860358 23829.846502 4260.063897 78820.875461 134013.145106 8545.377547 1396.276071 126311.344894 67650.049885 565717.736348 549242.839158 743513.940066
195.935711 999.175471 1643.334629 6586.267326 24474.023808 4396.802929 93261.731962 142267.555187 8991.841924 1468.809895 128929.430260 66130.392033 555182.239070 477610.345133 736759.367328
178.085919 1070.139699 1660.392754 6694.225140 26310.849382 4559.119046 98146.556310 154788.775626 9266.876362 1501.505746 130271.553443 70595.330231 536070.369437 416639.754804 735178.409167
218.247950 1132.915746 1566.914228 7042.089210 26194.897467 4589.614801 97053.898232 159647.433870 9325.961881 1505.896297 130127.202166 71464.867077 513292.602615 366122.611639 702609.408823
195.935711 1083.786665 1621.500229 7320.162369 27061.776070 4625.029226 96203.212877 162528.022429 9502.854272 1567.124750 127092.388411 73414.069166 501310.826134 326033.005790 689177.575671
189.985780 1112.445296 1594.207228 7219.837935 26712.079818 4443.460029 92970.608529 165776.303862 9614.015162 1542.540055 121144.772100 72832.443051 489760.491292 327208.370850 635641.157172
194.448228 1273.479505 1494.587777 6598.262638 24439.054182 4074.700297 88588.633746 154004.233076 9019.973550 1416.841079 113291.375237 75184.487978 481560.386697 331793.236760 558380.899453
207.835572 980.069717 1330.829776 6480.490477 22939.041313 3808.670506 83280.357132 145144.211202 8391.154330 1302.471401 106189.807943 79758.553630 438261.555122 347328.547887 485719.936182
179.573402 954.140480 1221.657774 6104.273850 22467.871627 3615.296501 86978.002808 143177.939148 8331.977771 1254.462456 101009.487408 81088.979833 361431.477402 407905.779569 393017.724856
204.860606 958.234571 1104.980198 5282.049685 21337.800582 3354.185380 95647.431779 151121.678245 8308.580270 1242.750331 97906.794184 60696.076977 297881.119035 471290.696926 361868.746812
194.448228 835.411869 1061.993723 4776.065584 21098.534726 3304.436544 93197.457957 151117.745701 8462.894528 1253.373791 94440.645065 55879.376878 264233.193706 515474.059236 319064.541292
178.085919 1169.762557 1109.756473 4517.621118 21048.841048 3313.711750 89936.497430 148154.573716 8402.807560 1294.934487 90639.394767 47728.484759 258893.085882 556497.597443 327950.725283
142.386336 1145.198016 1054.488148 4557.968989 20658.653651 3278.578392 96579.404845 140741.728074 7527.631773 1075.215501 81263.435624 51145.102834 228881.209579 582842.027327 390122.457167
158.748645 924.117153 908.470596 4354.048672 18757.410346 3116.964942 90885.484204 120379.014685 6516.167818 917.801671 70933.726972 48586.412302 215800.477983 570289.882229 421806.310277
127.511510 761.718248 831.367870 3530.734024 15900.944122 2674.144091 70315.912325 96024.769028 5246.511985 769.575697 62718.592682 53078.051898 251810.026200 603207.170228 479602.795676
139.411371 599.319342 706.502394 2995.306883 12786.806975 2294.703818 55742.726991 73855.051622 4198.540645 265.786836 52262.576662 60881.825836 293736.746737 622322.751677 550383.018301
106.686754 496.967091 571.402043 2658.347643 10176.968634 1856.520570 42402.090216 58284.143228 3506.083864 528.549975 45642.180291 62898.361886 364146.755804 624202.393597 578652.506682
96.274375 417.814683 496.346292 2198.163827 8491.064599 1461.340553 33817.729780 49306.145031 3099.859547 497.241874 41037.546398 75773.079675 449437.431183 633518.162759 619516.015058
90.324445 391.885446 490.205367 1983.338680 7199.028975 1309.142843 28689.042296 44331.476735 2870.527620 485.039251 39734.088734 82342.784631 506824.596001 597384.520072 654546.387388
109.661719 405.532413 464.277017 1912.457287 7568.970799 1197.418763 30762.824150 47524.702550 3119.069168 536.326156 40664.638932 82399.670219 538243.858445 617077.184567 684046.561762
91.811928 458.755584 542.744393 2363.917239 8548.120304 1226.368650 36388.689963 58280.210684 3781.664547 665.614138 47586.626363 71488.085684 558375.992581 614062.220084 713384.222473
60.574793 704.400987 749.488870 3049.831032 12229.133479 1462.183753 46392.749736 77545.744267 4837.465401 881.361290 62290.694253 72907.903525 582652.499014 647226.829389 717229.327300
114.124167 855.882319 1030.606773 4261.357619 17084.389858 1949.132103 62313.798754 101575.555035 6667.204605 1128.368690 76957.815090 77601.545005 592097.181584 658483.481936 724288.415931
142.386336 1064.680912 1244.856825 5367.107358 21356.205648 2437.204721 76779.230609 120359.351965 8106.651642 1325.680311 89403.816574 74930.244227 594509.455901 630472.577543 723248.644048
203.373124 1158.844983 1392.921351 6381.256526 23401.008467 2936.379479 88558.387156 137420.694575 8808.394591 1426.471580 101962.377684 70603.456743 557495.923998 542887.859335 733569.050561
203.373124 1304.867528 1500.728702 6698.587072 24926.788428 3267.054650 95539.678301 147399.525248 9248.304027 1466.823978 104949.074347 75596.618259 515482.372439 465727.145280 713985.365246
222.710398 1460.442950 1571.008178 7206.752140 26176.492401 3441.878243 103553.134343 163251.610545 9181.115872 1478.069532 107010.376215 76705.306761 482067.805479 403058.281988 714433.461172
221.222915 1396.302206 1522.563103 7218.747452 25977.717690 3555.850858 109749.904550 162626.336032 9209.793743 1466.524894 104601.084661 82235.979037 466456.311402 372081.877374 721718.175569
295.597046 1464.537040 1646.063929 6922.136083 26209.621520 3447.499580 112939.029424 162628.302304 9865.378976 1465.424266 101133.217074 87050.357276 462593.235434 334883.575354 674593.946654
231.635293 1555.971718 1753.188955 6784.735228 25559.922694 3557.115659 112203.659195 161751.344968 9911.081488 1439.403968 101018.079746 78963.316328 475785.219276 332258.436358 640128.427639
233.122776 1371.737666 1703.379229 6285.294024 23962.362976 3479.400670 104609.874595 153154.803549 9264.964504 1344.462779 101648.757350 83951.834122 460195.432954 330456.523991 538885.571081
172.135989 1111.080599 1358.805101 5376.921704 21243.934746 3457.899054 100248.694342 147029.866102 8658.177172 1268.399765 97455.696443 80758.114678 395083.020690 363859.032837 457224.822036
169.161024 1203.879974 1212.787549 5099.939028 19964.782668 3377.935530 97912.145235 147177.336506 8638.239224 1203.486598 98591.603516 72932.283063 332851.408464 429482.796866 402711.743755
195.935711 1112.445296 1233.257300 5039.962464 18164.767225 3321.160022 99653.214594 146528.466728 8691.862291 1195.279737 100984.569628 62980.787943 334171.963582 559046.184607 348485.825539
166.186058 1124.727566 1190.953149 5087.943715 17233.470891 3257.076776 103042.723130 148840.802663 8450.330889 1309.661378 96663.482886 54497.869739 286631.074809 596476.497565 360171.031262
198.910676 1057.857428 1271.467500 5060.681641 17380.711418 3294.458670 104698.723954 143722.596507 8269.432700 1287.385610 93155.231312 46358.586924 277351.009384 621838.708552 373629.687058
195.935711 1015.551831 1156.154574 4937.457065 16070.270728 3370.768325 98770.392237 135183.076978 7411.281554 1106.774833 86565.767357 37432.193320 280503.156364 631838.733324 380543.617855
160.236128 884.540950 1017.642597 4446.739725 16031.620089 3296.285605 88719.072167 118204.317794 6326.347625 922.132405 81205.866960 37985.957106 294887.257773 629460.915633 433341.624758
143.873819 965.058054 867.531096 3915.674515 14439.581891 3111.062538 71457.721112 99353.667615 5162.208148 759.024017 69749.702806 48427.364841 257009.033613 619949.644868 502422.554031
140.898854 638.895546 797.251620 2981.130604 12941.409529 2582.656825 57525.385412 79002.751858 4339.016692 633.636089 55012.124798 59354.041471 292877.481420 592129.531197 572770.458756
148.336267 578.848892 574.131343 2478.417952 10259.791430 2113.837288 44689.488614 63502.629259 3586.290862 549.437993 47858.144242 66479.832074 361663.026792 606955.854582 589542.499917
130.486476 368.685603 516.816042 2140.368229 8371.431671 1724.138075 36963.375181 51549.661444 3133.180501 496.368549 43454.571056 57031.019803 435233.323246 583333.136776 627310.359681
90.324445 344.121063 416.514266 1841.575893 6968.965651 1082.321880 33345.126805 48417.390063 2944.725921 479.895008 41527.309659 62746.280008 477870.972772 577601.171098 643575.926222
133.461441 408.261807 460.183067 1679.093930 5818.649034 1209.504638 34430.223235 50033.665691 3207.105680 527.174189 41023.798657 68676.312331 507030.819677 562662.964265 666383.062157
137.923889 465.579067 535.238817 2183.987548 6041.350331 1254.475337 41836.857058 59707.724195 3983.866297 649.296121 45974.703769 76575.282559 500068.961629 593462.710804 681840.793790
192.960745 656.636603 735.842370 2812.105743 7245.041640 1475.956030 52810.698135 79706.677254 5179.141748 841.774547 57501.325094 72753.499786 517158.392052 638668.334509 693417.131137
276.259772 887.270343 974.656122 4075.975513 10018.685067 1849.072298 69625.911981 104939.846519 6666.203155 1077.141602 71360.766166 71722.593618 548270.127961 642955.237132 741186.681297
319.396768 1262.561931 1242.809850 5131.563034 13029.753845 2260.835260 84805.919535 130568.236468 7924.752004 1250.586329 85615.454783 73509.265456 562258.967324 634440.317911 717204.082459
292.622081 1373.102363 1457.742227 5832.743589 16123.645419 2908.694393 97044.446173 151127.577062 8771.796166 1367.480275 97709.170411 77234.691009 568924.152716 566101.908128 694453.747416
369.971177 1482.278097 1478.894302 5953.787199 18063.539362 3523.949768 101123.955052 163212.285104 9121.302027 1416.075425 104806.441537 78061.273431 517179.195317 492501.443146 736836.679653
371.458659 1798.887728 1495.270102 6348.542037 18796.060984 3858.138275 104148.614091 162187.857364 9365.018409 1424.940271 107227.762364 84503.276047 485502.153279 433382.229444 633842.462259
297.084529 1543.689448 1539.621228 6433.599709 19721.835798 4128.805670 102509.626974 165540.351215 9401.161631 1412.725685 106653.794191 82348.589283 496793.804036 381756.851288 733196.689158
306.009424 1871.216652 1579.878403 6235.131807 19749.443397 4071.046428 106443.574137 169838.621925 9406.715123 1390.031200 107475.221696 83708.038744 500607.133064 336195.555992 707391.728368
319.396768 1673.335633 1534.162628 6403.066186 19830.425687 3999.936510 113390.837868 165457.767789 7231.202733 1375.794807 107369.535940 80795.264449 505079.835162 328209.433276 663265.324308
328.321663 1422.231443 1401.109251 5836.015038 19068.455959 3736.576854 104628.778714 158377.222124 8833.794991 1284.299064 102567.278274 77341.496603 469826.440424 343577.508091 577235.639987
197.423193 1192.962400 1308.995375 5169.729939 19022.443295 3434.429971 103916.093428 151408.753965 8424.566326 1207.960893 103758.176310 83688.302928 427309.088042 376862.244887 526147.971053
262.872428 869.529286 1237.351250 4485.997112 18665.385017 3360.649918 100547.379423 146259.087457 7972.002211 1133.154032 118528.405202 66190.760412 348410.442132 423774.385598 445358.169018
245.022637 667.554177 1153.425274 4268.991000 18503.420437 3624.993308 103256.339675 141785.818534 7784.002835 1074.928381 117020.449896 56714.085813 303206.755022 530141.390354 433748.697817
182.548367 722.142044 1140.461099 4229.733613 18058.017843 3696.384292 104534.258119 145897.293399 7849.825376 1041.323316 116763.538993 52043.662940 283518.725382 571672.526097 385520.007114
103.711788 836.776566 1168.436424 4194.838157 17699.119058 4058.820019 102554.996860 142717.831488 7500.592637 1015.051787 122945.726129 49739.216158 263674.219005 616634.361658 383053.901720
169.161024 1056.492732 1164.342474 4011.637017 17732.248177 3588.314081 98248.638553 135161.447985 7060.592161 956.778283 98808.989666 50072.403174 226869.624247 614944.332740 418915.775996
169.161024 1031.928191 986.255647 4006.184602 17885.010223 3662.796801 86656.632785 118033.252125 6034.561669 836.247477 83042.049575 41748.532430 209625.526067 601339.305513 434311.973330
173.623471 902.282006 793.157670 3748.830620 16767.822725 3162.919375 68121.144109 95509.605750 4999.518131 699.901115 67722.770289 46149.619458 242550.764040 594627.476379 500748.505520
120.074097 757.624158 666.245219 3048.740549 14146.941344 2641.680867 53916.589096 75724.976345 4012.908332 586.715809 56955.711636 50225.645982 289489.262601 622023.610670 529784.805943
72.474654 664.824783 536.603467 2455.517809 11967.781544 2039.354568 40995.623763 60443.109943 3408.488062 515.964525 48401.179999 55526.454045 366740.832572 641635.012451 604629.447950
96.274375 587.037072 475.194217 2262.502322 9891.690113 1600.749719 33165.537675 50953.881012 3000.078764 454.915522 43360.914572 61891.835257 446018.459711 623183.665364 630443.875555
97.761858 578.848892 438.348666 1936.447912 8584.930435 1412.856518 29031.206850 46718.531008 2798.605341 438.178788 42127.054846 66375.348340 507233.425394 593899.645110 671600.855207
100.736823 486.049518 449.948192 1685.636827 7274.489745 1372.242355 30560.550077 48916.823164 3032.762433 441.337114 46256.532453 64431.950903 516417.614900 581056.603048 714207.835407
103.711788 621.154489 525.686267 1529.697762 7072.034020 1604.544122 38224.279918 58663.633735 3838.200921 498.545879 57744.488258 75401.581957 527505.755450 617935.742812 701225.675983
118.586615 891.364433 747.441895 1831.761546 8270.203809 1996.210804 52538.478821 77419.902855 5011.535525 627.259620 73581.885520 69046.649119 530201.135076 654851.391911 732743.859825
282.209702 986.893201 909.835246 2361.736273 9652.424256 2618.071251 69752.569579 102358.131313 6602.292472 795.679738 89826.559600 77355.427767 534835.740850 639608.155469 705193.849409
311.959355 1106.986509 1141.143424 2900.434864 12265.943611 3309.214681 81492.027475 124341.052874 7912.643570 942.194952 106353.921597 81371.085912 544081.435662 608982.711564 689816.585706
291.134598 1329.432069 1303.536775 3633.239424 15586.217495 3791.806494 84660.357819 152309.306566 8804.752957 1088.399119 117029.901468 85336.824052 507565.373153 546042.972557 699660.495848
380.383555 1577.806865 1391.556701 3945.117556 18481.334358 4152.836887 107163.821071 152598.348558 9168.279111 1141.444637 123092.655108 77387.933817 479233.134423 460201.280690 698734.325748
292.622081 1545.054145 1444.778052 4103.237587 20093.618129 4208.769194 111027.822994 156497.466040 9201.691107 1143.095580 124323.077898 76281.567176 463333.108096 417369.941514 684903.308549
356.583833 1388.114026 1458.424552 4466.368419 20780.127086 4317.261005 113627.139356 157458.973075 9182.299403 1148.060373 124229.421415 77596.901284 463373.810138 358710.038807 688844.659332
332.784111 1362.184789 1478.211977 4447.830208 21650.686702 4621.094290 120920.348464 164344.857807 9098.905976 1127.303951 124113.424853 76611.271401 450443.223849 316767.878610 661924.192136
368.483694 1349.902519 1426.355277 4477.273248 21385.653753 837.653171 122495.061577 163988.962565 9029.623881 1126.310993 121766.857366 75921.678762 451985.378971 316257.925633 633208.185632
329.809146 1468.631131 1272.832150 4457.644555 20872.152415 904.547086 113181.002147 158505.029807 8227.280782 1096.474384 115734.176909 71435.843817 432812.004031 328820.670216 590004.796066
213.785502 1222.985727 1077.004873 4557.968989 18131.638106 1336.125263 104390.586814 149155.406192 7854.832624 1061.409789 107635.039182 68900.371892 394897.600280 370705.122108 511032.622575
277.747255 1130.186353 1169.118749 4436.925378 17675.192472 1168.890476 100917.900155 143290.016655 7596.094500 1081.903017 106717.377491 60179.462963 330446.370065 418398.091511 454731.893999
256.922498 1093.339542 1002.631447 4335.510461 19629.810469 1349.616472 100432.064297 143280.185295 7016.346303 1138.513615 110318.426315 53336.939370 279267.623286 531872.639490 428742.330310
172.135989 1061.951519 1023.783522 4011.637017 19891.162404 1526.407533 101855.544457 145447.017098 7098.556200 1178.040541 113797.463941 46737.050224 224212.233193 566198.481209 381242.584386
249.485085 989.622594 879.130621 4042.170541 21081.970166 1461.059486 102768.613405 145867.799318 6814.781839 1115.639679 103759.894778 51467.841477 221872.318061 577933.288279 347223.583494
224.197880 926.846547 854.566921 4118.504349 22129.218415 1414.964519 96072.774456 131749.965972 6224.837066 1005.086312 90302.575121 43760.424759 217954.068214 585390.614491 358369.180744
170.648506 915.928973 801.345570 3612.520248 20239.018149 939.820978 83662.220336 112854.091536 5389.446135 917.562404 77460.466859 43361.064712 213414.433870 594514.415211 375766.031717
111.149202 756.259461 651.234069 3424.957176 16858.007547 1254.615871 67589.938366 91018.640379 4591.655079 760.232316 66979.533059 38113.659446 260380.067126 603056.422004 438616.218700
123.049062 566.566622 552.296943 2957.139978 14030.989429 936.588709 51916.533306 74564.875833 3858.138870 623.048519 56867.210556 45245.254701 307652.322426 627498.833279 480293.873195
128.998993 522.896328 521.592317 2379.184001 10924.214308 876.018799 40952.144289 60799.005185 3272.837181 522.807564 49621.291984 57995.752940 385621.152814 640258.257185 537774.798082
120.074097 446.473314 455.406792 2171.992235 8914.381115 765.981119 32961.373189 51282.248445 2894.107203 477.239143 44894.646892 65448.925906 457479.250062 626147.987864 598961.981172
100.736823 387.791356 408.326366 1744.522908 7316.821396 556.445769 29250.494631 47265.154639 2659.221784 445.105571 44782.087265 70913.425152 494568.759109 596878.100256 620579.453980
111.149202 439.649830 376.939416 1572.226598 7038.904902 682.082659 31464.166965 50527.199976 2671.421259 443.957089 49251.821453 67833.476884 530997.086107 602442.829623 631239.088043
114.124167 552.919655 380.351041 1559.140802 8145.049361 872.927063 37657.156348 62126.238821 3150.569306 496.583889 60488.880991 77600.384075 511536.083408 631172.143521 650324.187750
198.910676 711.224471 473.829567 1794.685125 10598.444642 1230.725187 51967.574428 79954.427532 3951.910955 606.012701 78197.689453 75187.970769 503303.417180 640087.487713 631999.588874
271.797324 1029.198798 528.415567 2293.035846 14969.647788 1825.181614 70342.378091 106534.493155 5141.997077 755.255560 98293.449390 81004.231916 517797.866346 623565.246806 631133.375272
256.922498 1154.750893 646.457794 3111.988561 19213.855980 2223.453367 89405.291687 129522.179735 5960.272327 915.169732 115386.187223 75900.782015 510190.202575 574159.871795 656037.410803
297.084529 1321.243889 744.712595 4239.547959 22847.015984 3161.935641 101061.571459 143498.441493 7096.644342 1066.757409 124556.789490 78911.074461 520769.115363 513062.087651 666624.465948
288.159633 1468.631131 1013.548647 4671.379218 25666.672076 3394.237408 107530.560980 150114.946954 7331.893924 1206.824375 131654.060615 79929.210394 503545.820449 460983.287102 675296.068791
346.171455 1760.676221 1064.040698 4943.999962 25990.601236 3665.466937 109366.150934 154405.352575 7506.601334 1205.604112 131153.127314 89808.727832 476880.556433 421071.517048 701285.632480
340.221524 1625.571249 1034.018398 5673.533074 24087.517424 4239.546016 112806.700591 157639.870104 7601.101747 1215.198723 129450.125938 86121.612981 482605.072425 369878.362317 683268.705102
399.720829 1603.736102 980.114722 5319.126107 25837.839189 4472.128850 110577.904962 159163.730945 7338.084702 1204.431704 130036.982618 89728.623636 495475.962386 362329.173906 677479.747527
408.645725 1469.995827 1048.347223 5003.976526 28497.371208 4768.654396 109963.521094 157209.256524 7152.816552 1212.578749 128578.003638 78834.453057 487539.064325 350210.429952 639774.999866
355.096351 1318.514495 899.600371 4767.341720 26215.143040 4487.165927 106653.409858 141701.268836 7149.448040 1161.136320 121322.633495 83718.487118 452070.401013 328818.314775 593270.847355
261.384946 1180.680130 945.316147 4357.320121 23340.271749 4185.581177 99513.324114 130540.708659 7049.394135 1180.780150 113202.874157 64236.914601 397080.134185 361259.803691 515679.251100
256.922498 1183.409523 973.291472 4051.984887 20205.889031 4302.504994 99021.817020 124179.818565 7040.836294 1364.166425 108282.042227 53450.710546 337912.028937 422483.603929 457333.690412
267.334876 1074.233789 855.249246 4434.744412 8119.282269 4349.864762 97715.542397 118900.378101 7092.365421 1281.882467 109309.685843 43915.989429 307774.428550 484073.675242 380029.254222
195.935711 935.034727 709.914019 4304.976938 13613.194433 4515.553681 99917.872260 117952.634971 6896.809654 1355.851893 116235.969444 43033.682348 221960.958062 529346.429016 358045.731220
216.760467 978.705021 785.652095 5292.954515 16716.288540 4440.649360 97723.104045 114466.434620 6665.019624 1345.336104 107710.651755 49812.354771 207970.309719 539069.689471 352862.649827
176.598437 813.576722 746.759570 5306.040311 13372.088070 4479.014988 91872.279215 109430.811890 6277.003479 1079.498383 90315.463628 38503.732050 206642.518682 562253.117531 354970.594040
189.985780 952.775784 698.314494 4975.623969 21133.504351 4074.981364 80614.876354 99518.834467 5866.500241 929.657356 78019.828058 35183.471196 203598.910479 572015.242762 361802.479104
143.873819 686.659930 647.140119 4300.615006 20200.367511 3566.671932 66419.773400 86240.599288 5128.249907 773.057033 65304.886397 30790.510681 248958.169836 574263.511199 416165.666143
109.661719 712.589167 580.272268 3566.719963 16771.503738 2889.862913 54392.972895 72099.170678 4240.874645 637.428473 55354.959081 38313.339470 306632.962413 588636.412191 528849.169028
81.399549 503.790575 498.393267 3057.464412 12860.427239 2276.575005 43859.597790 60504.064377 3617.699958 539.424665 49250.102986 49017.117468 387400.284265 611233.335441 588294.458096
87.349480 401.438323 396.044516 2759.762560 9041.376069 1772.341043 34882.031679 52377.461979 2978.411039 471.999194 44811.301214 56285.702507 461306.146438 600949.480028 650415.700298
108.174236 337.297579 363.975241 2356.283858 8060.386058 1501.814182 30656.961084 45778.652966 2824.187822 463.888039 44014.791488 63591.437316 505569.164148 573110.522828 668898.079430
82.887032 406.897110 339.411540 2234.149765 8030.937953 1445.600808 31140.906530 43601.989803 2738.973577 500.424126 48705.348761 64586.354642 510587.273600 562625.277209 696247.708921
134.948923 522.896328 374.892441 2463.151190 9243.831794 1703.760727 38880.252847 50145.743198 2961.386398 607.041550 61715.007613 76925.883531 463620.735855 555608.418465 696315.554431
181.060885 689.389324 469.053292 3200.317682 12387.417046 2256.338191 51211.409668 68345.557327 3564.623137 785.104132 79160.031300 73540.610576 486309.862677 584827.664091 704796.243165
250.972567 907.740793 534.556492 4183.933328 17426.724083 3054.005964 70641.063171 82168.449865 4570.624640 990.108191 98591.603516 77896.421319 502896.396767 599047.461419 720522.201232
258.409981 1097.433632 671.703819 5008.338458 22175.231079 3882.169492 88185.976011 100374.162811 5650.369240 1190.231201 116586.536831 77986.973888 498309.728953 592042.379880 734561.488368
313.446837 1172.491950 737.207020 5695.342734 25576.487254 4523.423553 102713.791459 115589.175962 6715.820424 1330.118716 126737.524855 77437.853823 502489.376354 538279.439015 737060.727616
279.234737 1285.761775 860.025521 6070.468878 26588.765877 4776.102668 106655.300270 125127.561695 7774.352503 1408.227463 129221.569749 82669.006064 500320.409795 456545.636255 747417.423588
297.084529 1364.914182 982.844022 6325.641894 26088.148085 4848.898987 109557.082536 130051.106918 8429.846695 1457.995022 132102.580655 84817.888177 477550.783381 406338.233583 736308.115797
358.071316 1345.808429 831.367870 6435.780675 27961.783791 4850.023255 106609.930384 133000.514998 7873.769123 1430.933912 130947.770438 86137.866006 470931.726969 361172.652374 754717.916011
361.046281 1606.465496 941.904522 6463.042749 24113.284516 4917.338770 106600.478325 131455.025164 8360.473560 1448.041510 129676.104425 82612.120476 459456.464781 317654.702147 748810.623244
419.058103 1375.831756 978.067747 6524.109796 16845.124001 4979.735614 104150.504503 127671.917733 8365.207685 1433.075353 127258.220533 77757.109675 477022.561333 318199.986739 728923.999839
401.208312 1263.926628 1021.736547 6187.150556 18144.521652 4721.294629 96554.829491 125159.022048 8312.950231 1170.563444 120921.371314 75571.077791 437830.113483 330774.508526 622442.838798
270.309841 982.799111 961.691947 6163.159931 24078.314891 4264.279900 93082.142831 124738.239828 8209.618855 1174.786509 111239.524941 65773.986410 396157.554582 341409.324649 517424.300726
252.460050 1026.469405 952.821722 5778.219440 23623.709764 4239.405482 93148.307248 124411.838667 7973.276783 1220.319040 105730.977098 56660.683016 330712.290069 390868.874804 444021.770254
228.660328 851.788229 1051.076523 5609.194578 23391.805934 4131.616338 91583.046195 121651.192704 8021.255316 1234.615249 106040.301263 46356.265064 277673.912246 444245.523344 376872.071309
201.885641 838.141262 1144.555049 5857.824697 7926.029077 4101.261116 88208.660954 117354.888267 8280.084481 1252.321015 105110.610299 38826.470692 259479.195278 471122.282894 333080.161390
194.448228 749.435978 1109.756473 5941.791886 22986.894485 1443.773873 82643.288322 114478.232252 7868.579794 1201.046074 100313.508036 33697.480324 206432.677046 494353.997494 336152.142965
185.523332 645.719030 1012.183997 5663.718727 23097.324880 3773.256081 76019.285026 112150.166140 7454.252840 1072.356260 90646.268638 32105.844788 194663.455671 484534.163958 370750.197395
182.548367 685.295234 817.039045 4943.999962 21069.086620 3759.905404 70153.336901 104190.696867 6194.247337 904.881247 79317.271084 32253.282945 204067.436200 533435.474595 394098.519606
146.848784 574.754802 778.828845 4380.220263 17781.941854 3248.504237 61189.003674 90340.276520 5168.763090 755.327340 66360.025494 31121.375836 203557.303948 534424.759816 461245.062946
96.274375 595.225252 658.739644 3499.110018 14454.305944 2646.037404 49833.299393 77805.292178 4301.234735 630.429910 56575.071066 38463.099487 220833.963761 560556.022289 549139.709887
115.611649 453.296797 527.050917 2977.859155 11135.872566 2096.692209 40795.240101 61827.365469 3553.243029 538.228329 50795.005344 49129.727714 284094.885389 571435.804276 589962.195397
123.049062 445.108617 446.536567 2331.202750 5689.813573 1728.213544 33159.866439 51681.401672 3124.622660 479.021683 46640.609958 56212.563893 333255.715407 563587.474858 635846.271504
136.436406 423.273470 439.713316 2014.962686 6823.565631 870.678528 28638.001175 46641.846398 3073.275615 466.316600 45406.750232 67396.967065 367755.670136 535944.019262 664068.425808
97.761858 251.321688 429.478441 2109.834705 6786.755499 1086.256816 27380.877262 42329.811784 3074.823310 514.528922 50672.134912 69959.140389 402931.278750 521015.234193 694512.126110
167.673541 307.274252 526.368592 2419.531871 7683.082207 1358.048478 29040.658910 44659.844168 3644.374930 635.622006 60152.061344 74225.559493 424771.994132 546550.570093 754886.740884
201.885641 378.238480 692.855894 3265.746661 11669.619477 2043.851638 35936.881519 53401.889719 4657.841784 819.415036 78389.298589 72866.110032 441472.493938 596568.359764 777392.516531
267.334876 491.508304 928.940346 4514.349670 16405.242927 2945.092552 48579.956304 68770.272091 5933.506314 1047.962978 102164.297625 77584.131050 434627.315075 594804.134454 791782.075834
236.097741 637.530850 1059.946748 6018.125695 19837.787713 3865.446014 62451.798823 90281.288359 7040.927335 1267.526440 113661.705002 79258.192641 430945.137069 572561.705075 769413.569009
261.384946 820.400205 1248.950775 6433.599709 21989.339914 4439.946693 74522.078801 111450.173289 8044.652817 1423.863569 122958.614636 81116.842162 436142.335503 530071.904845 742565.680731
343.196490 945.952300 1403.156226 6537.195592 14428.538852 4644.282307 81940.055095 129724.705757 8599.000613 1477.028721 127674.089689 73835.486889 440741.666174 471142.304143 761735.981776
316.421803 1086.516059 1409.979476 6756.382670 25436.608753 4782.567206 88550.825508 137076.596966 9034.175924 1502.271400 127983.413854 76715.755134 442124.631090 411647.397600 775260.905279
451.782721 1072.869092 1534.844953 6717.125283 25882.011347 4867.449400 83125.343356 138083.328257 9082.791743 1511.854048 126413.593715 74010.787375 448543.795253 355412.421405 776845.019044
364.021246 999.175471 1665.169029 6392.161356 26428.641804 4908.204096 87635.866149 138620.120528 9211.705601 1516.029259 124488.910020 76737.812811 456421.901477 337998.646079 740553.982473
362.533764 900.917310 1528.021703 6332.184792 26960.548208 4961.044668 86008.221503 135792.621315 9212.798092 1489.877364 123213.807072 77574.843607 449700.637717 315643.155531 646654.219007
289.647115 1037.386978 1506.869627 6446.685505 25040.899837 4644.001240 83212.302304 136935.025378 9051.928892 1423.085951 115130.135553 74349.779043 457091.223935 309566.117747 575858.218356
258.409981 1049.669248 1271.467500 5846.919867 22909.593208 4255.707361 82148.000404 135770.992322 8393.248270 1335.358665 110327.877887 61124.460283 446603.664616 351873.371299 452082.763508
221.222915 920.023063 1320.594900 5903.624982 22418.177949 4136.816075 81645.150839 129549.707544 8072.238197 1313.693029 108915.297532 53931.335719 380291.898868 377526.479249 427918.717376
181.060885 876.352769 1158.201549 5344.207215 20826.139751 3985.180500 79253.779786 131525.810958 8306.577371 1393.297196 106936.482108 50344.060880 335367.699108 433782.654414 380411.082440
139.411371 876.352769 1231.210325 5208.987326 21010.190409 4207.785460 80815.260015 134776.058663 8184.218455 1381.525254 105934.615506 47600.782419 281188.759638 477099.214436 348506.336972
121.561580 877.717466 1227.798700 5514.322559 21768.479124 4196.261718 81582.767246 138338.943624 8057.580619 1293.750115 99987.858429 38986.679083 244691.691414 499028.370162 371278.761251
206.348089 913.199580 1094.745323 5296.225964 21037.798008 3942.317802 81473.123356 131881.706200 7318.510917 1116.249811 90678.060288 38432.915297 231190.372058 491319.011764 412128.069404
176.598437 722.142044 942.586847 4999.614594 20353.129558 3665.888537 85732.221366 118080.442654 6342.461857 958.022472 77069.515483 35607.210780 219813.699259 504548.346150 430012.461367
121.561580 765.812338 807.486495 4262.448102 17023.653140 3101.787332 70366.953446 101852.799395 5065.158591 793.574188 65866.825298 29398.555169 226651.642203 530051.883596 530852.978273
93.299410 685.295234 676.480094 3357.347231 13933.442579 2591.369898 58500.837952 81541.209080 4169.407570 646.688110 55806.916056 40624.751833 253140.530706 564071.517984 612745.664294
105.199271 587.037072 537.285792 2857.906028 11043.847237 1992.697468 47033.599370 64153.465309 3699.818814 547.284589 48710.504164 52218.963425 294281.249601 556959.263879 641153.999300
70.987171 525.625722 474.511892 2402.084143 8792.907680 1615.646263 38464.362229 53922.951813 2970.035280 485.505822 45083.678326 65955.091547 391849.469628 575369.390749 639169.123685
66.524723 435.555740 424.019841 2175.263684 7712.530313 1364.934617 31957.564471 49447.716619 2777.574902 477.753568 43322.249052 65061.175163 436577.395100 545514.176052 663459.394022
94.786893 394.614840 439.030991 2089.115529 7795.353109 1392.760237 29309.097399 52674.369059 3037.132394 518.428976 47759.332356 66923.307474 501633.728996 549995.402558 680695.309135
91.811928 370.050300 561.849493 2514.403890 9041.376069 1683.804979 29683.398956 61461.638867 3794.592349 651.497379 59356.410852 72239.207633 500122.326527 587701.302113 703149.017297
99.249341 379.603176 788.381395 3331.175640 12238.336012 2257.181391 35528.552549 76487.889902 4667.765238 853.319185 79055.204778 74653.942799 453637.881849 601149.692513 706053.751801
93.299410 531.084508 945.998472 4514.349670 15783.151700 3175.567385 45880.448111 96298.080843 5868.958344 1083.829117 98995.443399 73856.383636 455282.244319 620683.364740 730263.554208
112.636684 653.907210 1247.586125 5813.114895 20977.061291 3895.660702 59222.975298 117510.223759 7545.202659 1278.042230 113695.215120 74912.830272 455166.469624 594508.526608 747499.469321
149.823750 887.270343 1291.937250 6476.128545 23275.854019 3992.769305 76696.052486 134740.665766 8618.938562 1389.983346 121740.221118 71734.202922 470746.306559 535496.485472 720018.882217
167.673541 928.211243 1481.623602 6604.805536 21468.476550 3927.280725 88390.140496 156823.867201 9181.024831 1443.686849 123740.517387 69852.334795 479826.479736 470720.680203 743236.246817
187.010815 1086.516059 1506.869627 6882.878695 27750.125534 4822.478701 93603.896515 160758.377581 9463.524620 1469.097016 123904.631041 74256.904613 485813.297772 426994.273447 725320.298803
187.010815 1052.398642 1579.878403 7038.817761 29193.082699 5013.744706 94169.129673 157600.544663 8187.860090 1451.080203 120350.840076 71721.432688 467908.017543 341183.202313 713914.364131
213.785502 970.516841 1610.583028 7121.694467 31116.412083 4960.201467 94849.677957 160241.248031 9820.859996 1474.564269 118301.567481 68143.445292 465267.811795 316051.824545 694665.172958
210.810537 1029.198798 1652.887179 7075.894182 32257.526167 4863.092864 95208.856218 163670.426492 9986.190197 1474.037882 115309.715416 71563.546158 498945.585288 324769.311693 623711.392052
187.010815 1000.540168 1416.802726 6846.892757 22885.666622 4386.543988 95034.938323 154647.204038 9315.492182 1371.799046 106461.325821 74624.919540 491707.857848 350783.979836 513445.082682
173.623471 1003.269561 1182.765249 6160.978965 24448.256715 3984.196766 92758.882396 144992.808254 8559.853044 1252.488502 100038.553223 65912.137123 444656.298061 361929.926656 432786.238259
163.211093 1096.068936 1145.919699 5937.429954 19725.516811 3695.541092 93632.252694 141998.175916 8483.469762 1205.939086 95018.909407 59175.258194 356889.129588 396996.554570 391267.941822
216.760467 1000.540168 1001.949122 5342.026249 18427.959667 3511.161226 98466.035921 145409.657929 8633.778222 1222.448517 91379.195063 47718.036386 328067.561872 444138.350778 337090.935485
201.885641 887.270343 1045.617923 5125.020137 18924.896445 3468.017461 102505.846151 146483.242471 8552.296652 1197.074240 88641.676200 37602.850084 269429.487650 498324.093303 306489.454928
203.373124 975.975627 1051.758848 5075.948403 19024.283801 3395.221142 105589.107959 147804.577291 8371.762627 1174.858289 85419.549478 33110.049557 241702.352601 543196.422106 296972.149915
146.848784 874.988073 992.396572 5296.225964 19031.645828 3324.392291 98787.405944 137145.416487 7352.560199 1048.333842 75857.995836 26586.781816 223715.668288 528439.584230 347237.783717
169.161024 758.988855 943.951497 4890.566297 17202.182279 3120.056678 88063.099238 118446.169256 6382.337754 916.557482 67299.168030 27333.260043 224518.855237 566313.897818 396241.175476
181.060885 693.483414 804.757195 4104.328070 15023.022479 2735.416668 72954.927337 95985.443587 5292.123455 739.152884 57635.365566 29468.210991 230587.077356 558454.968915 485975.540196
111.149202 608.872219 696.267519 3704.120818 12004.591675 2406.287365 58137.878868 77207.545473 4206.188077 618.263177 49671.127544 39907.296866 284565.220089 590060.276277 525461.626942
100.736823 506.519968 544.109043 3103.264697 9853.039474 1960.234244 45158.310765 62468.370159 3515.096909 548.672339 45112.892275 44569.593226 371652.212226 590394.748899 588688.908735
114.124167 511.978755 490.205367 2444.612979 7865.292360 1578.685970 35957.676050 51815.108171 3060.347813 496.619779 41126.906712 62006.767363 447926.028715 584093.944219 661381.428057
94.786893 456.026191 467.688642 2106.563256 6865.897282 1313.077779 31934.879528 46751.957633 2850.043427 482.335533 39337.122722 73736.807808 507475.828662 565209.195988 666706.511681
106.686754 395.979537 484.064442 1891.738110 6876.940322 1189.408357 35265.785295 51478.875650 3220.124523 518.680207 39967.800326 83209.999616 528431.953013 576368.097734 688893.571211
100.736823 458.755584 504.534192 2402.084143 7883.697425 1396.695173 39853.814975 63335.496134 3951.182628 644.869680 46284.027934 77115.115181 526357.957884 578520.970809 732616.057818
112.636684 559.743139 720.148894 3169.784159 10856.115565 1583.323574 49695.299324 80910.035751 5251.883395 847.696408 59693.230499 71355.739622 543330.709122 624241.258373 751484.998575
105.199271 821.764902 908.470596 4354.048672 14837.131314 2020.663621 65659.827816 108610.876444 6739.946252 1097.909987 72059.323240 72573.555579 558436.593398 629986.178977 726464.205655
163.211093 947.316997 1145.237374 5449.984064 20601.597947 2590.948298 84932.577132 129883.973793 8075.515668 1275.194951 87283.227574 74537.849762 556739.770519 598277.232211 725115.184470
