key,excel,dashboard,status
Trace | aligned_timestamps | SPIRIT | 0.6,,,MISSING_IN_JSON
Colposcopy | aligned_series | MeanImpute | 0.4,,1.16279349476968,EXTRA_IN_JSON
ArrowHead | mcar | SPIRIT | 0.2,,,MISSING_IN_JSON
Worms | aligned_series | SPIRIT | 0.2,,,MISSING_IN_JSON
CinCECGTorso | aligned_timestamps | SPIRIT | 0.6,,,MISSING_IN_JSON
SyntheticControl | aligned_series | SPIRIT | 0.2,,,MISSING_IN_JSON
PowerCons | aligned_timestamps | SPIRIT | 0.4,,,MISSING_IN_JSON
Ham | aligned_series | MeanImpute | 0.8,,0.533368652412194,EXTRA_IN_JSON
Yoga | aligned_timestamps | SPIRIT | 0.4,,,MISSING_IN_JSON
FaceFour | aligned_series | MeanImpute | 0.6,,1.05171925977538,EXTRA_IN_JSON
GunPointAgeSpan | aligned_series | SPIRIT | 0.8,,,MISSING_IN_JSON
EOGHorizontalSignal | aligned_timestamps | MeanImpute | 0.4,,1.31721780704096,EXTRA_IN_JSON
Herring | aligned_series | SPIRIT | 0.1,,,MISSING_IN_JSON
TwoLeadECG | mcar | MeanImpute | 0.8,,1.08496045073246,EXTRA_IN_JSON
SemgHandGenderCh2 | aligned_timestamps | SPIRIT | 0.4,,,MISSING_IN_JSON
Meat | aligned_series | MeanImpute | 0.6,,0.231967738261912,EXTRA_IN_JSON
Beef | aligned_series | MeanImpute | 0.4,,0.623575451923404,EXTRA_IN_JSON
WormsTwoClass | mcar | SPIRIT | 0.2,,,MISSING_IN_JSON
Lightning2 | aligned_timestamps | SPIRIT | 0.8,,,MISSING_IN_JSON
WormsTwoClass | aligned_series | SPIRIT | 0.6,,,MISSING_IN_JSON
EthanolLevel | aligned_series | MeanImpute | 0.1,,0.886886341280923,EXTRA_IN_JSON
Herring | mcar | MeanImpute | 0.6,,0.969157400254587,EXTRA_IN_JSON
InlineSkate | mcar | MeanImpute | 0.2,,1.03530479093177,EXTRA_IN_JSON
SonyAIBORobotSurface1 | mcar | SPIRIT | 0.1,,,MISSING_IN_JSON
PowerCons | mcar | MeanImpute | 0.6,,1.03665572717187,EXTRA_IN_JSON
Wafer | aligned_timestamps | SPIRIT | 0.2,,,MISSING_IN_JSON
InlineSkate | mcar | SPIRIT | 0.1,,,MISSING_IN_JSON
PowerCons | aligned_series | SPIRIT | 0.1,,,MISSING_IN_JSON
ProximalPhalanxOutlineCorrect | aligned_series | SPIRIT | 0.8,,,MISSING_IN_JSON
EOGVerticalSignal | mcar | SPIRIT | 0.2,,,MISSING_IN_JSON
SemgHandSubjectCh2 | mcar | MeanImpute | 0.4,,1.04494636679452,EXTRA_IN_JSON
Beef | aligned_timestamps | MeanImpute | 0.4,,0.375088749686028,EXTRA_IN_JSON
Wine | mcar | SPIRIT | 0.2,,,MISSING_IN_JSON
GunPointMaleVersusFemale | aligned_timestamps | MeanImpute | 0.2,,0.946629606788841,EXTRA_IN_JSON
FreezerRegularTrain | aligned_series | MeanImpute | 0.4,,1.41372044275107,EXTRA_IN_JSON
Wafer | mcar | SPIRIT | 0.1,,,MISSING_IN_JSON
Yoga | aligned_series | SPIRIT | 0.1,,,MISSING_IN_JSON
OSULeaf | aligned_timestamps | SPIRIT | 0.6,,,MISSING_IN_JSON
Computers | mcar | SPIRIT | 0.6,,,MISSING_IN_JSON
FreezerSmallTrain | mcar | MeanImpute | 0.2,,1.09743069442212,EXTRA_IN_JSON
EOGHorizontalSignal | aligned_series | MeanImpute | 0.1,,0.855655787093804,EXTRA_IN_JSON
SyntheticControl | mcar | MeanImpute | 0.1,,0.989147629466183,EXTRA_IN_JSON
ProximalPhalanxOutlineAgeGroup | aligned_series | SPIRIT | 0.1,,,MISSING_IN_JSON
ToeSegmentation1 | aligned_series | SPIRIT | 0.2,,,MISSING_IN_JSON
ScreenType | aligned_timestamps | SPIRIT | 0.4,,,MISSING_IN_JSON
MoteStrain | mcar | SPIRIT | 0.4,,,MISSING_IN_JSON
SonyAIBORobotSurface1 | mcar | MeanImpute | 0.6,,0.96338429947334,EXTRA_IN_JSON
InlineSkate | aligned_timestamps | SPIRIT | 0.2,,,MISSING_IN_JSON
LargeKitchenAppliances | aligned_series | SPIRIT | 0.4,,,MISSING_IN_JSON
MedicalImages | aligned_series | SPIRIT | 0.1,,,MISSING_IN_JSON
CBF | aligned_timestamps | MeanImpute | 0.6,,1.04125919851074,EXTRA_IN_JSON
Earthquakes | aligned_series | MeanImpute | 0.4,,1.01794495731174,EXTRA_IN_JSON
TwoPatterns | aligned_timestamps | SPIRIT | 0.4,,,MISSING_IN_JSON
CinCECGTorso | aligned_timestamps | MeanImpute | 0.8,,1.07663411980177,EXTRA_IN_JSON
DistalPhalanxOutlineAgeGroup | aligned_timestamps | SPIRIT | 0.4,,,MISSING_IN_JSON
Worms | mcar | MeanImpute | 0.4,,0.981911415130513,EXTRA_IN_JSON
CricketX | aligned_timestamps | MeanImpute | 0.2,,1.14509470664473,EXTRA_IN_JSON
ToeSegmentation2 | aligned_series | SPIRIT | 0.6,,,MISSING_IN_JSON
GunPoint | mcar | MeanImpute | 0.4,,1.01795821303467,EXTRA_IN_JSON
EOGHorizontalSignal | mcar | SPIRIT | 0.4,,,MISSING_IN_JSON
CricketX | aligned_timestamps | SPIRIT | 0.1,,,MISSING_IN_JSON
SharePriceIncrease | aligned_series | SPIRIT | 0.4,,,MISSING_IN_JSON
Lightning2 | aligned_timestamps | MeanImpute | 0.1,,0.772545553405227,EXTRA_IN_JSON
LargeKitchenAppliances | mcar | SPIRIT | 0.8,,,MISSING_IN_JSON
ScreenType | aligned_series | SPIRIT | 0.1,,,MISSING_IN_JSON
EOGVerticalSignal | aligned_timestamps | SPIRIT | 0.2,,,MISSING_IN_JSON
OSULeaf | mcar | MeanImpute | 0.2,,0.993341299205947,EXTRA_IN_JSON
BirdChicken | aligned_timestamps | MeanImpute | 0.6,,0.905122147347394,EXTRA_IN_JSON
MedicalImages | mcar | MeanImpute | 0.6,,0.872740051974243,EXTRA_IN_JSON
Wine | aligned_timestamps | SPIRIT | 0.2,,,MISSING_IN_JSON
Trace | aligned_timestamps | MeanImpute | 0.2,,1.36134650012725,EXTRA_IN_JSON
ArrowHead | mcar | MeanImpute | 0.8,,0.955622006280645,EXTRA_IN_JSON
SharePriceIncrease | mcar | SPIRIT | 0.8,,,MISSING_IN_JSON
TwoPatterns | aligned_series | SPIRIT | 0.1,,,MISSING_IN_JSON
Beef | mcar | SPIRIT | 0.4,,,MISSING_IN_JSON
Trace | aligned_series | SPIRIT | 0.4,,,MISSING_IN_JSON
Ham | mcar | SPIRIT | 0.8,,,MISSING_IN_JSON
UMD | aligned_timestamps | SPIRIT | 0.2,,,MISSING_IN_JSON
EthanolLevel | aligned_timestamps | SPIRIT | 0.4,,,MISSING_IN_JSON
GunPointOldVersusYoung | aligned_series | MeanImpute | 0.2,,0.815767607936785,EXTRA_IN_JSON
InsectEPGRegularTrain | aligned_timestamps | SPIRIT | 0.4,,,MISSING_IN_JSON
Car | aligned_series | MeanImpute | 0.8,,0.863716986335122,EXTRA_IN_JSON
Trace | mcar | SPIRIT | 0.8,,,MISSING_IN_JSON
CBF | mcar | SPIRIT | 0.6,,,MISSING_IN_JSON
GunPointMaleVersusFemale | aligned_series | SPIRIT | 0.6,,,MISSING_IN_JSON
CinCECGTorso | mcar | SPIRIT | 0.8,,,MISSING_IN_JSON
GunPointOldVersusYoung | aligned_timestamps | SPIRIT | 0.2,,,MISSING_IN_JSON
GunPoint | aligned_series | MeanImpute | 0.2,,0.902574585912882,EXTRA_IN_JSON
ToeSegmentation2 | mcar | MeanImpute | 0.4,,1.01149960417272,EXTRA_IN_JSON
Adiac | aligned_series | SPIRIT | 0.1,,,MISSING_IN_JSON
Lightning2 | mcar | MeanImpute | 0.2,,1.02532315237141,EXTRA_IN_JSON
Wafer | aligned_timestamps | MeanImpute | 0.8,,0.978685920668027,EXTRA_IN_JSON
ProximalPhalanxOutlineCorrect | mcar | SPIRIT | 0.4,,,MISSING_IN_JSON
EOGVerticalSignal | mcar | MeanImpute | 0.8,,1.00459420587537,EXTRA_IN_JSON
EthanolLevel | aligned_series | SPIRIT | 0.1,,,MISSING_IN_JSON
LargeKitchenAppliances | aligned_timestamps | MeanImpute | 0.2,,0.688161487833202,EXTRA_IN_JSON
FreezerRegularTrain | mcar | SPIRIT | 0.4,,,MISSING_IN_JSON
Computers | aligned_series | SPIRIT | 0.1,,,MISSING_IN_JSON
ShapeletSim | aligned_timestamps | SPIRIT | 0.1,,,MISSING_IN_JSON
InsectEPGRegularTrain | aligned_series | SPIRIT | 0.1,,,MISSING_IN_JSON
ECGFiveDays | aligned_timestamps | SPIRIT | 0.8,,,MISSING_IN_JSON
DistalPhalanxOutlineCorrect | aligned_series | MeanImpute | 0.6,,1.07521548685367,EXTRA_IN_JSON
CinCECGTorso | aligned_series | SPIRIT | 0.2,,,MISSING_IN_JSON
ToeSegmentation1 | aligned_series | MeanImpute | 0.8,,1.03069470218217,EXTRA_IN_JSON
LargeKitchenAppliances | mcar | MeanImpute | 0.1,,0.958207523506714,EXTRA_IN_JSON
FacesUCR | mcar | SPIRIT | 0.4,,,MISSING_IN_JSON
Ham | aligned_timestamps | MeanImpute | 0.4,,0.757181878855196,EXTRA_IN_JSON
Yoga | aligned_timestamps | MeanImpute | 0.8,,1.01670772108474,EXTRA_IN_JSON
Lightning2 | aligned_series | MeanImpute | 0.6,,0.673319526584576,EXTRA_IN_JSON
Beef | aligned_series | SPIRIT | 0.2,,,MISSING_IN_JSON
Haptics | aligned_timestamps | MeanImpute | 0.2,,1.13557821551393,EXTRA_IN_JSON
Meat | mcar | SPIRIT | 0.8,,,MISSING_IN_JSON
ProximalPhalanxOutlineAgeGroup | aligned_timestamps | MeanImpute | 0.8,,1.02634611381733,EXTRA_IN_JSON
Haptics | aligned_series | SPIRIT | 0.4,,,MISSING_IN_JSON
Rock | aligned_series | SPIRIT | 0.8,,,MISSING_IN_JSON
Adiac | mcar | MeanImpute | 0.6,,0.967859835912612,EXTRA_IN_JSON
Earthquakes | mcar | SPIRIT | 0.4,,,MISSING_IN_JSON
GunPointAgeSpan | aligned_timestamps | SPIRIT | 0.4,,,MISSING_IN_JSON
SemgHandMovementCh2 | aligned_series | MeanImpute | 0.2,,0.840471336941901,EXTRA_IN_JSON
SharePriceIncrease | mcar | MeanImpute | 0.1,,0.973225552533169,EXTRA_IN_JSON
ToeSegmentation2 | aligned_series | MeanImpute | 0.2,,0.850659799274648,EXTRA_IN_JSON
CBF | aligned_series | MeanImpute | 0.4,,1.11905139215383,EXTRA_IN_JSON
CricketX | aligned_series | SPIRIT | 0.6,,,MISSING_IN_JSON
Trace | mcar | MeanImpute | 0.1,,1.05758132394215,EXTRA_IN_JSON
OSULeaf | aligned_series | SPIRIT | 0.2,,,MISSING_IN_JSON
Beef | aligned_timestamps | SPIRIT | 0.2,,,MISSING_IN_JSON
ToeSegmentation2 | mcar | SPIRIT | 0.1,,,MISSING_IN_JSON
Worms | mcar | SPIRIT | 0.4,,,MISSING_IN_JSON
PhalangesOutlinesCorrect | mcar | SPIRIT | 0.2,,,MISSING_IN_JSON
ProximalPhalanxOutlineCorrect | aligned_timestamps | SPIRIT | 0.4,,,MISSING_IN_JSON
Lightning7 | aligned_series | MeanImpute | 0.8,,0.85629011398943,EXTRA_IN_JSON
FreezerSmallTrain | aligned_timestamps | SPIRIT | 0.1,,,MISSING_IN_JSON
CBF | mcar | MeanImpute | 0.8,,0.95962981083617,EXTRA_IN_JSON
GunPointAgeSpan | mcar | MeanImpute | 0.6,,0.996010525846459,EXTRA_IN_JSON
ScreenType | aligned_timestamps | MeanImpute | 0.8,,0.99053870294638,EXTRA_IN_JSON
Strawberry | mcar | SPIRIT | 0.6,,,MISSING_IN_JSON
CinCECGTorso | mcar | MeanImpute | 0.1,,1.01524103633456,EXTRA_IN_JSON
FreezerRegularTrain | aligned_series | SPIRIT | 0.2,,,MISSING_IN_JSON
Wine | mcar | MeanImpute | 0.6,,1.03514146475628,EXTRA_IN_JSON
SemgHandGenderCh2 | aligned_timestamps | MeanImpute | 0.6,,1.13259878498641,EXTRA_IN_JSON
DistalPhalanxTW | mcar | SPIRIT | 0.6,,,MISSING_IN_JSON
InlineSkate | aligned_series | SPIRIT | 0.8,,,MISSING_IN_JSON
GunPoint | mcar | SPIRIT | 0.2,,,MISSING_IN_JSON
TwoPatterns | aligned_timestamps | MeanImpute | 0.8,,1.03680752338779,EXTRA_IN_JSON
Car | mcar | SPIRIT | 0.8,,,MISSING_IN_JSON
Meat | aligned_timestamps | SPIRIT | 0.8,,,MISSING_IN_JSON
BirdChicken | aligned_timestamps | SPIRIT | 0.4,,,MISSING_IN_JSON
Yoga | mcar | SPIRIT | 0.8,,,MISSING_IN_JSON
SwedishLeaf | aligned_series | SPIRIT | 0.6,,,MISSING_IN_JSON
Rock | aligned_series | MeanImpute | 0.1,,1.17354904557191,EXTRA_IN_JSON
ECGFiveDays | aligned_timestamps | MeanImpute | 0.1,,0.222704978247993,EXTRA_IN_JSON
ProximalPhalanxOutlineAgeGroup | mcar | SPIRIT | 0.8,,,MISSING_IN_JSON
SharePriceIncrease | aligned_series | MeanImpute | 0.8,,0.992190119873122,EXTRA_IN_JSON
DistalPhalanxOutlineAgeGroup | mcar | MeanImpute | 0.6,,1.01342201402365,EXTRA_IN_JSON
Earthquakes | aligned_series | SPIRIT | 0.2,,,MISSING_IN_JSON
Wine | aligned_series | SPIRIT | 0.8,,,MISSING_IN_JSON
MoteStrain | aligned_timestamps | SPIRIT | 0.8,,,MISSING_IN_JSON
Strawberry | aligned_series | MeanImpute | 0.4,,1.89631701732793,EXTRA_IN_JSON
DistalPhalanxTW | aligned_series | MeanImpute | 0.4,,1.0598426979805,EXTRA_IN_JSON
SemgHandGenderCh2 | mcar | MeanImpute | 0.2,,1.1004542994366,EXTRA_IN_JSON
Herring | aligned_timestamps | SPIRIT | 0.8,,,MISSING_IN_JSON
CricketX | mcar | MeanImpute | 0.2,,0.973129502598823,EXTRA_IN_JSON
Adiac | aligned_timestamps | MeanImpute | 0.8,,0.987082052202452,EXTRA_IN_JSON
Beef | mcar | MeanImpute | 0.8,,0.968947554343968,EXTRA_IN_JSON
Earthquakes | aligned_timestamps | SPIRIT | 0.2,,,MISSING_IN_JSON
DistalPhalanxOutlineCorrect | mcar | SPIRIT | 0.6,,,MISSING_IN_JSON
OliveOil | aligned_timestamps | SPIRIT | 0.8,,,MISSING_IN_JSON
ToeSegmentation1 | mcar | MeanImpute | 0.4,,0.94998511494771,EXTRA_IN_JSON
Colposcopy | aligned_timestamps | SPIRIT | 0.8,,,MISSING_IN_JSON
EthanolLevel | aligned_timestamps | MeanImpute | 0.8,,0.835228284854549,EXTRA_IN_JSON
UMD | aligned_series | SPIRIT | 0.8,,,MISSING_IN_JSON
ScreenType | mcar | SPIRIT | 0.8,,,MISSING_IN_JSON
ArrowHead | aligned_series | MeanImpute | 0.1,,1.04878633709861,EXTRA_IN_JSON
SemgHandSubjectCh2 | aligned_timestamps | MeanImpute | 0.6,,1.13270613081923,EXTRA_IN_JSON
WormsTwoClass | aligned_series | MeanImpute | 0.1,,1.05422086893645,EXTRA_IN_JSON
FacesUCR | aligned_series | MeanImpute | 0.4,,0.575561557911294,EXTRA_IN_JSON
EOGVerticalSignal | aligned_timestamps | MeanImpute | 0.4,,1.27143818762392,EXTRA_IN_JSON
InlineSkate | aligned_series | MeanImpute | 0.1,,0.840457223689135,EXTRA_IN_JSON
BirdChicken | aligned_series | SPIRIT | 0.1,0.932332248981818,,MISSING_IN_JSON
Car | aligned_timestamps | MeanImpute | 0.4,,0.840967234842313,EXTRA_IN_JSON
Fish | mcar | MeanImpute | 0.1,,0.983890117148814,EXTRA_IN_JSON
LargeKitchenAppliances | aligned_series | MeanImpute | 0.6,,0.52860112991669,EXTRA_IN_JSON
Car | mcar | MeanImpute | 0.1,,1.09137866068553,EXTRA_IN_JSON
Meat | aligned_timestamps | MeanImpute | 0.1,,0.147298069812133,EXTRA_IN_JSON
FreezerRegularTrain | mcar | MeanImpute | 0.8,,0.939046876502603,EXTRA_IN_JSON
FaceFour | mcar | MeanImpute | 0.4,,1.00102046297074,EXTRA_IN_JSON
SmallKitchenAppliances | mcar | SPIRIT | 0.6,,,MISSING_IN_JSON
ProximalPhalanxOutlineAgeGroup | aligned_timestamps | SPIRIT | 0.8,,,MISSING_IN_JSON
OSULeaf | aligned_series | MeanImpute | 0.8,,0.970042043886281,EXTRA_IN_JSON
SyntheticControl | aligned_timestamps | MeanImpute | 0.2,,1.0980066819595,EXTRA_IN_JSON
BirdChicken | mcar | MeanImpute | 0.6,,0.981432243973295,EXTRA_IN_JSON
ECGFiveDays | aligned_series | MeanImpute | 0.6,,0.178569638431621,EXTRA_IN_JSON
FacesUCR | mcar | MeanImpute | 0.8,,0.994011916015106,EXTRA_IN_JSON
ArrowHead | mcar | SPIRIT | 0.4,,,MISSING_IN_JSON
Worms | aligned_series | SPIRIT | 0.4,,,MISSING_IN_JSON
SyntheticControl | aligned_series | SPIRIT | 0.4,,,MISSING_IN_JSON
PhalangesOutlinesCorrect | mcar | MeanImpute | 0.8,,1.02032409601849,EXTRA_IN_JSON
SwedishLeaf | mcar | MeanImpute | 0.2,,0.943624003723056,EXTRA_IN_JSON
MedicalImages | aligned_timestamps | SPIRIT | 0.8,,,MISSING_IN_JSON
Lightning7 | mcar | SPIRIT | 0.8,,,MISSING_IN_JSON
GunPointOldVersusYoung | aligned_timestamps | MeanImpute | 0.6,,1.11252166985716,EXTRA_IN_JSON
GunPointAgeSpan | aligned_timestamps | MeanImpute | 0.8,,1.02192143288304,EXTRA_IN_JSON
Ham | aligned_timestamps | SPIRIT | 0.2,,,MISSING_IN_JSON
WormsTwoClass | mcar | SPIRIT | 0.4,,,MISSING_IN_JSON
GunPoint | aligned_timestamps | MeanImpute | 0.6,,1.13411562449805,EXTRA_IN_JSON
PhalangesOutlinesCorrect | aligned_series | MeanImpute | 0.2,,1.00609822194915,EXTRA_IN_JSON
TwoPatterns | mcar | SPIRIT | 0.1,,,MISSING_IN_JSON
UMD | aligned_series | MeanImpute | 0.1,,0.97435288255394,EXTRA_IN_JSON
CBF | aligned_series | SPIRIT | 0.2,,,MISSING_IN_JSON
EthanolLevel | mcar | SPIRIT | 0.8,,,MISSING_IN_JSON
Herring | aligned_timestamps | MeanImpute | 0.1,,0.856006399518656,EXTRA_IN_JSON
PowerCons | aligned_timestamps | MeanImpute | 0.1,,0.781206959682278,EXTRA_IN_JSON
CinCECGTorso | aligned_series | MeanImpute | 0.6,,0.187973145420371,EXTRA_IN_JSON
ProximalPhalanxOutlineCorrect | aligned_timestamps | MeanImpute | 0.8,,1.02687538870996,EXTRA_IN_JSON
InlineSkate | mcar | MeanImpute | 0.4,,1.04922950882447,EXTRA_IN_JSON
Wafer | aligned_timestamps | SPIRIT | 0.4,,,MISSING_IN_JSON
Rock | mcar | SPIRIT | 0.1,,,MISSING_IN_JSON
EOGVerticalSignal | mcar | SPIRIT | 0.4,,,MISSING_IN_JSON
OliveOil | aligned_timestamps | MeanImpute | 0.1,,0.388114929062714,EXTRA_IN_JSON
Meat | mcar | MeanImpute | 0.2,,1.16909477421029,EXTRA_IN_JSON
Wine | mcar | SPIRIT | 0.4,,,MISSING_IN_JSON
SmallKitchenAppliances | aligned_timestamps | SPIRIT | 0.6,,,MISSING_IN_JSON
GunPointMaleVersusFemale | aligned_timestamps | MeanImpute | 0.4,,1.13140277439395,EXTRA_IN_JSON
FreezerSmallTrain | mcar | MeanImpute | 0.4,,1.06667096358727,EXTRA_IN_JSON
TwoLeadECG | aligned_timestamps | SPIRIT | 0.6,,,MISSING_IN_JSON
ToeSegmentation1 | aligned_timestamps | MeanImpute | 0.2,,1.02172547449569,EXTRA_IN_JSON
FacesUCR | aligned_timestamps | MeanImpute | 0.8,,0.901449435133302,EXTRA_IN_JSON
DistalPhalanxOutlineAgeGroup | mcar | SPIRIT | 0.6,,,MISSING_IN_JSON
EOGHorizontalSignal | aligned_series | SPIRIT | 0.2,,,MISSING_IN_JSON
ToeSegmentation1 | aligned_series | SPIRIT | 0.4,,,MISSING_IN_JSON
TwoPatterns | mcar | MeanImpute | 0.6,,1.01769286547523,EXTRA_IN_JSON
MedicalImages | aligned_timestamps | MeanImpute | 0.1,,1.99404342426479,EXTRA_IN_JSON
Lightning7 | mcar | MeanImpute | 0.1,,0.858996629868274,EXTRA_IN_JSON
Rock | aligned_timestamps | SPIRIT | 0.2,,,MISSING_IN_JSON
InlineSkate | aligned_timestamps | SPIRIT | 0.4,,,MISSING_IN_JSON
Earthquakes | aligned_timestamps | MeanImpute | 0.8,,0.996510764143166,EXTRA_IN_JSON
DistalPhalanxOutlineCorrect | aligned_timestamps | SPIRIT | 0.8,,,MISSING_IN_JSON
ProximalPhalanxOutlineAgeGroup | aligned_timestamps | MeanImpute | 0.1,,1.09197816181095,EXTRA_IN_JSON
SemgHandMovementCh2 | aligned_timestamps | MeanImpute | 0.6,,1.13061158199129,EXTRA_IN_JSON
Computers | aligned_timestamps | SPIRIT | 0.8,,,MISSING_IN_JSON
Wafer | aligned_series | SPIRIT | 0.1,,,MISSING_IN_JSON
SemgHandGenderCh2 | mcar | SPIRIT | 0.2,,,MISSING_IN_JSON
ToeSegmentation2 | aligned_timestamps | MeanImpute | 0.6,,1.02539411832101,EXTRA_IN_JSON
Fish | aligned_series | SPIRIT | 0.1,,,MISSING_IN_JSON
Earthquakes | mcar | MeanImpute | 0.6,,1.00106218525814,EXTRA_IN_JSON
CricketX | aligned_timestamps | MeanImpute | 0.4,,1.15276721415184,EXTRA_IN_JSON
Adiac | aligned_timestamps | SPIRIT | 0.8,,,MISSING_IN_JSON
Colposcopy | mcar | MeanImpute | 0.2,,0.942086228991377,EXTRA_IN_JSON
GunPointMaleVersusFemale | aligned_series | MeanImpute | 0.1,,0.935630244317177,EXTRA_IN_JSON
MoteStrain | mcar | MeanImpute | 0.1,,0.721355348552164,EXTRA_IN_JSON
Lightning7 | aligned_timestamps | MeanImpute | 0.2,,0.810104678106742,EXTRA_IN_JSON
Haptics | mcar | SPIRIT | 0.1,,,MISSING_IN_JSON
Herring | aligned_series | MeanImpute | 0.6,,0.883739405351479,EXTRA_IN_JSON
SmallKitchenAppliances | mcar | MeanImpute | 0.2,,0.955537325963537,EXTRA_IN_JSON
SonyAIBORobotSurface1 | aligned_series | SPIRIT | 0.1,,,MISSING_IN_JSON
PowerCons | aligned_series | MeanImpute | 0.6,,0.862670439101851,EXTRA_IN_JSON
FaceFour | aligned_timestamps | SPIRIT | 0.1,,,MISSING_IN_JSON
EOGVerticalSignal | aligned_timestamps | SPIRIT | 0.4,,,MISSING_IN_JSON
OSULeaf | mcar | MeanImpute | 0.4,,0.987061305703905,EXTRA_IN_JSON
OliveOil | mcar | MeanImpute | 0.2,,0.972144414694342,EXTRA_IN_JSON
Fish | aligned_series | MeanImpute | 0.6,,0.786487274758073,EXTRA_IN_JSON
Wine | aligned_timestamps | SPIRIT | 0.4,,,MISSING_IN_JSON
InsectEPGRegularTrain | mcar | SPIRIT | 0.6,,,MISSING_IN_JSON
Trace | aligned_timestamps | MeanImpute | 0.4,,1.25458759200573,EXTRA_IN_JSON
EOGVerticalSignal | aligned_series | SPIRIT | 0.2,,,MISSING_IN_JSON
OliveOil | mcar | SPIRIT | 0.1,,,MISSING_IN_JSON
Wafer | mcar | MeanImpute | 0.6,,0.989638484001508,EXTRA_IN_JSON
OliveOil | aligned_series | MeanImpute | 0.6,,0.310909751008903,EXTRA_IN_JSON
WormsTwoClass | aligned_timestamps | SPIRIT | 0.2,,,MISSING_IN_JSON
EOGHorizontalSignal | mcar | MeanImpute | 0.1,,1.02856432340183,EXTRA_IN_JSON
Strawberry | aligned_series | SPIRIT | 0.2,,,MISSING_IN_JSON
UMD | aligned_timestamps | SPIRIT | 0.4,,,MISSING_IN_JSON
Lightning7 | aligned_timestamps | SPIRIT | 0.1,,,MISSING_IN_JSON
SemgHandSubjectCh2 | aligned_series | MeanImpute | 0.2,,0.848317588049232,EXTRA_IN_JSON
RefrigerationDevices | aligned_timestamps | SPIRIT | 0.2,,,MISSING_IN_JSON
MoteStrain | aligned_timestamps | MeanImpute | 0.2,,0.704625346928279,EXTRA_IN_JSON
ECGFiveDays | aligned_series | SPIRIT | 0.6,,,MISSING_IN_JSON
DistalPhalanxTW | aligned_series | SPIRIT | 0.2,,,MISSING_IN_JSON
SonyAIBORobotSurface1 | aligned_timestamps | SPIRIT | 0.1,,,MISSING_IN_JSON
GunPointOldVersusYoung | aligned_series | MeanImpute | 0.4,,0.832381082318224,EXTRA_IN_JSON
ECGFiveDays | mcar | SPIRIT | 0.6,,,MISSING_IN_JSON
DistalPhalanxOutlineCorrect | aligned_timestamps | MeanImpute | 0.1,,0.983562722895464,EXTRA_IN_JSON
SharePriceIncrease | aligned_timestamps | MeanImpute | 0.2,,1.02627750158475,EXTRA_IN_JSON
SemgHandMovementCh2 | mcar | SPIRIT | 0.6,,,MISSING_IN_JSON
ProximalPhalanxOutlineAgeGroup | aligned_series | MeanImpute | 0.6,,1.18535316817193,EXTRA_IN_JSON
Fish | aligned_timestamps | MeanImpute | 0.1,,0.611443554053092,EXTRA_IN_JSON
UMD | mcar | SPIRIT | 0.1,,,MISSING_IN_JSON
FreezerRegularTrain | aligned_timestamps | MeanImpute | 0.8,,0.924914376088085,EXTRA_IN_JSON
ArrowHead | aligned_timestamps | SPIRIT | 0.6,,,MISSING_IN_JSON
GunPointOldVersusYoung | aligned_timestamps | SPIRIT | 0.4,,,MISSING_IN_JSON
Colposcopy | aligned_timestamps | MeanImpute | 0.2,,1.09771977158211,EXTRA_IN_JSON
GunPoint | aligned_series | MeanImpute | 0.4,,0.91967887047405,EXTRA_IN_JSON
Lightning2 | mcar | MeanImpute | 0.4,,0.934756282966853,EXTRA_IN_JSON
MedicalImages | aligned_series | MeanImpute | 0.6,,1.47555339743603,EXTRA_IN_JSON
GunPoint | aligned_timestamps | SPIRIT | 0.6,,,MISSING_IN_JSON
Computers | aligned_timestamps | MeanImpute | 0.1,,0.813097384932222,EXTRA_IN_JSON
SonyAIBORobotSurface1 | aligned_timestamps | MeanImpute | 0.6,,0.972115803721342,EXTRA_IN_JSON
InsectEPGRegularTrain | aligned_timestamps | MeanImpute | 0.1,,1.01419858330243,EXTRA_IN_JSON
LargeKitchenAppliances | aligned_timestamps | MeanImpute | 0.4,,0.832323900535069,EXTRA_IN_JSON
Worms | aligned_series | MeanImpute | 0.8,,0.982251606003911,EXTRA_IN_JSON
SyntheticControl | aligned_series | MeanImpute | 0.8,,1.20577629381474,EXTRA_IN_JSON
WormsTwoClass | mcar | MeanImpute | 0.8,,0.992827974553691,EXTRA_IN_JSON
GunPointMaleVersusFemale | mcar | SPIRIT | 0.2,,,MISSING_IN_JSON
DistalPhalanxOutlineAgeGroup | aligned_series | SPIRIT | 0.1,,,MISSING_IN_JSON
FaceFour | aligned_series | SPIRIT | 0.6,,,MISSING_IN_JSON
CinCECGTorso | aligned_series | SPIRIT | 0.4,,,MISSING_IN_JSON
UMD | mcar | MeanImpute | 0.6,,1.03431157116744,EXTRA_IN_JSON
RefrigerationDevices | mcar | MeanImpute | 0.8,,0.99916861116026,EXTRA_IN_JSON
DistalPhalanxTW | mcar | MeanImpute | 0.1,,0.976772099970217,EXTRA_IN_JSON
Beef | aligned_series | SPIRIT | 0.4,,,MISSING_IN_JSON
Haptics | aligned_timestamps | MeanImpute | 0.4,,0.961313713574707,EXTRA_IN_JSON
Rock | aligned_timestamps | MeanImpute | 0.8,,0.95247526655533,EXTRA_IN_JSON
ScreenType | aligned_series | MeanImpute | 0.6,,0.754729088251764,EXTRA_IN_JSON
ProximalPhalanxOutlineCorrect | mcar | MeanImpute | 0.1,,1.02298882846325,EXTRA_IN_JSON
Ham | aligned_series | SPIRIT | 0.8,,,MISSING_IN_JSON
ShapeletSim | mcar | MeanImpute | 0.6,,1.00271109862083,EXTRA_IN_JSON
GunPointOldVersusYoung | aligned_series | SPIRIT | 0.1,,,MISSING_IN_JSON
Lightning7 | aligned_series | SPIRIT | 0.6,,,MISSING_IN_JSON
Herring | mcar | SPIRIT | 0.6,,,MISSING_IN_JSON
SemgHandMovementCh2 | aligned_series | MeanImpute | 0.4,,0.854279814076581,EXTRA_IN_JSON
ToeSegmentation2 | aligned_series | MeanImpute | 0.4,,0.79566692109448,EXTRA_IN_JSON
OSULeaf | aligned_timestamps | MeanImpute | 0.2,,0.977806675269612,EXTRA_IN_JSON
TwoLeadECG | mcar | SPIRIT | 0.8,,,MISSING_IN_JSON
ToeSegmentation2 | aligned_timestamps | SPIRIT | 0.6,,,MISSING_IN_JSON
OSULeaf | aligned_series | SPIRIT | 0.4,,,MISSING_IN_JSON
ArrowHead | aligned_timestamps | MeanImpute | 0.8,,0.924843582516676,EXTRA_IN_JSON
TwoLeadECG | aligned_series | SPIRIT | 0.2,,,MISSING_IN_JSON
Beef | aligned_timestamps | SPIRIT | 0.4,,,MISSING_IN_JSON
SwedishLeaf | aligned_timestamps | SPIRIT | 0.1,,,MISSING_IN_JSON
PhalangesOutlinesCorrect | mcar | SPIRIT | 0.4,,,MISSING_IN_JSON
PowerCons | mcar | SPIRIT | 0.6,,,MISSING_IN_JSON
MoteStrain | aligned_series | SPIRIT | 0.6,,,MISSING_IN_JSON
MedicalImages | mcar | SPIRIT | 0.8,,,MISSING_IN_JSON
Haptics | aligned_series | MeanImpute | 0.1,,1.09651299203646,EXTRA_IN_JSON
InsectEPGRegularTrain | mcar | MeanImpute | 0.2,,1.03607088653912,EXTRA_IN_JSON
EOGVerticalSignal | aligned_series | MeanImpute | 0.8,,0.774139341108922,EXTRA_IN_JSON
Computers | aligned_series | MeanImpute | 0.6,,0.71153466148219,EXTRA_IN_JSON
WormsTwoClass | aligned_timestamps | MeanImpute | 0.8,,0.952239227198792,EXTRA_IN_JSON
GunPointMaleVersusFemale | aligned_timestamps | SPIRIT | 0.2,,,MISSING_IN_JSON
FreezerRegularTrain | aligned_series | SPIRIT | 0.4,,,MISSING_IN_JSON
PhalangesOutlinesCorrect | aligned_timestamps | MeanImpute | 0.6,,1.04526528893982,EXTRA_IN_JSON
Adiac | aligned_series | MeanImpute | 0.6,,0.839852633313198,EXTRA_IN_JSON
CBF | aligned_timestamps | SPIRIT | 0.6,,,MISSING_IN_JSON
RefrigerationDevices | aligned_timestamps | MeanImpute | 0.8,,1.00284606878186,EXTRA_IN_JSON
GunPoint | mcar | SPIRIT | 0.4,,,MISSING_IN_JSON
OliveOil | aligned_series | SPIRIT | 0.6,,,MISSING_IN_JSON
SwedishLeaf | aligned_timestamps | MeanImpute | 0.6,,0.985216559908333,EXTRA_IN_JSON
Colposcopy | aligned_series | SPIRIT | 0.6,,,MISSING_IN_JSON
ECGFiveDays | mcar | MeanImpute | 0.2,,1.46092468094856,EXTRA_IN_JSON
ShapeletSim | aligned_timestamps | MeanImpute | 0.6,,1.01697965129923,EXTRA_IN_JSON
Ham | aligned_series | MeanImpute | 0.1,,0.521905822625299,EXTRA_IN_JSON
SemgHandSubjectCh2 | aligned_series | SPIRIT | 0.2,,,MISSING_IN_JSON
InsectEPGRegularTrain | aligned_series | MeanImpute | 0.6,,1.15749351006293,EXTRA_IN_JSON
Wine | aligned_timestamps | MeanImpute | 0.8,,0.895100371355889,EXTRA_IN_JSON
Earthquakes | aligned_series | SPIRIT | 0.4,,,MISSING_IN_JSON
SemgHandSubjectCh2 | mcar | SPIRIT | 0.2,,,MISSING_IN_JSON
GunPointAgeSpan | aligned_series | SPIRIT | 0.1,,,MISSING_IN_JSON
TwoLeadECG | mcar | MeanImpute | 0.1,,0.543055452992993,EXTRA_IN_JSON
SharePriceIncrease | aligned_timestamps | SPIRIT | 0.2,,,MISSING_IN_JSON
EOGHorizontalSignal | aligned_timestamps | SPIRIT | 0.6,,,MISSING_IN_JSON
OSULeaf | mcar | SPIRIT | 0.2,,,MISSING_IN_JSON
Lightning2 | aligned_timestamps | SPIRIT | 0.1,,,MISSING_IN_JSON
SemgHandGenderCh2 | mcar | MeanImpute | 0.4,,1.0697606732046,EXTRA_IN_JSON
Fish | mcar | SPIRIT | 0.8,,,MISSING_IN_JSON
FreezerRegularTrain | aligned_timestamps | SPIRIT | 0.8,,,MISSING_IN_JSON
CricketX | mcar | MeanImpute | 0.4,,1.00994132487359,EXTRA_IN_JSON
DistalPhalanxOutlineAgeGroup | aligned_timestamps | MeanImpute | 0.8,,1.00933939650043,EXTRA_IN_JSON
Earthquakes | aligned_timestamps | SPIRIT | 0.4,,,MISSING_IN_JSON
GunPointMaleVersusFemale | mcar | MeanImpute | 0.8,,0.989698177466725,EXTRA_IN_JSON
ProximalPhalanxOutlineCorrect | aligned_series | SPIRIT | 0.1,,,MISSING_IN_JSON
UMD | aligned_timestamps | MeanImpute | 0.8,,1.06842022859179,EXTRA_IN_JSON
GunPointAgeSpan | aligned_series | MeanImpute | 0.6,,0.88788835339537,EXTRA_IN_JSON
MoteStrain | aligned_series | MeanImpute | 0.8,,0.927256079264062,EXTRA_IN_JSON
ArrowHead | aligned_series | SPIRIT | 0.2,,,MISSING_IN_JSON
RefrigerationDevices | mcar | SPIRIT | 0.8,,,MISSING_IN_JSON
FreezerSmallTrain | aligned_timestamps | MeanImpute | 0.6,,1.00381628068985,EXTRA_IN_JSON
InlineSkate | aligned_timestamps | MeanImpute | 0.6,,0.77809798015829,EXTRA_IN_JSON
GunPoint | aligned_series | SPIRIT | 0.2,,,MISSING_IN_JSON
Car | aligned_series | SPIRIT | 0.8,,,MISSING_IN_JSON
Trace | aligned_series | MeanImpute | 0.8,,1.52158725237428,EXTRA_IN_JSON
ShapeletSim | mcar | SPIRIT | 0.6,,,MISSING_IN_JSON
ProximalPhalanxOutlineCorrect | aligned_series | MeanImpute | 0.6,,1.17840172311978,EXTRA_IN_JSON
TwoLeadECG | aligned_series | MeanImpute | 0.8,,0.239027476688023,EXTRA_IN_JSON
SyntheticControl | aligned_timestamps | MeanImpute | 0.4,,1.04191542476789,EXTRA_IN_JSON
Colposcopy | aligned_series | MeanImpute | 0.8,,1.15252092531846,EXTRA_IN_JSON
Strawberry | aligned_timestamps | SPIRIT | 0.6,,,MISSING_IN_JSON
CinCECGTorso | aligned_timestamps | MeanImpute | 0.1,,0.18421025734605,EXTRA_IN_JSON
PowerCons | aligned_timestamps | SPIRIT | 0.8,,,MISSING_IN_JSON
SwedishLeaf | mcar | MeanImpute | 0.4,,0.958099667225929,EXTRA_IN_JSON
DistalPhalanxTW | aligned_timestamps | SPIRIT | 0.6,,,MISSING_IN_JSON
RefrigerationDevices | aligned_series | SPIRIT | 0.2,,,MISSING_IN_JSON
Lightning2 | mcar | SPIRIT | 0.2,,,MISSING_IN_JSON
LargeKitchenAppliances | mcar | SPIRIT | 0.1,,,MISSING_IN_JSON
Ham | aligned_timestamps | SPIRIT | 0.4,,,MISSING_IN_JSON
Yoga | aligned_timestamps | SPIRIT | 0.8,,,MISSING_IN_JSON
Lightning2 | aligned_series | SPIRIT | 0.6,,,MISSING_IN_JSON
SemgHandGenderCh2 | aligned_series | MeanImpute | 0.2,,0.837205915685291,EXTRA_IN_JSON
EOGHorizontalSignal | aligned_timestamps | MeanImpute | 0.8,,1.04680643318199,EXTRA_IN_JSON
CricketX | aligned_series | MeanImpute | 0.2,,1.14509470664473,EXTRA_IN_JSON
LargeKitchenAppliances | aligned_timestamps | SPIRIT | 0.2,,,MISSING_IN_JSON
SemgHandGenderCh2 | aligned_timestamps | SPIRIT | 0.8,,,MISSING_IN_JSON
Beef | aligned_series | MeanImpute | 0.8,,0.626125840865321,EXTRA_IN_JSON
DistalPhalanxOutlineCorrect | aligned_series | SPIRIT | 0.6,,,MISSING_IN_JSON
SemgHandMovementCh2 | aligned_series | SPIRIT | 0.2,,,MISSING_IN_JSON
PhalangesOutlinesCorrect | aligned_series | MeanImpute | 0.4,,1.05600938046407,EXTRA_IN_JSON
ArrowHead | mcar | MeanImpute | 0.1,,0.935691495605423,EXTRA_IN_JSON
SharePriceIncrease | mcar | SPIRIT | 0.1,,,MISSING_IN_JSON
CBF | aligned_series | SPIRIT | 0.4,,,MISSING_IN_JSON
FreezerRegularTrain | aligned_timestamps | MeanImpute | 0.1,,1.71966717222222,EXTRA_IN_JSON
FacesUCR | aligned_timestamps | SPIRIT | 0.6,,,MISSING_IN_JSON
Ham | mcar | SPIRIT | 0.1,,,MISSING_IN_JSON
Haptics | aligned_timestamps | SPIRIT | 0.2,,,MISSING_IN_JSON
PhalangesOutlinesCorrect | aligned_timestamps | SPIRIT | 0.6,,,MISSING_IN_JSON
Adiac | mcar | SPIRIT | 0.6,,,MISSING_IN_JSON
SemgHandSubjectCh2 | mcar | MeanImpute | 0.8,,0.997363053732371,EXTRA_IN_JSON
Meat | mcar | MeanImpute | 0.4,,1.18355794401562,EXTRA_IN_JSON
Worms | aligned_timestamps | MeanImpute | 0.2,,1.05563410937824,EXTRA_IN_JSON
Beef | aligned_timestamps | MeanImpute | 0.8,,0.897583639067735,EXTRA_IN_JSON
Car | aligned_series | MeanImpute | 0.1,,0.838255347075799,EXTRA_IN_JSON
Strawberry | mcar | MeanImpute | 0.2,,1.04750576103909,EXTRA_IN_JSON
FreezerRegularTrain | aligned_series | MeanImpute | 0.8,,1.40000529237173,EXTRA_IN_JSON
ToeSegmentation1 | aligned_timestamps | MeanImpute | 0.4,,1.02224048100224,EXTRA_IN_JSON
SmallKitchenAppliances | aligned_series | SPIRIT | 0.6,,,MISSING_IN_JSON
Trace | mcar | SPIRIT | 0.1,,,MISSING_IN_JSON
EOGHorizontalSignal | aligned_series | SPIRIT | 0.4,,,MISSING_IN_JSON
ScreenType | aligned_timestamps | SPIRIT | 0.8,,,MISSING_IN_JSON
RefrigerationDevices | mcar | MeanImpute | 0.1,,0.999139428933938,EXTRA_IN_JSON
BirdChicken | aligned_series | MeanImpute | 0.6,,0.763415698931233,EXTRA_IN_JSON
MoteStrain | mcar | SPIRIT | 0.8,,,MISSING_IN_JSON
CinCECGTorso | mcar | SPIRIT | 0.1,,,MISSING_IN_JSON
Ham | mcar | MeanImpute | 0.6,,1.0046394443841,EXTRA_IN_JSON
Rock | aligned_timestamps | SPIRIT | 0.4,,,MISSING_IN_JSON
LargeKitchenAppliances | aligned_series | SPIRIT | 0.8,,,MISSING_IN_JSON
SwedishLeaf | aligned_series | MeanImpute | 0.2,,0.662867241520195,EXTRA_IN_JSON
Wafer | aligned_timestamps | MeanImpute | 0.1,,1.27983500515634,EXTRA_IN_JSON
ShapeletSim | aligned_series | MeanImpute | 0.2,,1.02887173659426,EXTRA_IN_JSON
EOGVerticalSignal | mcar | MeanImpute | 0.1,,1.05811567476519,EXTRA_IN_JSON
SemgHandGenderCh2 | mcar | SPIRIT | 0.4,,,MISSING_IN_JSON
Earthquakes | aligned_series | MeanImpute | 0.8,,1.00762261602984,EXTRA_IN_JSON
TwoPatterns | aligned_timestamps | SPIRIT | 0.8,,,MISSING_IN_JSON
GunPointAgeSpan | mcar | SPIRIT | 0.6,,,MISSING_IN_JSON
DistalPhalanxOutlineAgeGroup | aligned_timestamps | SPIRIT | 0.8,,,MISSING_IN_JSON
Worms | mcar | MeanImpute | 0.8,,0.992638249167744,EXTRA_IN_JSON
GunPoint | mcar | MeanImpute | 0.8,,0.994983434437777,EXTRA_IN_JSON
EOGHorizontalSignal | mcar | SPIRIT | 0.8,,,MISSING_IN_JSON
ECGFiveDays | aligned_timestamps | SPIRIT | 0.1,,,MISSING_IN_JSON
Colposcopy | mcar | MeanImpute | 0.4,,0.942939822930351,EXTRA_IN_JSON
SharePriceIncrease | aligned_series | SPIRIT | 0.8,,,MISSING_IN_JSON
ToeSegmentation1 | aligned_series | MeanImpute | 0.1,,1.08509016109774,EXTRA_IN_JSON
ToeSegmentation2 | mcar | SPIRIT | 0.6,,,MISSING_IN_JSON
Lightning7 | aligned_timestamps | MeanImpute | 0.4,,0.829191340589879,EXTRA_IN_JSON
Yoga | aligned_timestamps | MeanImpute | 0.1,,0.691211464060017,EXTRA_IN_JSON
Rock | mcar | MeanImpute | 0.6,,0.932201646281356,EXTRA_IN_JSON
Meat | mcar | SPIRIT | 0.1,,,MISSING_IN_JSON
SmallKitchenAppliances | mcar | MeanImpute | 0.4,,0.972736973145213,EXTRA_IN_JSON
DistalPhalanxOutlineCorrect | mcar | MeanImpute | 0.2,,0.998176237164425,EXTRA_IN_JSON
Rock | aligned_series | SPIRIT | 0.1,,,MISSING_IN_JSON
OliveOil | mcar | MeanImpute | 0.4,,0.921435326831701,EXTRA_IN_JSON
EOGVerticalSignal | aligned_series | SPIRIT | 0.4,,,MISSING_IN_JSON
SyntheticControl | mcar | SPIRIT | 0.2,,,MISSING_IN_JSON
Beef | mcar | SPIRIT | 0.8,,,MISSING_IN_JSON
WormsTwoClass | aligned_timestamps | SPIRIT | 0.4,,,MISSING_IN_JSON
Trace | aligned_series | SPIRIT | 0.8,,,MISSING_IN_JSON
Strawberry | aligned_series | SPIRIT | 0.4,,,MISSING_IN_JSON
DistalPhalanxTW | aligned_timestamps | MeanImpute | 0.2,,1.02800807438005,EXTRA_IN_JSON
RefrigerationDevices | aligned_timestamps | SPIRIT | 0.4,,,MISSING_IN_JSON
SemgHandSubjectCh2 | aligned_series | MeanImpute | 0.4,,0.855820074892225,EXTRA_IN_JSON
MoteStrain | aligned_timestamps | MeanImpute | 0.4,,0.891559440649396,EXTRA_IN_JSON
EthanolLevel | aligned_timestamps | SPIRIT | 0.8,,,MISSING_IN_JSON
DistalPhalanxTW | aligned_series | SPIRIT | 0.4,,,MISSING_IN_JSON
GunPointOldVersusYoung | mcar | SPIRIT | 0.6,,,MISSING_IN_JSON
SemgHandSubjectCh2 | aligned_timestamps | SPIRIT | 0.6,,,MISSING_IN_JSON
InsectEPGRegularTrain | aligned_timestamps | SPIRIT | 0.8,,,MISSING_IN_JSON
FreezerSmallTrain | aligned_series | MeanImpute | 0.2,,1.45564311741007,EXTRA_IN_JSON
CricketX | mcar | SPIRIT | 0.2,,,MISSING_IN_JSON
Lightning7 | aligned_series | MeanImpute | 0.1,,0.664710540391958,EXTRA_IN_JSON
SharePriceIncrease | aligned_timestamps | MeanImpute | 0.4,,0.97739421096244,EXTRA_IN_JSON
Yoga | mcar | MeanImpute | 0.2,,0.999903962566257,EXTRA_IN_JSON
CBF | mcar | MeanImpute | 0.1,,0.781249151635379,EXTRA_IN_JSON
ScreenType | aligned_timestamps | MeanImpute | 0.1,,0.758431698464464,EXTRA_IN_JSON
Fish | aligned_timestamps | SPIRIT | 0.2,,,MISSING_IN_JSON
Colposcopy | aligned_timestamps | MeanImpute | 0.4,,1.00781617576878,EXTRA_IN_JSON
ToeSegmentation2 | mcar | MeanImpute | 0.8,,1.00730216228605,EXTRA_IN_JSON
ProximalPhalanxOutlineCorrect | mcar | SPIRIT | 0.8,,,MISSING_IN_JSON
BirdChicken | mcar | SPIRIT | 0.6,,,MISSING_IN_JSON
InlineSkate | aligned_series | SPIRIT | 0.1,,,MISSING_IN_JSON
Wafer | aligned_series | MeanImpute | 0.6,,1.27345385331072,EXTRA_IN_JSON
TwoPatterns | aligned_timestamps | MeanImpute | 0.1,,0.747448740700387,EXTRA_IN_JSON
Haptics | mcar | MeanImpute | 0.6,,0.971092695944743,EXTRA_IN_JSON
Car | mcar | SPIRIT | 0.1,,,MISSING_IN_JSON
DistalPhalanxOutlineAgeGroup | aligned_timestamps | MeanImpute | 0.1,,1.00068164227816,EXTRA_IN_JSON
Meat | aligned_timestamps | SPIRIT | 0.1,,,MISSING_IN_JSON
Yoga | mcar | SPIRIT | 0.1,,,MISSING_IN_JSON
FreezerRegularTrain | mcar | SPIRIT | 0.8,,,MISSING_IN_JSON
SonyAIBORobotSurface1 | aligned_series | MeanImpute | 0.6,,1.36123325678564,EXTRA_IN_JSON
Yoga | aligned_series | MeanImpute | 0.6,,0.718298349589514,EXTRA_IN_JSON
FaceFour | aligned_timestamps | MeanImpute | 0.6,,0.746963631454416,EXTRA_IN_JSON
SmallKitchenAppliances | aligned_series | MeanImpute | 0.2,,0.227073792455623,EXTRA_IN_JSON
GunPointMaleVersusFemale | mcar | SPIRIT | 0.4,,,MISSING_IN_JSON
ProximalPhalanxOutlineAgeGroup | mcar | SPIRIT | 0.1,,,MISSING_IN_JSON
SharePriceIncrease | aligned_series | MeanImpute | 0.1,,1.02532168858653,EXTRA_IN_JSON
ToeSegmentation1 | mcar | SPIRIT | 0.2,,,MISSING_IN_JSON
Worms | aligned_timestamps | SPIRIT | 0.2,,,MISSING_IN_JSON
SyntheticControl | aligned_timestamps | SPIRIT | 0.2,,,MISSING_IN_JSON
FacesUCR | mcar | SPIRIT | 0.8,,,MISSING_IN_JSON
Wine | aligned_series | SPIRIT | 0.1,,,MISSING_IN_JSON
Ham | aligned_timestamps | MeanImpute | 0.8,,1.04809437989886,EXTRA_IN_JSON
MoteStrain | aligned_timestamps | SPIRIT | 0.1,,,MISSING_IN_JSON
SwedishLeaf | mcar | SPIRIT | 0.2,,,MISSING_IN_JSON
FacesUCR | aligned_series | SPIRIT | 0.2,,,MISSING_IN_JSON
Haptics | aligned_series | SPIRIT | 0.8,,,MISSING_IN_JSON
PhalangesOutlinesCorrect | aligned_series | SPIRIT | 0.2,,,MISSING_IN_JSON
Earthquakes | mcar | SPIRIT | 0.8,,,MISSING_IN_JSON
GunPointAgeSpan | aligned_timestamps | SPIRIT | 0.8,,,MISSING_IN_JSON
Car | aligned_timestamps | SPIRIT | 0.2,,,MISSING_IN_JSON
Herring | aligned_timestamps | SPIRIT | 0.1,,,MISSING_IN_JSON
RefrigerationDevices | aligned_series | MeanImpute | 0.6,,1.00332548312435,EXTRA_IN_JSON
SmallKitchenAppliances | aligned_timestamps | MeanImpute | 0.2,,0.227073792455623,EXTRA_IN_JSON
CBF | aligned_series | MeanImpute | 0.8,,1.17253146556165,EXTRA_IN_JSON
Adiac | aligned_timestamps | MeanImpute | 0.1,,0.568249500117299,EXTRA_IN_JSON
FaceFour | mcar | SPIRIT | 0.2,,,MISSING_IN_JSON
Beef | mcar | MeanImpute | 0.1,,0.955216582678014,EXTRA_IN_JSON
OSULeaf | aligned_timestamps | MeanImpute | 0.4,,0.969428803465303,EXTRA_IN_JSON
TwoLeadECG | aligned_timestamps | MeanImpute | 0.2,,0.270293793613673,EXTRA_IN_JSON
ShapeletSim | aligned_series | SPIRIT | 0.2,,,MISSING_IN_JSON
ProximalPhalanxOutlineAgeGroup | mcar | MeanImpute | 0.6,,1.00155497441802,EXTRA_IN_JSON
OliveOil | aligned_timestamps | SPIRIT | 0.1,,,MISSING_IN_JSON
TwoLeadECG | aligned_series | SPIRIT | 0.4,,,MISSING_IN_JSON
Colposcopy | aligned_timestamps | SPIRIT | 0.1,,,MISSING_IN_JSON
EthanolLevel | aligned_timestamps | MeanImpute | 0.1,,0.877530602382987,EXTRA_IN_JSON
ScreenType | mcar | MeanImpute | 0.2,,0.996506850319722,EXTRA_IN_JSON
Worms | mcar | SPIRIT | 0.8,,,MISSING_IN_JSON
UMD | aligned_series | SPIRIT | 0.1,,,MISSING_IN_JSON
Wine | aligned_series | MeanImpute | 0.6,,0.625980310095168,EXTRA_IN_JSON
ScreenType | mcar | SPIRIT | 0.1,,,MISSING_IN_JSON
ProximalPhalanxOutlineCorrect | aligned_timestamps | SPIRIT | 0.8,,,MISSING_IN_JSON
InsectEPGRegularTrain | mcar | MeanImpute | 0.4,,1.05462401186329,EXTRA_IN_JSON
FreezerRegularTrain | mcar | MeanImpute | 0.1,,1.03051201554558,EXTRA_IN_JSON
TwoPatterns | aligned_series | MeanImpute | 0.6,,0.820428908679274,EXTRA_IN_JSON
GunPointMaleVersusFemale | aligned_timestamps | SPIRIT | 0.4,,,MISSING_IN_JSON
DistalPhalanxOutlineAgeGroup | aligned_series | MeanImpute | 0.6,,1.09090381212876,EXTRA_IN_JSON
ProximalPhalanxOutlineAgeGroup | aligned_timestamps | SPIRIT | 0.1,,,MISSING_IN_JSON
Meat | aligned_series | SPIRIT | 0.6,,,MISSING_IN_JSON
SemgHandMovementCh2 | aligned_timestamps | SPIRIT | 0.6,,,MISSING_IN_JSON
ToeSegmentation1 | aligned_timestamps | SPIRIT | 0.2,,,MISSING_IN_JSON
OSULeaf | aligned_series | MeanImpute | 0.1,,0.96847397051752,EXTRA_IN_JSON
FacesUCR | mcar | MeanImpute | 0.1,,1.07322145943539,EXTRA_IN_JSON
GunPointOldVersusYoung | mcar | MeanImpute | 0.2,,1.02073503523823,EXTRA_IN_JSON
ECGFiveDays | mcar | MeanImpute | 0.4,,0.980359515266799,EXTRA_IN_JSON
PhalangesOutlinesCorrect | mcar | MeanImpute | 0.1,,1.02121943736014,EXTRA_IN_JSON
MedicalImages | aligned_timestamps | SPIRIT | 0.1,,,MISSING_IN_JSON
BirdChicken | aligned_timestamps | SPIRIT | 0.8,,,MISSING_IN_JSON
Lightning7 | mcar | SPIRIT | 0.1,,,MISSING_IN_JSON
EthanolLevel | mcar | MeanImpute | 0.2,,1.00529424011607,EXTRA_IN_JSON
Computers | mcar | MeanImpute | 0.2,,1.00156461437786,EXTRA_IN_JSON
SemgHandSubjectCh2 | aligned_series | SPIRIT | 0.4,,,MISSING_IN_JSON
GunPointAgeSpan | aligned_timestamps | MeanImpute | 0.1,,0.757868761295454,EXTRA_IN_JSON
SemgHandSubjectCh2 | mcar | SPIRIT | 0.4,,,MISSING_IN_JSON
FreezerSmallTrain | aligned_series | SPIRIT | 0.2,,,MISSING_IN_JSON
Herring | aligned_series | SPIRIT | 0.6,,,MISSING_IN_JSON
Strawberry | aligned_series | MeanImpute | 0.8,,2.0234371690768,EXTRA_IN_JSON
SharePriceIncrease | aligned_timestamps | SPIRIT | 0.4,,,MISSING_IN_JSON
FreezerSmallTrain | mcar | SPIRIT | 0.2,,,MISSING_IN_JSON
OSULeaf | mcar | SPIRIT | 0.4,,,MISSING_IN_JSON
Colposcopy | mcar | SPIRIT | 0.2,,,MISSING_IN_JSON
DistalPhalanxTW | aligned_series | MeanImpute | 0.8,,1.14001434766954,EXTRA_IN_JSON
EthanolLevel | mcar | SPIRIT | 0.1,,,MISSING_IN_JSON
EthanolLevel | aligned_series | MeanImpute | 0.6,,0.980537391936483,EXTRA_IN_JSON
ProximalPhalanxOutlineCorrect | aligned_timestamps | MeanImpute | 0.1,,1.08453419527033,EXTRA_IN_JSON
SonyAIBORobotSurface1 | mcar | SPIRIT | 0.6,,,MISSING_IN_JSON
InlineSkate | mcar | SPIRIT | 0.6,,,MISSING_IN_JSON
PowerCons | aligned_series | SPIRIT | 0.6,,,MISSING_IN_JSON
ToeSegmentation1 | mcar | MeanImpute | 0.8,,0.98173132522177,EXTRA_IN_JSON
Wafer | mcar | SPIRIT | 0.6,,,MISSING_IN_JSON
Yoga | aligned_series | SPIRIT | 0.6,,,MISSING_IN_JSON
EOGHorizontalSignal | aligned_series | MeanImpute | 0.6,,0.899036663701839,EXTRA_IN_JSON
FacesUCR | aligned_series | MeanImpute | 0.8,,0.585327336217547,EXTRA_IN_JSON
ArrowHead | aligned_series | SPIRIT | 0.4,,,MISSING_IN_JSON
SyntheticControl | mcar | MeanImpute | 0.6,,1.00129314106317,EXTRA_IN_JSON
ProximalPhalanxOutlineAgeGroup | aligned_series | SPIRIT | 0.6,,,MISSING_IN_JSON
FacesUCR | aligned_timestamps | MeanImpute | 0.1,,0.59344366132109,EXTRA_IN_JSON
EOGVerticalSignal | aligned_timestamps | MeanImpute | 0.8,,1.04890122501283,EXTRA_IN_JSON
Car | aligned_timestamps | MeanImpute | 0.8,,0.997566620376901,EXTRA_IN_JSON
SemgHandMovementCh2 | mcar | MeanImpute | 0.2,,1.01053773897284,EXTRA_IN_JSON
GunPoint | aligned_series | SPIRIT | 0.4,,,MISSING_IN_JSON
FaceFour | mcar | MeanImpute | 0.8,,0.955153983849176,EXTRA_IN_JSON
Earthquakes | aligned_timestamps | MeanImpute | 0.1,,0.998553835956523,EXTRA_IN_JSON
DistalPhalanxOutlineCorrect | aligned_timestamps | SPIRIT | 0.1,,,MISSING_IN_JSON
MedicalImages | aligned_series | SPIRIT | 0.6,,,MISSING_IN_JSON
Computers | aligned_timestamps | SPIRIT | 0.1,,,MISSING_IN_JSON
Trace | aligned_timestamps | SPIRIT | 0.2,,,MISSING_IN_JSON
ArrowHead | mcar | SPIRIT | 0.8,,,MISSING_IN_JSON
Adiac | aligned_timestamps | SPIRIT | 0.1,,,MISSING_IN_JSON
Worms | aligned_series | SPIRIT | 0.8,,,MISSING_IN_JSON
CinCECGTorso | aligned_timestamps | SPIRIT | 0.2,,,MISSING_IN_JSON
SyntheticControl | aligned_series | SPIRIT | 0.8,,,MISSING_IN_JSON
CricketX | aligned_timestamps | SPIRIT | 0.6,,,MISSING_IN_JSON
RefrigerationDevices | aligned_series | SPIRIT | 0.4,,,MISSING_IN_JSON
Lightning2 | mcar | SPIRIT | 0.4,,,MISSING_IN_JSON
Lightning2 | aligned_timestamps | MeanImpute | 0.6,,0.737150410517851,EXTRA_IN_JSON
FaceFour | aligned_series | MeanImpute | 0.2,,1.12077905133059,EXTRA_IN_JSON
SemgHandGenderCh2 | aligned_series | MeanImpute | 0.4,,0.848866670702054,EXTRA_IN_JSON
ScreenType | aligned_series | SPIRIT | 0.6,,,MISSING_IN_JSON
CricketX | aligned_series | MeanImpute | 0.4,,1.15974318027213,EXTRA_IN_JSON
LargeKitchenAppliances | aligned_timestamps | SPIRIT | 0.4,,,MISSING_IN_JSON
DistalPhalanxOutlineCorrect | aligned_timestamps | MeanImpute | 0.6,,1.0449186036994,EXTRA_IN_JSON
Meat | aligned_series | MeanImpute | 0.2,,0.207407653727823,EXTRA_IN_JSON
WormsTwoClass | mcar | SPIRIT | 0.8,,,MISSING_IN_JSON
SemgHandMovementCh2 | aligned_series | SPIRIT | 0.4,,,MISSING_IN_JSON
WormsTwoClass | aligned_series | SPIRIT | 0.2,,,MISSING_IN_JSON
TwoPatterns | aligned_series | SPIRIT | 0.6,,,MISSING_IN_JSON
Herring | mcar | MeanImpute | 0.2,,0.948916824267471,EXTRA_IN_JSON
InlineSkate | mcar | MeanImpute | 0.8,,0.994126886977983,EXTRA_IN_JSON
PowerCons | mcar | MeanImpute | 0.2,,1.13852922609214,EXTRA_IN_JSON
Haptics | aligned_timestamps | SPIRIT | 0.4,,,MISSING_IN_JSON
Wafer | aligned_timestamps | SPIRIT | 0.8,,,MISSING_IN_JSON
ProximalPhalanxOutlineCorrect | mcar | SPIRIT | 0.1,,,MISSING_IN_JSON
EOGVerticalSignal | mcar | SPIRIT | 0.8,,,MISSING_IN_JSON
Worms | aligned_timestamps | MeanImpute | 0.4,,0.98322934141343,EXTRA_IN_JSON
Wine | mcar | SPIRIT | 0.8,,,MISSING_IN_JSON
Strawberry | mcar | MeanImpute | 0.4,,1.0604141642712,EXTRA_IN_JSON
GunPointMaleVersusFemale | aligned_timestamps | MeanImpute | 0.8,,1.02975905674875,EXTRA_IN_JSON
OSULeaf | aligned_timestamps | SPIRIT | 0.2,,,MISSING_IN_JSON
Computers | mcar | SPIRIT | 0.2,,,MISSING_IN_JSON
FreezerSmallTrain | mcar | MeanImpute | 0.8,,0.984443749564008,EXTRA_IN_JSON
ToeSegmentation1 | aligned_series | SPIRIT | 0.8,,,MISSING_IN_JSON
SonyAIBORobotSurface1 | mcar | MeanImpute | 0.2,,1.10667502093092,EXTRA_IN_JSON
InlineSkate | aligned_timestamps | SPIRIT | 0.8,,,MISSING_IN_JSON
Adiac | aligned_series | SPIRIT | 0.6,,,MISSING_IN_JSON
SwedishLeaf | aligned_series | MeanImpute | 0.4,,0.677967273406734,EXTRA_IN_JSON
ShapeletSim | aligned_series | MeanImpute | 0.4,,0.994062584133307,EXTRA_IN_JSON
CBF | aligned_timestamps | MeanImpute | 0.2,,1.15822258241529,EXTRA_IN_JSON
EthanolLevel | aligned_series | SPIRIT | 0.6,,,MISSING_IN_JSON
Computers | aligned_series | SPIRIT | 0.6,,,MISSING_IN_JSON
ShapeletSim | aligned_timestamps | SPIRIT | 0.6,,,MISSING_IN_JSON
CricketX | aligned_timestamps | MeanImpute | 0.8,,1.04404185505569,EXTRA_IN_JSON
ToeSegmentation2 | aligned_series | SPIRIT | 0.2,,,MISSING_IN_JSON
Worms | aligned_series | MeanImpute | 0.1,,1.02173933246697,EXTRA_IN_JSON
SyntheticControl | aligned_series | MeanImpute | 0.1,,1.07281283217503,EXTRA_IN_JSON
WormsTwoClass | mcar | MeanImpute | 0.1,,0.991461637273283,EXTRA_IN_JSON
InsectEPGRegularTrain | aligned_series | SPIRIT | 0.6,,,MISSING_IN_JSON
LargeKitchenAppliances | mcar | MeanImpute | 0.6,,1.03651482298346,EXTRA_IN_JSON
Rock | aligned_timestamps | MeanImpute | 0.1,,1.35921200379058,EXTRA_IN_JSON
Ham | aligned_series | SPIRIT | 0.1,,,MISSING_IN_JSON
DistalPhalanxOutlineCorrect | mcar | MeanImpute | 0.4,,1.00598376726289,EXTRA_IN_JSON
EOGVerticalSignal | aligned_timestamps | SPIRIT | 0.8,,,MISSING_IN_JSON
OSULeaf | mcar | MeanImpute | 0.8,,0.983207277628603,EXTRA_IN_JSON
BirdChicken | aligned_timestamps | MeanImpute | 0.2,,0.774791284918949,EXTRA_IN_JSON
MedicalImages | mcar | MeanImpute | 0.2,,0.852791694328737,EXTRA_IN_JSON
Wine | aligned_timestamps | SPIRIT | 0.8,,,MISSING_IN_JSON
Trace | aligned_timestamps | MeanImpute | 0.8,,1.03309015301524,EXTRA_IN_JSON
SharePriceIncrease | mcar | MeanImpute | 0.6,,0.996600912958927,EXTRA_IN_JSON
SyntheticControl | mcar | SPIRIT | 0.4,,,MISSING_IN_JSON
TwoLeadECG | mcar | SPIRIT | 0.1,,,MISSING_IN_JSON
DistalPhalanxTW | aligned_timestamps | MeanImpute | 0.4,,0.975736326138183,EXTRA_IN_JSON
UMD | aligned_timestamps | SPIRIT | 0.8,,,MISSING_IN_JSON
Trace | mcar | MeanImpute | 0.6,,0.941702868594003,EXTRA_IN_JSON
ArrowHead | aligned_timestamps | MeanImpute | 0.1,,0.685075299696008,EXTRA_IN_JSON
GunPointOldVersusYoung | aligned_series | MeanImpute | 0.8,,0.901920140895374,EXTRA_IN_JSON
FreezerSmallTrain | aligned_series | MeanImpute | 0.4,,1.43030508833259,EXTRA_IN_JSON
CricketX | mcar | SPIRIT | 0.4,,,MISSING_IN_JSON
MedicalImages | mcar | SPIRIT | 0.1,,,MISSING_IN_JSON
Yoga | mcar | MeanImpute | 0.4,,0.997758522960078,EXTRA_IN_JSON
FreezerSmallTrain | aligned_timestamps | SPIRIT | 0.6,,,MISSING_IN_JSON
Strawberry | aligned_timestamps | MeanImpute | 0.2,,1.8053436768406,EXTRA_IN_JSON
EOGVerticalSignal | aligned_series | MeanImpute | 0.1,,0.654380534194644,EXTRA_IN_JSON
CBF | mcar | SPIRIT | 0.2,,,MISSING_IN_JSON
GunPointMaleVersusFemale | aligned_series | SPIRIT | 0.2,,,MISSING_IN_JSON
WormsTwoClass | aligned_timestamps | MeanImpute | 0.1,,1.14763578613554,EXTRA_IN_JSON
CinCECGTorso | mcar | MeanImpute | 0.6,,0.95778202136974,EXTRA_IN_JSON
Fish | aligned_timestamps | SPIRIT | 0.4,,,MISSING_IN_JSON
GunPointOldVersusYoung | aligned_timestamps | SPIRIT | 0.8,,,MISSING_IN_JSON
GunPoint | aligned_series | MeanImpute | 0.8,,1.01325816258741,EXTRA_IN_JSON
Lightning2 | mcar | MeanImpute | 0.8,,1.00268096957886,EXTRA_IN_JSON
RefrigerationDevices | aligned_timestamps | MeanImpute | 0.1,,0.990006215586185,EXTRA_IN_JSON
LargeKitchenAppliances | aligned_timestamps | MeanImpute | 0.8,,1.02217808029875,EXTRA_IN_JSON
Rock | aligned_series | MeanImpute | 0.6,,1.22487063082331,EXTRA_IN_JSON
SmallKitchenAppliances | aligned_series | MeanImpute | 0.4,,0.343224363902127,EXTRA_IN_JSON
ProximalPhalanxOutlineCorrect | aligned_series | SPIRIT | 0.6,,,MISSING_IN_JSON
ECGFiveDays | aligned_timestamps | MeanImpute | 0.6,,1.27431211435871,EXTRA_IN_JSON
DistalPhalanxOutlineCorrect | aligned_series | MeanImpute | 0.2,,1.00650473823125,EXTRA_IN_JSON
Wine | aligned_timestamps | MeanImpute | 0.1,,0.248984104678761,EXTRA_IN_JSON
ToeSegmentation1 | mcar | SPIRIT | 0.4,,,MISSING_IN_JSON
SemgHandGenderCh2 | aligned_series | SPIRIT | 0.2,,,MISSING_IN_JSON
Worms | aligned_timestamps | SPIRIT | 0.4,,,MISSING_IN_JSON
CinCECGTorso | aligned_series | SPIRIT | 0.8,,,MISSING_IN_JSON
SyntheticControl | aligned_timestamps | SPIRIT | 0.4,,,MISSING_IN_JSON
Lightning2 | aligned_series | MeanImpute | 0.2,,0.676839515511056,EXTRA_IN_JSON
Beef | aligned_series | SPIRIT | 0.8,,,MISSING_IN_JSON
Haptics | aligned_timestamps | MeanImpute | 0.8,,1.03971133058182,EXTRA_IN_JSON
SwedishLeaf | mcar | SPIRIT | 0.4,,,MISSING_IN_JSON
FacesUCR | aligned_series | SPIRIT | 0.4,,,MISSING_IN_JSON
PhalangesOutlinesCorrect | aligned_series | SPIRIT | 0.4,,,MISSING_IN_JSON
Adiac | mcar | MeanImpute | 0.2,,0.980581491253464,EXTRA_IN_JSON
Car | aligned_timestamps | SPIRIT | 0.4,,,MISSING_IN_JSON
Fish | mcar | SPIRIT | 0.1,,,MISSING_IN_JSON
FreezerRegularTrain | aligned_timestamps | SPIRIT | 0.1,,,MISSING_IN_JSON
SmallKitchenAppliances | aligned_timestamps | MeanImpute | 0.4,,1.01918292284039,EXTRA_IN_JSON
SemgHandMovementCh2 | aligned_series | MeanImpute | 0.8,,0.889333339514937,EXTRA_IN_JSON
ToeSegmentation2 | aligned_series | MeanImpute | 0.8,,0.889720032039013,EXTRA_IN_JSON
FaceFour | mcar | SPIRIT | 0.4,,,MISSING_IN_JSON
CricketX | aligned_series | SPIRIT | 0.2,,,MISSING_IN_JSON
TwoLeadECG | aligned_timestamps | MeanImpute | 0.4,,1.06379316068621,EXTRA_IN_JSON
GunPointMaleVersusFemale | mcar | MeanImpute | 0.1,,0.766399163819112,EXTRA_IN_JSON
ShapeletSim | aligned_series | SPIRIT | 0.4,,,MISSING_IN_JSON
UMD | aligned_timestamps | MeanImpute | 0.1,,0.957262027593958,EXTRA_IN_JSON
OSULeaf | aligned_series | SPIRIT | 0.8,,,MISSING_IN_JSON
ScreenType | mcar | MeanImpute | 0.4,,0.996711350392709,EXTRA_IN_JSON
Beef | aligned_timestamps | SPIRIT | 0.8,,,MISSING_IN_JSON
ArrowHead | aligned_series | MeanImpute | 0.6,,1.02638691859906,EXTRA_IN_JSON
MoteStrain | aligned_series | MeanImpute | 0.1,,0.469438225545506,EXTRA_IN_JSON
PhalangesOutlinesCorrect | mcar | SPIRIT | 0.8,,,MISSING_IN_JSON
WormsTwoClass | aligned_series | MeanImpute | 0.6,,0.981343470100878,EXTRA_IN_JSON
InlineSkate | aligned_series | MeanImpute | 0.6,,0.927921412633927,EXTRA_IN_JSON
RefrigerationDevices | mcar | SPIRIT | 0.1,,,MISSING_IN_JSON
BirdChicken | aligned_series | SPIRIT | 0.6,,,MISSING_IN_JSON
Fish | mcar | MeanImpute | 0.6,,0.961165042739205,EXTRA_IN_JSON
GunPointAgeSpan | mcar | MeanImpute | 0.2,,1.07545610218985,EXTRA_IN_JSON
Car | mcar | MeanImpute | 0.6,,1.0184428635204,EXTRA_IN_JSON
Meat | aligned_timestamps | MeanImpute | 0.6,,0.361855279230606,EXTRA_IN_JSON
Car | aligned_series | SPIRIT | 0.1,,,MISSING_IN_JSON
Strawberry | mcar | SPIRIT | 0.2,,,MISSING_IN_JSON
FreezerRegularTrain | aligned_series | SPIRIT | 0.8,,,MISSING_IN_JSON
Trace | aligned_series | MeanImpute | 0.1,,1.35957836562703,EXTRA_IN_JSON
ToeSegmentation1 | aligned_timestamps | SPIRIT | 0.4,,,MISSING_IN_JSON
Wine | mcar | MeanImpute | 0.2,,1.05341984019584,EXTRA_IN_JSON
TwoLeadECG | aligned_series | MeanImpute | 0.1,,0.294055420618522,EXTRA_IN_JSON
SemgHandGenderCh2 | aligned_timestamps | MeanImpute | 0.2,,0.837205915685291,EXTRA_IN_JSON
DistalPhalanxTW | mcar | SPIRIT | 0.2,,,MISSING_IN_JSON
Colposcopy | aligned_series | MeanImpute | 0.1,,1.17320017636571,EXTRA_IN_JSON
GunPointOldVersusYoung | mcar | MeanImpute | 0.4,,1.00388595691005,EXTRA_IN_JSON
GunPoint | mcar | SPIRIT | 0.8,,,MISSING_IN_JSON
PowerCons | aligned_timestamps | SPIRIT | 0.1,,,MISSING_IN_JSON
EthanolLevel | mcar | MeanImpute | 0.4,,1.0201167660132,EXTRA_IN_JSON
SwedishLeaf | aligned_series | SPIRIT | 0.2,,,MISSING_IN_JSON
Computers | mcar | MeanImpute | 0.4,,0.99947885868327,EXTRA_IN_JSON
Yoga | aligned_timestamps | SPIRIT | 0.1,,,MISSING_IN_JSON
DistalPhalanxOutlineAgeGroup | mcar | MeanImpute | 0.2,,1.03924637640996,EXTRA_IN_JSON
Earthquakes | aligned_series | SPIRIT | 0.8,,,MISSING_IN_JSON
FreezerSmallTrain | aligned_series | SPIRIT | 0.4,,,MISSING_IN_JSON
EOGHorizontalSignal | aligned_timestamps | MeanImpute | 0.1,,0.842226192863183,EXTRA_IN_JSON
SemgHandGenderCh2 | aligned_timestamps | SPIRIT | 0.1,,,MISSING_IN_JSON
Beef | aligned_series | MeanImpute | 0.1,,0.583372081221353,EXTRA_IN_JSON
FreezerSmallTrain | mcar | SPIRIT | 0.4,,,MISSING_IN_JSON
Colposcopy | mcar | SPIRIT | 0.4,,,MISSING_IN_JSON
TwoPatterns | mcar | SPIRIT | 0.6,,,MISSING_IN_JSON
UMD | aligned_series | MeanImpute | 0.6,,0.954621498070859,EXTRA_IN_JSON
SemgHandGenderCh2 | mcar | MeanImpute | 0.8,,1.01291067469362,EXTRA_IN_JSON
Herring | aligned_timestamps | MeanImpute | 0.6,,0.857056181769445,EXTRA_IN_JSON
PowerCons | aligned_timestamps | MeanImpute | 0.6,,0.899280896540068,EXTRA_IN_JSON
CricketX | mcar | MeanImpute | 0.8,,1.0089179416109,EXTRA_IN_JSON
Rock | mcar | SPIRIT | 0.6,,,MISSING_IN_JSON
Earthquakes | aligned_timestamps | SPIRIT | 0.8,,,MISSING_IN_JSON
DistalPhalanxOutlineCorrect | mcar | SPIRIT | 0.2,,,MISSING_IN_JSON
OliveOil | aligned_timestamps | MeanImpute | 0.6,,0.997831527063988,EXTRA_IN_JSON
SemgHandSubjectCh2 | mcar | MeanImpute | 0.1,,1.02925578152645,EXTRA_IN_JSON
Beef | aligned_timestamps | MeanImpute | 0.1,,0.420532783540347,EXTRA_IN_JSON
FreezerRegularTrain | aligned_series | MeanImpute | 0.1,,1.43702762734826,EXTRA_IN_JSON
SemgHandSubjectCh2 | aligned_timestamps | MeanImpute | 0.2,,0.848317588049232,EXTRA_IN_JSON
ScreenType | aligned_timestamps | SPIRIT | 0.1,,,MISSING_IN_JSON
MoteStrain | mcar | SPIRIT | 0.1,,,MISSING_IN_JSON
LargeKitchenAppliances | aligned_series | MeanImpute | 0.2,,0.688161487833202,EXTRA_IN_JSON
SemgHandMovementCh2 | mcar | MeanImpute | 0.4,,1.04160523661568,EXTRA_IN_JSON
MedicalImages | aligned_timestamps | MeanImpute | 0.6,,0.960895983854186,EXTRA_IN_JSON
Lightning7 | mcar | MeanImpute | 0.6,,0.933471233443491,EXTRA_IN_JSON
LargeKitchenAppliances | aligned_series | SPIRIT | 0.1,,,MISSING_IN_JSON
SmallKitchenAppliances | mcar | SPIRIT | 0.2,,,MISSING_IN_JSON
ProximalPhalanxOutlineAgeGroup | aligned_timestamps | MeanImpute | 0.6,,1.08363541235276,EXTRA_IN_JSON
Wafer | aligned_series | SPIRIT | 0.6,,,MISSING_IN_JSON
Earthquakes | aligned_series | MeanImpute | 0.1,,1.01223466963523,EXTRA_IN_JSON
TwoPatterns | aligned_timestamps | SPIRIT | 0.1,,,MISSING_IN_JSON
SyntheticControl | aligned_timestamps | MeanImpute | 0.8,,0.963182979914367,EXTRA_IN_JSON
Fish | aligned_series | SPIRIT | 0.6,,,MISSING_IN_JSON
BirdChicken | mcar | MeanImpute | 0.2,,0.866344177658084,EXTRA_IN_JSON
Trace | aligned_timestamps | SPIRIT | 0.4,,,MISSING_IN_JSON
ECGFiveDays | aligned_series | MeanImpute | 0.2,,0.185671381393933,EXTRA_IN_JSON
DistalPhalanxOutlineAgeGroup | aligned_timestamps | SPIRIT | 0.1,,,MISSING_IN_JSON
Worms | mcar | MeanImpute | 0.1,,0.984704524822284,EXTRA_IN_JSON
GunPoint | mcar | MeanImpute | 0.1,,0.844189233366096,EXTRA_IN_JSON
EOGHorizontalSignal | mcar | SPIRIT | 0.1,,,MISSING_IN_JSON
CinCECGTorso | aligned_timestamps | SPIRIT | 0.4,,,MISSING_IN_JSON
SwedishLeaf | mcar | MeanImpute | 0.8,,0.959634063965978,EXTRA_IN_JSON
GunPointMaleVersusFemale | aligned_series | MeanImpute | 0.6,,0.893323352324104,EXTRA_IN_JSON
SharePriceIncrease | aligned_series | SPIRIT | 0.1,,,MISSING_IN_JSON
GunPointOldVersusYoung | aligned_timestamps | MeanImpute | 0.2,,0.815767607936785,EXTRA_IN_JSON
MoteStrain | mcar | MeanImpute | 0.6,,0.979325619266838,EXTRA_IN_JSON
Ham | aligned_timestamps | SPIRIT | 0.8,,,MISSING_IN_JSON
FaceFour | aligned_series | MeanImpute | 0.4,,1.09440370788206,EXTRA_IN_JSON
Haptics | mcar | SPIRIT | 0.6,,,MISSING_IN_JSON
SonyAIBORobotSurface1 | aligned_series | SPIRIT | 0.6,,,MISSING_IN_JSON
Meat | aligned_series | MeanImpute | 0.4,,0.222062809964072,EXTRA_IN_JSON
FaceFour | aligned_timestamps | SPIRIT | 0.6,,,MISSING_IN_JSON
GunPoint | aligned_timestamps | MeanImpute | 0.2,,0.902574585912882,EXTRA_IN_JSON
OliveOil | mcar | SPIRIT | 0.6,,,MISSING_IN_JSON
PhalangesOutlinesCorrect | aligned_series | MeanImpute | 0.8,,1.19067843391595,EXTRA_IN_JSON
WormsTwoClass | aligned_series | SPIRIT | 0.4,,,MISSING_IN_JSON
CBF | aligned_series | SPIRIT | 0.8,,,MISSING_IN_JSON
Beef | mcar | SPIRIT | 0.1,,,MISSING_IN_JSON
EOGHorizontalSignal | mcar | MeanImpute | 0.6,,1.00887812304119,EXTRA_IN_JSON
Trace | aligned_series | SPIRIT | 0.1,,,MISSING_IN_JSON
Herring | mcar | MeanImpute | 0.4,,0.944484047846111,EXTRA_IN_JSON
CinCECGTorso | aligned_series | MeanImpute | 0.2,,0.154946305563398,EXTRA_IN_JSON
PowerCons | mcar | MeanImpute | 0.4,,1.03040288347587,EXTRA_IN_JSON
Lightning7 | aligned_timestamps | SPIRIT | 0.6,,,MISSING_IN_JSON
EthanolLevel | aligned_timestamps | SPIRIT | 0.1,,,MISSING_IN_JSON
Meat | mcar | MeanImpute | 0.8,,1.04169372178366,EXTRA_IN_JSON
SonyAIBORobotSurface1 | aligned_timestamps | SPIRIT | 0.6,,,MISSING_IN_JSON
InsectEPGRegularTrain | aligned_timestamps | SPIRIT | 0.1,,,MISSING_IN_JSON
SmallKitchenAppliances | aligned_timestamps | SPIRIT | 0.2,,,MISSING_IN_JSON
OSULeaf | aligned_timestamps | SPIRIT | 0.4,,,MISSING_IN_JSON
Computers | mcar | SPIRIT | 0.4,,,MISSING_IN_JSON
TwoLeadECG | aligned_timestamps | SPIRIT | 0.2,,,MISSING_IN_JSON
ToeSegmentation1 | aligned_timestamps | MeanImpute | 0.8,,0.993784477020072,EXTRA_IN_JSON
DistalPhalanxOutlineAgeGroup | mcar | SPIRIT | 0.2,,,MISSING_IN_JSON
Fish | aligned_timestamps | MeanImpute | 0.6,,0.8741011497433679,EXTRA_IN_JSON
EOGHorizontalSignal | aligned_series | SPIRIT | 0.8,,,MISSING_IN_JSON
UMD | mcar | SPIRIT | 0.6,,,MISSING_IN_JSON
TwoPatterns | mcar | MeanImpute | 0.2,,1.00283558638486,EXTRA_IN_JSON
SonyAIBORobotSurface1 | mcar | MeanImpute | 0.4,,1.05293330592109,EXTRA_IN_JSON
Rock | aligned_timestamps | SPIRIT | 0.8,,,MISSING_IN_JSON
ToeSegmentation2 | mcar | MeanImpute | 0.1,,0.933819139902859,EXTRA_IN_JSON
SemgHandMovementCh2 | aligned_timestamps | MeanImpute | 0.2,,0.840471336941901,EXTRA_IN_JSON
Computers | aligned_timestamps | MeanImpute | 0.6,,0.915730945109981,EXTRA_IN_JSON
SemgHandGenderCh2 | mcar | SPIRIT | 0.8,,,MISSING_IN_JSON
ToeSegmentation2 | aligned_timestamps | MeanImpute | 0.2,,0.850659799274648,EXTRA_IN_JSON
CBF | aligned_timestamps | MeanImpute | 0.4,,1.06588208119288,EXTRA_IN_JSON
InsectEPGRegularTrain | aligned_timestamps | MeanImpute | 0.6,,1.14151738500426,EXTRA_IN_JSON
FreezerRegularTrain | mcar | SPIRIT | 0.1,,,MISSING_IN_JSON
Earthquakes | mcar | MeanImpute | 0.2,,1.01368675061184,EXTRA_IN_JSON
ToeSegmentation2 | aligned_series | SPIRIT | 0.4,,,MISSING_IN_JSON
DistalPhalanxOutlineAgeGroup | aligned_series | SPIRIT | 0.6,,,MISSING_IN_JSON
Colposcopy | mcar | MeanImpute | 0.8,,0.947365360784833,EXTRA_IN_JSON
FacesUCR | mcar | SPIRIT | 0.1,,,MISSING_IN_JSON
Lightning7 | aligned_timestamps | MeanImpute | 0.8,,1.03943247359161,EXTRA_IN_JSON
Ham | aligned_timestamps | MeanImpute | 0.1,,0.50161065281199,EXTRA_IN_JSON
DistalPhalanxTW | mcar | MeanImpute | 0.6,,1.00933711911053,EXTRA_IN_JSON
Herring | aligned_series | MeanImpute | 0.2,,0.826770890475473,EXTRA_IN_JSON
ProximalPhalanxOutlineCorrect | mcar | MeanImpute | 0.6,,1.02589870498138,EXTRA_IN_JSON
SmallKitchenAppliances | mcar | MeanImpute | 0.8,,1.01485878633007,EXTRA_IN_JSON
PowerCons | aligned_series | MeanImpute | 0.2,,0.803752957299977,EXTRA_IN_JSON
GunPointOldVersusYoung | aligned_series | SPIRIT | 0.6,,,MISSING_IN_JSON
Haptics | aligned_series | SPIRIT | 0.1,,,MISSING_IN_JSON
BirdChicken | aligned_timestamps | MeanImpute | 0.4,,0.864183388100724,EXTRA_IN_JSON
Earthquakes | mcar | SPIRIT | 0.1,,,MISSING_IN_JSON
OliveOil | mcar | MeanImpute | 0.8,,1.01269773969403,EXTRA_IN_JSON
GunPointAgeSpan | aligned_timestamps | SPIRIT | 0.1,,,MISSING_IN_JSON
MedicalImages | mcar | MeanImpute | 0.4,,0.822975386717233,EXTRA_IN_JSON
Fish | aligned_series | MeanImpute | 0.2,,0.764509967239656,EXTRA_IN_JSON
InsectEPGRegularTrain | mcar | SPIRIT | 0.2,,,MISSING_IN_JSON
EOGVerticalSignal | aligned_series | SPIRIT | 0.8,,,MISSING_IN_JSON
Wafer | mcar | MeanImpute | 0.2,,0.982891224117609,EXTRA_IN_JSON
OliveOil | aligned_series | MeanImpute | 0.2,,0.299800329351254,EXTRA_IN_JSON
CBF | aligned_series | MeanImpute | 0.1,,1.11947354748522,EXTRA_IN_JSON
WormsTwoClass | aligned_timestamps | SPIRIT | 0.8,,,MISSING_IN_JSON
Strawberry | aligned_series | SPIRIT | 0.8,,,MISSING_IN_JSON
SemgHandSubjectCh2 | aligned_series | MeanImpute | 0.8,,0.889300616843929,EXTRA_IN_JSON
RefrigerationDevices | aligned_timestamps | SPIRIT | 0.8,,,MISSING_IN_JSON
MoteStrain | aligned_timestamps | MeanImpute | 0.8,,1.06688548424292,EXTRA_IN_JSON
ECGFiveDays | aligned_series | SPIRIT | 0.2,,,MISSING_IN_JSON
DistalPhalanxTW | aligned_series | SPIRIT | 0.8,,,MISSING_IN_JSON
Worms | mcar | SPIRIT | 0.1,,,MISSING_IN_JSON
SwedishLeaf | aligned_timestamps | SPIRIT | 0.6,,,MISSING_IN_JSON
ECGFiveDays | mcar | SPIRIT | 0.2,,,MISSING_IN_JSON
ProximalPhalanxOutlineCorrect | aligned_timestamps | SPIRIT | 0.1,,,MISSING_IN_JSON
SharePriceIncrease | aligned_timestamps | MeanImpute | 0.8,,0.967434746805966,EXTRA_IN_JSON
Haptics | aligned_series | MeanImpute | 0.6,,1.21362019163805,EXTRA_IN_JSON
SemgHandMovementCh2 | mcar | SPIRIT | 0.2,,,MISSING_IN_JSON
ProximalPhalanxOutlineAgeGroup | aligned_series | MeanImpute | 0.2,,1.12235520514953,EXTRA_IN_JSON
Strawberry | aligned_timestamps | MeanImpute | 0.4,,1.32444556613564,EXTRA_IN_JSON
CBF | mcar | SPIRIT | 0.4,,,MISSING_IN_JSON
GunPointMaleVersusFemale | aligned_series | SPIRIT | 0.4,,,MISSING_IN_JSON
Colposcopy | aligned_timestamps | MeanImpute | 0.8,,0.924815872850943,EXTRA_IN_JSON
MedicalImages | aligned_series | MeanImpute | 0.2,,1.4916377508467,EXTRA_IN_JSON
GunPoint | aligned_timestamps | SPIRIT | 0.2,,,MISSING_IN_JSON
SonyAIBORobotSurface1 | aligned_timestamps | MeanImpute | 0.2,,1.34272997966994,EXTRA_IN_JSON
BirdChicken | aligned_timestamps | SPIRIT | 0.1,,,MISSING_IN_JSON
Ham | aligned_series | MeanImpute | 0.6,,0.502580987769344,EXTRA_IN_JSON
GunPointMaleVersusFemale | mcar | SPIRIT | 0.8,,,MISSING_IN_JSON
DistalPhalanxOutlineCorrect | aligned_series | MeanImpute | 0.4,,1.04003597450354,EXTRA_IN_JSON
FaceFour | aligned_series | SPIRIT | 0.2,,,MISSING_IN_JSON
SemgHandGenderCh2 | aligned_series | SPIRIT | 0.4,,,MISSING_IN_JSON
UMD | mcar | MeanImpute | 0.2,,0.959435680692637,EXTRA_IN_JSON
GunPointAgeSpan | aligned_series | SPIRIT | 0.6,,,MISSING_IN_JSON
TwoLeadECG | mcar | MeanImpute | 0.6,,1.036886355006,EXTRA_IN_JSON
Lightning2 | aligned_series | MeanImpute | 0.4,,0.654006294454818,EXTRA_IN_JSON
Strawberry | aligned_series | MeanImpute | 0.1,,1.76327758420938,EXTRA_IN_JSON
ScreenType | aligned_series | MeanImpute | 0.2,,0.767543738520127,EXTRA_IN_JSON
ShapeletSim | mcar | MeanImpute | 0.2,,0.983463317357748,EXTRA_IN_JSON
Lightning2 | aligned_timestamps | SPIRIT | 0.6,,,MISSING_IN_JSON
DistalPhalanxTW | aligned_series | MeanImpute | 0.1,,1.00325949597717,EXTRA_IN_JSON
Adiac | mcar | MeanImpute | 0.4,,0.96377413876511,EXTRA_IN_JSON
Lightning7 | aligned_series | SPIRIT | 0.2,,,MISSING_IN_JSON
Herring | mcar | SPIRIT | 0.2,,,MISSING_IN_JSON
CricketX | aligned_series | SPIRIT | 0.4,,,MISSING_IN_JSON
OSULeaf | aligned_timestamps | MeanImpute | 0.8,,0.987831745777748,EXTRA_IN_JSON
ToeSegmentation1 | mcar | MeanImpute | 0.1,,0.906559380676497,EXTRA_IN_JSON
ToeSegmentation2 | aligned_timestamps | SPIRIT | 0.2,,,MISSING_IN_JSON
TwoLeadECG | aligned_series | SPIRIT | 0.8,,,MISSING_IN_JSON
FacesUCR | aligned_series | MeanImpute | 0.1,,0.559303461399392,EXTRA_IN_JSON
PowerCons | mcar | SPIRIT | 0.2,,,MISSING_IN_JSON
MoteStrain | aligned_series | SPIRIT | 0.2,,,MISSING_IN_JSON
EOGVerticalSignal | aligned_timestamps | MeanImpute | 0.1,,0.682375053857756,EXTRA_IN_JSON
Car | aligned_timestamps | MeanImpute | 0.1,,0.591148365408936,EXTRA_IN_JSON
GunPointAgeSpan | mcar | MeanImpute | 0.4,,1.01371727532349,EXTRA_IN_JSON
InsectEPGRegularTrain | mcar | MeanImpute | 0.8,,1.00618092759006,EXTRA_IN_JSON
Computers | aligned_series | MeanImpute | 0.2,,0.729686010822113,EXTRA_IN_JSON
FaceFour | mcar | MeanImpute | 0.1,,1.16735597258612,EXTRA_IN_JSON
Strawberry | mcar | SPIRIT | 0.4,,,MISSING_IN_JSON
GunPointMaleVersusFemale | aligned_timestamps | SPIRIT | 0.8,,,MISSING_IN_JSON
PhalangesOutlinesCorrect | aligned_timestamps | MeanImpute | 0.2,,1.00609822194915,EXTRA_IN_JSON
Wine | mcar | MeanImpute | 0.4,,1.05000052940857,EXTRA_IN_JSON
Adiac | aligned_series | MeanImpute | 0.2,,0.82285322694554,EXTRA_IN_JSON
CBF | aligned_timestamps | SPIRIT | 0.2,,,MISSING_IN_JSON
SemgHandGenderCh2 | aligned_timestamps | MeanImpute | 0.4,,1.14936501670508,EXTRA_IN_JSON
DistalPhalanxTW | mcar | SPIRIT | 0.4,,,MISSING_IN_JSON
CinCECGTorso | aligned_timestamps | MeanImpute | 0.6,,0.734086696157891,EXTRA_IN_JSON
ArrowHead | mcar | SPIRIT | 0.1,,,MISSING_IN_JSON
OliveOil | aligned_series | SPIRIT | 0.2,,,MISSING_IN_JSON
Worms | aligned_series | SPIRIT | 0.1,,,MISSING_IN_JSON
SwedishLeaf | aligned_timestamps | MeanImpute | 0.2,,0.662867241520195,EXTRA_IN_JSON
Colposcopy | aligned_series | SPIRIT | 0.2,,,MISSING_IN_JSON
SyntheticControl | aligned_series | SPIRIT | 0.1,,,MISSING_IN_JSON
ECGFiveDays | mcar | MeanImpute | 0.8,,0.903951966497649,EXTRA_IN_JSON
ShapeletSim | aligned_timestamps | MeanImpute | 0.2,,1.02887173659426,EXTRA_IN_JSON
SwedishLeaf | aligned_series | SPIRIT | 0.4,,,MISSING_IN_JSON
InsectEPGRegularTrain | aligned_series | MeanImpute | 0.2,,1.04418175769715,EXTRA_IN_JSON
LargeKitchenAppliances | mcar | SPIRIT | 0.6,,,MISSING_IN_JSON
DistalPhalanxOutlineAgeGroup | mcar | MeanImpute | 0.4,,1.00689704485821,EXTRA_IN_JSON
SemgHandSubjectCh2 | mcar | SPIRIT | 0.8,,,MISSING_IN_JSON
SharePriceIncrease | aligned_timestamps | SPIRIT | 0.8,,,MISSING_IN_JSON
EOGHorizontalSignal | aligned_timestamps | SPIRIT | 0.2,,,MISSING_IN_JSON
OSULeaf | mcar | SPIRIT | 0.8,,,MISSING_IN_JSON
WormsTwoClass | mcar | SPIRIT | 0.1,,,MISSING_IN_JSON
ArrowHead | mcar | MeanImpute | 0.6,,0.955418986640004,EXTRA_IN_JSON
SharePriceIncrease | mcar | SPIRIT | 0.6,,,MISSING_IN_JSON
FreezerRegularTrain | aligned_timestamps | MeanImpute | 0.6,,0.993124376627904,EXTRA_IN_JSON
InlineSkate | mcar | MeanImpute | 0.1,,1.11948371917802,EXTRA_IN_JSON
Ham | mcar | SPIRIT | 0.6,,,MISSING_IN_JSON
Wafer | aligned_timestamps | SPIRIT | 0.1,,,MISSING_IN_JSON
DistalPhalanxOutlineCorrect | mcar | SPIRIT | 0.4,,,MISSING_IN_JSON
EOGVerticalSignal | mcar | SPIRIT | 0.1,,,MISSING_IN_JSON
GunPointAgeSpan | aligned_series | MeanImpute | 0.2,,0.73639807642372,EXTRA_IN_JSON
Car | aligned_series | MeanImpute | 0.6,,0.851960571948312,EXTRA_IN_JSON
Wine | mcar | SPIRIT | 0.1,,,MISSING_IN_JSON
GunPointMaleVersusFemale | aligned_timestamps | MeanImpute | 0.1,,0.844075765288951,EXTRA_IN_JSON
SemgHandSubjectCh2 | aligned_timestamps | MeanImpute | 0.4,,1.15797870549431,EXTRA_IN_JSON
FreezerSmallTrain | mcar | MeanImpute | 0.1,,0.962804109044987,EXTRA_IN_JSON
ArrowHead | aligned_series | SPIRIT | 0.8,,,MISSING_IN_JSON
Trace | mcar | SPIRIT | 0.6,,,MISSING_IN_JSON
ToeSegmentation1 | aligned_series | SPIRIT | 0.1,,,MISSING_IN_JSON
RefrigerationDevices | mcar | MeanImpute | 0.6,,1.00003706348695,EXTRA_IN_JSON
FreezerSmallTrain | aligned_timestamps | MeanImpute | 0.2,,1.45564311741007,EXTRA_IN_JSON
InlineSkate | aligned_timestamps | MeanImpute | 0.2,,0.917626374598428,EXTRA_IN_JSON
LargeKitchenAppliances | aligned_series | MeanImpute | 0.4,,0.571005648966984,EXTRA_IN_JSON
CinCECGTorso | mcar | SPIRIT | 0.6,,,MISSING_IN_JSON
Lightning7 | aligned_timestamps | MeanImpute | 0.1,,0.943868447853533,EXTRA_IN_JSON
GunPoint | aligned_series | SPIRIT | 0.8,,,MISSING_IN_JSON
InlineSkate | aligned_timestamps | SPIRIT | 0.1,,,MISSING_IN_JSON
Wafer | aligned_timestamps | MeanImpute | 0.6,,1.03167254461475,EXTRA_IN_JSON
SmallKitchenAppliances | mcar | SPIRIT | 0.4,,,MISSING_IN_JSON
ShapeletSim | mcar | SPIRIT | 0.2,,,MISSING_IN_JSON
ProximalPhalanxOutlineCorrect | aligned_series | MeanImpute | 0.2,,1.11097325007192,EXTRA_IN_JSON
EOGVerticalSignal | mcar | MeanImpute | 0.6,,1.02154321605812,EXTRA_IN_JSON
BirdChicken | mcar | MeanImpute | 0.4,,0.965675728318645,EXTRA_IN_JSON
ECGFiveDays | aligned_series | MeanImpute | 0.4,,0.20482656308945,EXTRA_IN_JSON
Strawberry | aligned_timestamps | SPIRIT | 0.2,,,MISSING_IN_JSON
CricketX | aligned_timestamps | MeanImpute | 0.1,,1.17189984316869,EXTRA_IN_JSON
ECGFiveDays | aligned_timestamps | SPIRIT | 0.6,,,MISSING_IN_JSON
DistalPhalanxTW | aligned_timestamps | SPIRIT | 0.2,,,MISSING_IN_JSON
RefrigerationDevices | aligned_series | SPIRIT | 0.8,,,MISSING_IN_JSON
Lightning2 | mcar | SPIRIT | 0.8,,,MISSING_IN_JSON
GunPointOldVersusYoung | aligned_timestamps | MeanImpute | 0.4,,1.08113351274609,EXTRA_IN_JSON
ToeSegmentation1 | aligned_series | MeanImpute | 0.6,,1.04450893593908,EXTRA_IN_JSON
Lightning2 | aligned_series | SPIRIT | 0.2,,,MISSING_IN_JSON
Yoga | aligned_timestamps | MeanImpute | 0.6,,0.994149911541435,EXTRA_IN_JSON
SemgHandGenderCh2 | aligned_series | MeanImpute | 0.8,,0.875685933706885,EXTRA_IN_JSON
CricketX | aligned_series | MeanImpute | 0.8,,1.1769923208692,EXTRA_IN_JSON
LargeKitchenAppliances | aligned_timestamps | SPIRIT | 0.8,,,MISSING_IN_JSON
Meat | mcar | SPIRIT | 0.6,,,MISSING_IN_JSON
Rock | aligned_series | SPIRIT | 0.6,,,MISSING_IN_JSON
EOGVerticalSignal | aligned_timestamps | SPIRIT | 0.1,,,MISSING_IN_JSON
OSULeaf | mcar | MeanImpute | 0.1,,0.949133482969947,EXTRA_IN_JSON
DistalPhalanxOutlineCorrect | aligned_series | SPIRIT | 0.2,,,MISSING_IN_JSON
Wine | aligned_timestamps | SPIRIT | 0.1,,,MISSING_IN_JSON
Trace | aligned_timestamps | MeanImpute | 0.1,,1.35361966688411,EXTRA_IN_JSON
SemgHandMovementCh2 | aligned_series | SPIRIT | 0.8,,,MISSING_IN_JSON
GunPoint | aligned_timestamps | MeanImpute | 0.4,,0.961682716757132,EXTRA_IN_JSON
FacesUCR | aligned_timestamps | SPIRIT | 0.2,,,MISSING_IN_JSON
CinCECGTorso | aligned_series | MeanImpute | 0.4,,0.168895188687462,EXTRA_IN_JSON
Haptics | aligned_timestamps | SPIRIT | 0.8,,,MISSING_IN_JSON
PhalangesOutlinesCorrect | aligned_timestamps | SPIRIT | 0.2,,,MISSING_IN_JSON
UMD | aligned_timestamps | SPIRIT | 0.1,,,MISSING_IN_JSON
Adiac | mcar | SPIRIT | 0.2,,,MISSING_IN_JSON
Worms | aligned_timestamps | MeanImpute | 0.8,,0.926860805195553,EXTRA_IN_JSON
GunPointOldVersusYoung | aligned_series | MeanImpute | 0.1,,0.83824122724321,EXTRA_IN_JSON
SmallKitchenAppliances | aligned_timestamps | SPIRIT | 0.4,,,MISSING_IN_JSON
Strawberry | mcar | MeanImpute | 0.8,,1.02322817724905,EXTRA_IN_JSON
Lightning7 | aligned_series | MeanImpute | 0.6,,0.825312443629351,EXTRA_IN_JSON
TwoLeadECG | aligned_timestamps | SPIRIT | 0.4,,,MISSING_IN_JSON
SmallKitchenAppliances | aligned_series | SPIRIT | 0.2,,,MISSING_IN_JSON
CBF | mcar | MeanImpute | 0.6,,0.994540757129931,EXTRA_IN_JSON
DistalPhalanxOutlineAgeGroup | mcar | SPIRIT | 0.4,,,MISSING_IN_JSON
TwoPatterns | mcar | MeanImpute | 0.4,,1.012811978229,EXTRA_IN_JSON
ScreenType | aligned_timestamps | MeanImpute | 0.6,,0.917056013700643,EXTRA_IN_JSON
BirdChicken | aligned_series | MeanImpute | 0.2,,0.774791284918949,EXTRA_IN_JSON
GunPointOldVersusYoung | aligned_timestamps | SPIRIT | 0.1,,,MISSING_IN_JSON
GunPoint | aligned_series | MeanImpute | 0.1,,0.728938239294244,EXTRA_IN_JSON
Lightning2 | mcar | MeanImpute | 0.1,,1.07948233577246,EXTRA_IN_JSON
SwedishLeaf | aligned_series | MeanImpute | 0.8,,0.705040198682141,EXTRA_IN_JSON
SemgHandMovementCh2 | aligned_timestamps | MeanImpute | 0.4,,1.18000446629714,EXTRA_IN_JSON
ShapeletSim | aligned_series | MeanImpute | 0.8,,1.0002077954809,EXTRA_IN_JSON
InlineSkate | aligned_series | SPIRIT | 0.6,,,MISSING_IN_JSON
ToeSegmentation2 | aligned_timestamps | MeanImpute | 0.4,,1.03644510964748,EXTRA_IN_JSON
TwoPatterns | aligned_timestamps | MeanImpute | 0.6,,0.961728583143817,EXTRA_IN_JSON
GunPointAgeSpan | mcar | SPIRIT | 0.2,,,MISSING_IN_JSON
Car | mcar | SPIRIT | 0.6,,,MISSING_IN_JSON
DistalPhalanxOutlineAgeGroup | aligned_timestamps | MeanImpute | 0.6,,1.04914691529057,EXTRA_IN_JSON
Meat | aligned_timestamps | SPIRIT | 0.6,,,MISSING_IN_JSON
LargeKitchenAppliances | aligned_timestamps | MeanImpute | 0.1,,0.887991904099676,EXTRA_IN_JSON
Yoga | mcar | SPIRIT | 0.6,,,MISSING_IN_JSON
Earthquakes | mcar | MeanImpute | 0.4,,1.00827153758612,EXTRA_IN_JSON
ProximalPhalanxOutlineAgeGroup | mcar | SPIRIT | 0.6,,,MISSING_IN_JSON
SharePriceIncrease | aligned_series | MeanImpute | 0.6,,1.00529494473173,EXTRA_IN_JSON
CinCECGTorso | aligned_series | SPIRIT | 0.1,,,MISSING_IN_JSON
Wine | aligned_series | SPIRIT | 0.6,,,MISSING_IN_JSON
MoteStrain | aligned_timestamps | SPIRIT | 0.6,,,MISSING_IN_JSON
Beef | aligned_series | SPIRIT | 0.1,0.531156715700044,,MISSING_IN_JSON
Haptics | aligned_timestamps | MeanImpute | 0.1,,1.10560812102927,EXTRA_IN_JSON
Herring | aligned_series | MeanImpute | 0.4,,0.83020667060403,EXTRA_IN_JSON
Rock | mcar | MeanImpute | 0.2,,0.886668178859863,EXTRA_IN_JSON
PowerCons | aligned_series | MeanImpute | 0.4,,0.814086909043206,EXTRA_IN_JSON
DistalPhalanxOutlineCorrect | mcar | MeanImpute | 0.8,,1.01527799129013,EXTRA_IN_JSON
Herring | aligned_timestamps | SPIRIT | 0.6,,,MISSING_IN_JSON
Fish | aligned_series | MeanImpute | 0.4,,0.778018358156991,EXTRA_IN_JSON
InsectEPGRegularTrain | mcar | SPIRIT | 0.4,,,MISSING_IN_JSON
SemgHandMovementCh2 | aligned_series | MeanImpute | 0.1,,0.852509205776899,EXTRA_IN_JSON
Wafer | mcar | MeanImpute | 0.4,,0.991007680320835,EXTRA_IN_JSON
OliveOil | aligned_series | MeanImpute | 0.4,,0.306037732417786,EXTRA_IN_JSON
ToeSegmentation2 | aligned_series | MeanImpute | 0.1,,0.833400654850065,EXTRA_IN_JSON
Adiac | aligned_timestamps | MeanImpute | 0.6,,0.936426681791518,EXTRA_IN_JSON
SyntheticControl | mcar | SPIRIT | 0.8,,,MISSING_IN_JSON
Beef | mcar | MeanImpute | 0.6,,0.873582641140984,EXTRA_IN_JSON
DistalPhalanxTW | aligned_timestamps | MeanImpute | 0.8,,1.01273479970244,EXTRA_IN_JSON
OliveOil | aligned_timestamps | SPIRIT | 0.6,,,MISSING_IN_JSON
OSULeaf | aligned_series | SPIRIT | 0.1,,,MISSING_IN_JSON
Colposcopy | aligned_timestamps | SPIRIT | 0.6,,,MISSING_IN_JSON
EthanolLevel | aligned_timestamps | MeanImpute | 0.6,,0.818602189303189,EXTRA_IN_JSON
Beef | aligned_timestamps | SPIRIT | 0.1,,,MISSING_IN_JSON
ECGFiveDays | aligned_series | SPIRIT | 0.4,,,MISSING_IN_JSON
UMD | aligned_series | SPIRIT | 0.6,,,MISSING_IN_JSON
GunPointOldVersusYoung | mcar | SPIRIT | 0.2,,,MISSING_IN_JSON
ScreenType | mcar | SPIRIT | 0.6,,,MISSING_IN_JSON
SemgHandSubjectCh2 | aligned_timestamps | SPIRIT | 0.2,,,MISSING_IN_JSON
PhalangesOutlinesCorrect | mcar | SPIRIT | 0.1,,,MISSING_IN_JSON
ECGFiveDays | mcar | SPIRIT | 0.4,,,MISSING_IN_JSON
FreezerSmallTrain | aligned_series | MeanImpute | 0.8,,1.46722572426179,EXTRA_IN_JSON
CricketX | mcar | SPIRIT | 0.8,,,MISSING_IN_JSON
Yoga | mcar | MeanImpute | 0.8,,0.986594139844961,EXTRA_IN_JSON
SemgHandMovementCh2 | mcar | SPIRIT | 0.4,,,MISSING_IN_JSON
ProximalPhalanxOutlineAgeGroup | aligned_series | MeanImpute | 0.4,,1.14722438226044,EXTRA_IN_JSON
FreezerRegularTrain | mcar | MeanImpute | 0.6,,0.910320927436038,EXTRA_IN_JSON
Fish | aligned_timestamps | SPIRIT | 0.8,,,MISSING_IN_JSON
FreezerRegularTrain | aligned_series | SPIRIT | 0.1,,,MISSING_IN_JSON
ProximalPhalanxOutlineAgeGroup | aligned_timestamps | SPIRIT | 0.6,,,MISSING_IN_JSON
OSULeaf | aligned_series | MeanImpute | 0.6,,0.975003064900662,EXTRA_IN_JSON
MedicalImages | aligned_series | MeanImpute | 0.4,,1.45096462802728,EXTRA_IN_JSON
BirdChicken | mcar | SPIRIT | 0.2,,,MISSING_IN_JSON
FacesUCR | mcar | MeanImpute | 0.6,,0.97221373916062,EXTRA_IN_JSON
Wafer | aligned_series | MeanImpute | 0.2,,1.2360440335601,EXTRA_IN_JSON
GunPoint | mcar | SPIRIT | 0.1,,,MISSING_IN_JSON
SonyAIBORobotSurface1 | aligned_timestamps | MeanImpute | 0.4,,1.00920268450217,EXTRA_IN_JSON
Haptics | mcar | MeanImpute | 0.2,,0.908266242144152,EXTRA_IN_JSON
PhalangesOutlinesCorrect | mcar | MeanImpute | 0.6,,1.02398946287082,EXTRA_IN_JSON
MedicalImages | aligned_timestamps | SPIRIT | 0.6,,,MISSING_IN_JSON
Lightning7 | mcar | SPIRIT | 0.6,,,MISSING_IN_JSON
SonyAIBORobotSurface1 | aligned_series | MeanImpute | 0.2,,1.34272997966994,EXTRA_IN_JSON
Yoga | aligned_series | MeanImpute | 0.2,,0.706258857080877,EXTRA_IN_JSON
FaceFour | aligned_timestamps | MeanImpute | 0.2,,1.12077905133059,EXTRA_IN_JSON
SmallKitchenAppliances | aligned_series | MeanImpute | 0.8,,0.340895377250998,EXTRA_IN_JSON
GunPointAgeSpan | aligned_timestamps | MeanImpute | 0.6,,1.0896799274724,EXTRA_IN_JSON
ToeSegmentation1 | mcar | SPIRIT | 0.8,,,MISSING_IN_JSON
FaceFour | aligned_series | SPIRIT | 0.4,,,MISSING_IN_JSON
Earthquakes | aligned_series | SPIRIT | 0.1,,,MISSING_IN_JSON
Worms | aligned_timestamps | SPIRIT | 0.8,,,MISSING_IN_JSON
UMD | mcar | MeanImpute | 0.4,,1.1065782331137,EXTRA_IN_JSON
SyntheticControl | aligned_timestamps | SPIRIT | 0.8,,,MISSING_IN_JSON
ArrowHead | aligned_timestamps | SPIRIT | 0.2,,,MISSING_IN_JSON
ScreenType | aligned_series | MeanImpute | 0.4,,0.733824941162575,EXTRA_IN_JSON
SwedishLeaf | mcar | SPIRIT | 0.8,,,MISSING_IN_JSON
FacesUCR | aligned_series | SPIRIT | 0.8,,,MISSING_IN_JSON
ShapeletSim | mcar | MeanImpute | 0.4,,1.00709241452861,EXTRA_IN_JSON
PhalangesOutlinesCorrect | aligned_series | SPIRIT | 0.8,,,MISSING_IN_JSON
Lightning7 | aligned_series | SPIRIT | 0.4,,,MISSING_IN_JSON
SemgHandGenderCh2 | mcar | MeanImpute | 0.1,,1.01392840108854,EXTRA_IN_JSON
Car | aligned_timestamps | SPIRIT | 0.8,,,MISSING_IN_JSON
EthanolLevel | mcar | SPIRIT | 0.6,,,MISSING_IN_JSON
RefrigerationDevices | aligned_series | MeanImpute | 0.2,,1.02864066088975,EXTRA_IN_JSON
Herring | mcar | SPIRIT | 0.4,,,MISSING_IN_JSON
CricketX | mcar | MeanImpute | 0.1,,0.97789337260514,EXTRA_IN_JSON
ProximalPhalanxOutlineCorrect | aligned_timestamps | MeanImpute | 0.6,,1.08507217494393,EXTRA_IN_JSON
SmallKitchenAppliances | aligned_timestamps | MeanImpute | 0.8,,1.02540989488784,EXTRA_IN_JSON
FaceFour | mcar | SPIRIT | 0.8,,,MISSING_IN_JSON
TwoLeadECG | aligned_timestamps | MeanImpute | 0.8,,1.08822376932749,EXTRA_IN_JSON
Earthquakes | aligned_timestamps | SPIRIT | 0.1,,,MISSING_IN_JSON
ShapeletSim | aligned_series | SPIRIT | 0.8,,,MISSING_IN_JSON
ProximalPhalanxOutlineAgeGroup | mcar | MeanImpute | 0.2,,0.968940003808003,EXTRA_IN_JSON
ToeSegmentation2 | aligned_timestamps | SPIRIT | 0.4,,,MISSING_IN_JSON
ScreenType | mcar | MeanImpute | 0.8,,1.01367129766089,EXTRA_IN_JSON
Wine | aligned_series | MeanImpute | 0.2,,0.618938219375268,EXTRA_IN_JSON
PowerCons | mcar | SPIRIT | 0.4,,,MISSING_IN_JSON
MoteStrain | aligned_series | SPIRIT | 0.4,,,MISSING_IN_JSON
FacesUCR | aligned_timestamps | MeanImpute | 0.6,,0.700462171649968,EXTRA_IN_JSON
Computers | aligned_series | MeanImpute | 0.4,,0.675525610916887,EXTRA_IN_JSON
TwoPatterns | aligned_series | MeanImpute | 0.2,,0.839816718201032,EXTRA_IN_JSON
Earthquakes | aligned_timestamps | MeanImpute | 0.6,,0.995162298695198,EXTRA_IN_JSON
DistalPhalanxOutlineCorrect | aligned_timestamps | SPIRIT | 0.6,,,MISSING_IN_JSON
DistalPhalanxOutlineAgeGroup | aligned_series | MeanImpute | 0.2,,1.02426134930368,EXTRA_IN_JSON
Meat | aligned_series | SPIRIT | 0.2,,,MISSING_IN_JSON
SemgHandMovementCh2 | aligned_timestamps | SPIRIT | 0.2,,,MISSING_IN_JSON
Computers | aligned_timestamps | SPIRIT | 0.6,,,MISSING_IN_JSON
ToeSegmentation1 | aligned_timestamps | SPIRIT | 0.8,,,MISSING_IN_JSON
PhalangesOutlinesCorrect | aligned_timestamps | MeanImpute | 0.4,,0.976305231600268,EXTRA_IN_JSON
Adiac | aligned_series | MeanImpute | 0.4,,0.831327015236885,EXTRA_IN_JSON
CBF | aligned_timestamps | SPIRIT | 0.4,,,MISSING_IN_JSON
SyntheticControl | aligned_timestamps | MeanImpute | 0.1,,1.14270409493135,EXTRA_IN_JSON
GunPointOldVersusYoung | mcar | MeanImpute | 0.8,,0.998280880324266,EXTRA_IN_JSON
OliveOil | aligned_series | SPIRIT | 0.4,,,MISSING_IN_JSON
Adiac | aligned_timestamps | SPIRIT | 0.6,,,MISSING_IN_JSON
SwedishLeaf | aligned_timestamps | MeanImpute | 0.4,,0.842269707963533,EXTRA_IN_JSON
Colposcopy | aligned_series | SPIRIT | 0.4,,,MISSING_IN_JSON
SwedishLeaf | mcar | MeanImpute | 0.1,,0.974341739009717,EXTRA_IN_JSON
ShapeletSim | aligned_timestamps | MeanImpute | 0.4,,1.03130233468412,EXTRA_IN_JSON
EthanolLevel | mcar | MeanImpute | 0.8,,1.00638350716725,EXTRA_IN_JSON
Computers | mcar | MeanImpute | 0.8,,1.00325958498456,EXTRA_IN_JSON
InsectEPGRegularTrain | aligned_series | MeanImpute | 0.4,,1.17726520195964,EXTRA_IN_JSON
Ham | aligned_timestamps | SPIRIT | 0.1,,,MISSING_IN_JSON
FreezerSmallTrain | aligned_series | SPIRIT | 0.8,,,MISSING_IN_JSON
Herring | aligned_series | SPIRIT | 0.2,,,MISSING_IN_JSON
EOGHorizontalSignal | aligned_timestamps | SPIRIT | 0.4,,,MISSING_IN_JSON
FreezerSmallTrain | mcar | SPIRIT | 0.8,,,MISSING_IN_JSON
Colposcopy | mcar | SPIRIT | 0.8,,,MISSING_IN_JSON
PhalangesOutlinesCorrect | aligned_series | MeanImpute | 0.1,,0.989315049504197,EXTRA_IN_JSON
CBF | aligned_series | SPIRIT | 0.1,,,MISSING_IN_JSON
EthanolLevel | aligned_series | MeanImpute | 0.2,,0.895879725095665,EXTRA_IN_JSON
SonyAIBORobotSurface1 | mcar | SPIRIT | 0.2,,,MISSING_IN_JSON
SemgHandSubjectCh2 | aligned_series | SPIRIT | 0.8,,,MISSING_IN_JSON
ProximalPhalanxOutlineCorrect | mcar | SPIRIT | 0.6,,,MISSING_IN_JSON
InlineSkate | mcar | SPIRIT | 0.2,,,MISSING_IN_JSON
PowerCons | aligned_series | SPIRIT | 0.2,,,MISSING_IN_JSON
Meat | mcar | MeanImpute | 0.1,,1.34476426806425,EXTRA_IN_JSON
GunPointAgeSpan | aligned_series | MeanImpute | 0.4,,0.819884526543721,EXTRA_IN_JSON
Wafer | mcar | SPIRIT | 0.2,,,MISSING_IN_JSON
Yoga | aligned_series | SPIRIT | 0.2,,,MISSING_IN_JSON
ToeSegmentation1 | aligned_timestamps | MeanImpute | 0.1,,0.86842341635039,EXTRA_IN_JSON
EOGHorizontalSignal | aligned_series | MeanImpute | 0.2,,0.856992755845265,EXTRA_IN_JSON
SyntheticControl | mcar | MeanImpute | 0.2,,1.01461419861004,EXTRA_IN_JSON
ProximalPhalanxOutlineAgeGroup | aligned_series | SPIRIT | 0.2,,,MISSING_IN_JSON
EOGHorizontalSignal | aligned_series | SPIRIT | 0.1,,,MISSING_IN_JSON
FreezerSmallTrain | aligned_timestamps | MeanImpute | 0.4,,1.13527768461546,EXTRA_IN_JSON
InlineSkate | aligned_timestamps | MeanImpute | 0.4,,0.796456526364173,EXTRA_IN_JSON
SemgHandMovementCh2 | mcar | MeanImpute | 0.8,,1.01208924300841,EXTRA_IN_JSON
Rock | aligned_timestamps | SPIRIT | 0.1,,,MISSING_IN_JSON
ShapeletSim | mcar | SPIRIT | 0.4,,,MISSING_IN_JSON
MedicalImages | aligned_series | SPIRIT | 0.2,,,MISSING_IN_JSON
ProximalPhalanxOutlineCorrect | aligned_series | MeanImpute | 0.4,,1.13972226453498,EXTRA_IN_JSON
SemgHandGenderCh2 | mcar | SPIRIT | 0.1,,,MISSING_IN_JSON
Trace | aligned_timestamps | SPIRIT | 0.8,,,MISSING_IN_JSON
Strawberry | aligned_timestamps | SPIRIT | 0.4,,,MISSING_IN_JSON
Worms | aligned_series | MeanImpute | 0.6,,0.982579945919474,EXTRA_IN_JSON
CinCECGTorso | aligned_timestamps | SPIRIT | 0.8,,,MISSING_IN_JSON
SyntheticControl | aligned_series | MeanImpute | 0.6,,1.17089890253781,EXTRA_IN_JSON
WormsTwoClass | mcar | MeanImpute | 0.6,,1.0001367090213,EXTRA_IN_JSON
CricketX | aligned_timestamps | SPIRIT | 0.2,,,MISSING_IN_JSON
DistalPhalanxTW | aligned_timestamps | SPIRIT | 0.4,,,MISSING_IN_JSON
Colposcopy | mcar | MeanImpute | 0.1,,1.00955561734305,EXTRA_IN_JSON
Lightning2 | aligned_timestamps | MeanImpute | 0.2,,0.676839515511056,EXTRA_IN_JSON
Lightning2 | aligned_series | SPIRIT | 0.4,,,MISSING_IN_JSON
FaceFour | aligned_series | MeanImpute | 0.8,,0.96135678380043,EXTRA_IN_JSON
Rock | aligned_timestamps | MeanImpute | 0.6,,0.928089665375552,EXTRA_IN_JSON
ScreenType | aligned_series | SPIRIT | 0.2,,,MISSING_IN_JSON
SmallKitchenAppliances | mcar | MeanImpute | 0.1,,0.878552534438104,EXTRA_IN_JSON
Ham | aligned_series | SPIRIT | 0.6,,,MISSING_IN_JSON
Meat | aligned_series | MeanImpute | 0.8,,0.24202425130982,EXTRA_IN_JSON
OliveOil | mcar | MeanImpute | 0.1,,1.04135196132078,EXTRA_IN_JSON
DistalPhalanxOutlineCorrect | aligned_series | SPIRIT | 0.4,,,MISSING_IN_JSON
EOGVerticalSignal | aligned_series | SPIRIT | 0.1,,,MISSING_IN_JSON
WormsTwoClass | aligned_series | SPIRIT | 0.8,,,MISSING_IN_JSON
TwoPatterns | aligned_series | SPIRIT | 0.2,,,MISSING_IN_JSON
WormsTwoClass | aligned_timestamps | SPIRIT | 0.1,,,MISSING_IN_JSON
FacesUCR | aligned_timestamps | SPIRIT | 0.4,,,MISSING_IN_JSON
TwoLeadECG | mcar | SPIRIT | 0.6,,,MISSING_IN_JSON
Herring | mcar | MeanImpute | 0.8,,0.97081014300259,EXTRA_IN_JSON
Strawberry | aligned_series | SPIRIT | 0.1,,,MISSING_IN_JSON
PowerCons | mcar | MeanImpute | 0.8,,1.01373859444286,EXTRA_IN_JSON
PhalangesOutlinesCorrect | aligned_timestamps | SPIRIT | 0.4,,,MISSING_IN_JSON
ArrowHead | aligned_timestamps | MeanImpute | 0.6,,0.839179343936916,EXTRA_IN_JSON
SemgHandSubjectCh2 | aligned_series | MeanImpute | 0.1,,0.848026737175505,EXTRA_IN_JSON
RefrigerationDevices | aligned_timestamps | SPIRIT | 0.1,,,MISSING_IN_JSON
MoteStrain | aligned_timestamps | MeanImpute | 0.1,,0.851894177039006,EXTRA_IN_JSON
DistalPhalanxTW | aligned_series | SPIRIT | 0.1,,,MISSING_IN_JSON
Adiac | mcar | SPIRIT | 0.4,,,MISSING_IN_JSON
SharePriceIncrease | aligned_timestamps | MeanImpute | 0.1,,1.04515281972425,EXTRA_IN_JSON
MedicalImages | mcar | SPIRIT | 0.6,,,MISSING_IN_JSON
OSULeaf | aligned_timestamps | SPIRIT | 0.8,,,MISSING_IN_JSON
Computers | mcar | SPIRIT | 0.8,,,MISSING_IN_JSON
SmallKitchenAppliances | aligned_series | SPIRIT | 0.4,,,MISSING_IN_JSON
EOGVerticalSignal | aligned_series | MeanImpute | 0.6,,0.768102239085913,EXTRA_IN_JSON
BirdChicken | aligned_series | MeanImpute | 0.4,,0.754337511449558,EXTRA_IN_JSON
WormsTwoClass | aligned_timestamps | MeanImpute | 0.6,,0.977579378581827,EXTRA_IN_JSON
Colposcopy | aligned_timestamps | MeanImpute | 0.1,,1.21283462918268,EXTRA_IN_JSON
SonyAIBORobotSurface1 | mcar | MeanImpute | 0.8,,0.923519537800475,EXTRA_IN_JSON
Adiac | aligned_series | SPIRIT | 0.2,,,MISSING_IN_JSON
RefrigerationDevices | aligned_timestamps | MeanImpute | 0.6,,1.00586776134852,EXTRA_IN_JSON
CBF | aligned_timestamps | MeanImpute | 0.8,,1.0205038118934,EXTRA_IN_JSON
EthanolLevel | aligned_series | SPIRIT | 0.2,,,MISSING_IN_JSON
GunPointAgeSpan | mcar | SPIRIT | 0.4,,,MISSING_IN_JSON
Computers | aligned_series | SPIRIT | 0.2,,,MISSING_IN_JSON
ShapeletSim | aligned_timestamps | SPIRIT | 0.2,,,MISSING_IN_JSON
ToeSegmentation2 | aligned_series | SPIRIT | 0.8,,,MISSING_IN_JSON
InsectEPGRegularTrain | aligned_series | SPIRIT | 0.2,,,MISSING_IN_JSON
GunPointMaleVersusFemale | mcar | SPIRIT | 0.1,,,MISSING_IN_JSON
Wine | aligned_timestamps | MeanImpute | 0.6,,0.512496962319898,EXTRA_IN_JSON
LargeKitchenAppliances | mcar | MeanImpute | 0.2,,0.937714803031554,EXTRA_IN_JSON
Ham | mcar | MeanImpute | 0.2,,0.930581786223881,EXTRA_IN_JSON
Rock | mcar | MeanImpute | 0.4,,0.931563284696195,EXTRA_IN_JSON
BirdChicken | aligned_timestamps | MeanImpute | 0.8,,1.00004653940177,EXTRA_IN_JSON
Fish | mcar | SPIRIT | 0.6,,,MISSING_IN_JSON
FreezerRegularTrain | aligned_timestamps | SPIRIT | 0.6,,,MISSING_IN_JSON
MedicalImages | mcar | MeanImpute | 0.8,,0.852868213344846,EXTRA_IN_JSON
SharePriceIncrease | mcar | MeanImpute | 0.2,,0.953695307744322,EXTRA_IN_JSON
OSULeaf | aligned_timestamps | MeanImpute | 0.1,,0.964961393955286,EXTRA_IN_JSON
GunPointMaleVersusFemale | mcar | MeanImpute | 0.6,,1.00555129438519,EXTRA_IN_JSON
Trace | mcar | MeanImpute | 0.2,,0.919586253101913,EXTRA_IN_JSON
UMD | aligned_timestamps | MeanImpute | 0.6,,1.16646278270369,EXTRA_IN_JSON
TwoLeadECG | aligned_series | SPIRIT | 0.1,,,MISSING_IN_JSON
ToeSegmentation2 | mcar | SPIRIT | 0.2,,,MISSING_IN_JSON
GunPointOldVersusYoung | mcar | SPIRIT | 0.4,,,MISSING_IN_JSON
MoteStrain | aligned_series | MeanImpute | 0.6,,0.732139187474998,EXTRA_IN_JSON
SemgHandSubjectCh2 | aligned_timestamps | SPIRIT | 0.4,,,MISSING_IN_JSON
RefrigerationDevices | mcar | SPIRIT | 0.6,,,MISSING_IN_JSON
FreezerSmallTrain | aligned_timestamps | SPIRIT | 0.2,,,MISSING_IN_JSON
InsectEPGRegularTrain | mcar | MeanImpute | 0.1,,0.967243539142008,EXTRA_IN_JSON
Strawberry | aligned_timestamps | MeanImpute | 0.8,,1.04556676046753,EXTRA_IN_JSON
CBF | mcar | SPIRIT | 0.8,,,MISSING_IN_JSON
GunPointMaleVersusFemale | aligned_series | SPIRIT | 0.8,,,MISSING_IN_JSON
Car | aligned_series | SPIRIT | 0.6,,,MISSING_IN_JSON
GunPointMaleVersusFemale | aligned_timestamps | SPIRIT | 0.1,,,MISSING_IN_JSON
Trace | aligned_series | MeanImpute | 0.6,,1.46199048169919,EXTRA_IN_JSON
TwoLeadECG | aligned_series | MeanImpute | 0.6,,0.247786564267276,EXTRA_IN_JSON
BirdChicken | mcar | SPIRIT | 0.4,,,MISSING_IN_JSON
Colposcopy | aligned_series | MeanImpute | 0.6,,1.13565461290204,EXTRA_IN_JSON
Wafer | aligned_series | MeanImpute | 0.4,,1.26571885187422,EXTRA_IN_JSON
Haptics | mcar | MeanImpute | 0.4,,0.946754571123045,EXTRA_IN_JSON
ECGFiveDays | mcar | MeanImpute | 0.1,,1.63020122803843,EXTRA_IN_JSON
PowerCons | aligned_timestamps | SPIRIT | 0.6,,,MISSING_IN_JSON
SonyAIBORobotSurface1 | aligned_series | MeanImpute | 0.4,,1.33648400712549,EXTRA_IN_JSON
Yoga | aligned_series | MeanImpute | 0.4,,0.698336093208809,EXTRA_IN_JSON
FaceFour | aligned_timestamps | MeanImpute | 0.4,,0.850109157767439,EXTRA_IN_JSON
SemgHandSubjectCh2 | aligned_series | SPIRIT | 0.1,,,MISSING_IN_JSON
Rock | aligned_series | MeanImpute | 0.2,,1.17354904557191,EXTRA_IN_JSON
ECGFiveDays | aligned_timestamps | MeanImpute | 0.2,,0.185671381393933,EXTRA_IN_JSON
DistalPhalanxOutlineCorrect | aligned_series | MeanImpute | 0.8,,1.11699317644806,EXTRA_IN_JSON
Yoga | aligned_timestamps | SPIRIT | 0.6,,,MISSING_IN_JSON
SemgHandSubjectCh2 | mcar | SPIRIT | 0.1,,,MISSING_IN_JSON
SemgHandGenderCh2 | aligned_series | SPIRIT | 0.8,,,MISSING_IN_JSON
EOGHorizontalSignal | aligned_timestamps | MeanImpute | 0.6,,1.15494630046024,EXTRA_IN_JSON
ArrowHead | aligned_timestamps | SPIRIT | 0.4,,,MISSING_IN_JSON
Lightning2 | aligned_series | MeanImpute | 0.8,,0.717108187521754,EXTRA_IN_JSON
SharePriceIncrease | aligned_timestamps | SPIRIT | 0.1,,,MISSING_IN_JSON
SemgHandGenderCh2 | aligned_timestamps | SPIRIT | 0.6,,,MISSING_IN_JSON
Beef | aligned_series | MeanImpute | 0.6,,0.660817051657502,EXTRA_IN_JSON
OSULeaf | mcar | SPIRIT | 0.1,,,MISSING_IN_JSON
GunPoint | aligned_timestamps | SPIRIT | 0.4,,,MISSING_IN_JSON
Adiac | mcar | MeanImpute | 0.8,,0.964607532815121,EXTRA_IN_JSON
CricketX | aligned_series | SPIRIT | 0.8,,,MISSING_IN_JSON
ProximalPhalanxOutlineAgeGroup | mcar | MeanImpute | 0.4,,0.987021784825752,EXTRA_IN_JSON
SemgHandSubjectCh2 | mcar | MeanImpute | 0.6,,1.02032407267221,EXTRA_IN_JSON
Beef | aligned_timestamps | MeanImpute | 0.6,,0.527738149575053,EXTRA_IN_JSON
FreezerRegularTrain | aligned_series | MeanImpute | 0.6,,1.39597263814847,EXTRA_IN_JSON
Wine | aligned_series | MeanImpute | 0.4,,0.618953499787368,EXTRA_IN_JSON
ArrowHead | aligned_series | MeanImpute | 0.2,,1.03362852599302,EXTRA_IN_JSON
WormsTwoClass | aligned_series | MeanImpute | 0.2,,1.0761627225051,EXTRA_IN_JSON
ArrowHead | aligned_series | SPIRIT | 0.1,,,MISSING_IN_JSON
InlineSkate | aligned_series | MeanImpute | 0.2,,0.917626374598428,EXTRA_IN_JSON
ScreenType | aligned_timestamps | SPIRIT | 0.6,,,MISSING_IN_JSON
BirdChicken | aligned_series | SPIRIT | 0.2,,,MISSING_IN_JSON
Fish | mcar | MeanImpute | 0.2,,0.969866471127338,EXTRA_IN_JSON
MoteStrain | mcar | SPIRIT | 0.6,,,MISSING_IN_JSON
GunPointAgeSpan | mcar | MeanImpute | 0.8,,1.01095455552661,EXTRA_IN_JSON
Car | mcar | MeanImpute | 0.2,,1.06879764165058,EXTRA_IN_JSON
GunPoint | aligned_series | SPIRIT | 0.1,,,MISSING_IN_JSON
Meat | aligned_timestamps | MeanImpute | 0.2,,0.207407653727823,EXTRA_IN_JSON
LargeKitchenAppliances | aligned_series | SPIRIT | 0.6,,,MISSING_IN_JSON
TwoPatterns | aligned_series | MeanImpute | 0.4,,0.833657004014481,EXTRA_IN_JSON
Strawberry | mcar | SPIRIT | 0.8,,,MISSING_IN_JSON
DistalPhalanxOutlineAgeGroup | aligned_series | MeanImpute | 0.4,,1.05315879482161,EXTRA_IN_JSON
Meat | aligned_series | SPIRIT | 0.4,,,MISSING_IN_JSON
SemgHandMovementCh2 | aligned_timestamps | SPIRIT | 0.4,,,MISSING_IN_JSON
Wine | mcar | MeanImpute | 0.8,,1.00306650612899,EXTRA_IN_JSON
Earthquakes | aligned_series | MeanImpute | 0.6,,1.01395087205927,EXTRA_IN_JSON
TwoPatterns | aligned_timestamps | SPIRIT | 0.6,,,MISSING_IN_JSON
SemgHandGenderCh2 | aligned_timestamps | MeanImpute | 0.8,,1.04489058873802,EXTRA_IN_JSON
DistalPhalanxTW | mcar | SPIRIT | 0.8,,,MISSING_IN_JSON
DistalPhalanxOutlineAgeGroup | aligned_timestamps | SPIRIT | 0.6,,,MISSING_IN_JSON
Worms | mcar | MeanImpute | 0.6,,0.992782989560248,EXTRA_IN_JSON
GunPoint | mcar | MeanImpute | 0.6,,0.987236714718811,EXTRA_IN_JSON
EOGHorizontalSignal | mcar | SPIRIT | 0.6,,,MISSING_IN_JSON
RefrigerationDevices | aligned_series | SPIRIT | 0.1,,,MISSING_IN_JSON
SharePriceIncrease | aligned_series | SPIRIT | 0.6,,,MISSING_IN_JSON
Lightning2 | mcar | SPIRIT | 0.1,,,MISSING_IN_JSON
SwedishLeaf | aligned_series | SPIRIT | 0.8,,,MISSING_IN_JSON
DistalPhalanxOutlineAgeGroup | mcar | MeanImpute | 0.8,,1.01454754415428,EXTRA_IN_JSON
SemgHandGenderCh2 | aligned_series | MeanImpute | 0.1,,0.842961029562009,EXTRA_IN_JSON
Herring | aligned_series | SPIRIT | 0.4,,,MISSING_IN_JSON
CricketX | aligned_series | MeanImpute | 0.1,,1.16784237381745,EXTRA_IN_JSON
LargeKitchenAppliances | aligned_timestamps | SPIRIT | 0.1,,,MISSING_IN_JSON
SemgHandMovementCh2 | aligned_series | SPIRIT | 0.1,,,MISSING_IN_JSON
TwoPatterns | mcar | SPIRIT | 0.2,,,MISSING_IN_JSON
UMD | aligned_series | MeanImpute | 0.2,,0.992668111508995,EXTRA_IN_JSON
Herring | aligned_timestamps | MeanImpute | 0.2,,0.826770890475473,EXTRA_IN_JSON
Beef | mcar | SPIRIT | 0.6,,,MISSING_IN_JSON
EthanolLevel | aligned_series | MeanImpute | 0.4,,0.936305300974267,EXTRA_IN_JSON
PowerCons | aligned_timestamps | MeanImpute | 0.2,,0.803752957299977,EXTRA_IN_JSON
Trace | aligned_series | SPIRIT | 0.6,,,MISSING_IN_JSON
SonyAIBORobotSurface1 | mcar | SPIRIT | 0.4,,,MISSING_IN_JSON
Haptics | aligned_timestamps | SPIRIT | 0.1,,,MISSING_IN_JSON
Rock | mcar | SPIRIT | 0.2,,,MISSING_IN_JSON
InlineSkate | mcar | SPIRIT | 0.4,,,MISSING_IN_JSON
PowerCons | aligned_series | SPIRIT | 0.4,,,MISSING_IN_JSON
EthanolLevel | aligned_timestamps | SPIRIT | 0.6,,,MISSING_IN_JSON
DistalPhalanxOutlineCorrect | mcar | SPIRIT | 0.8,,,MISSING_IN_JSON
OliveOil | aligned_timestamps | MeanImpute | 0.2,,0.299800329351254,EXTRA_IN_JSON
Worms | aligned_timestamps | MeanImpute | 0.1,,1.14538753725581,EXTRA_IN_JSON
InsectEPGRegularTrain | aligned_timestamps | SPIRIT | 0.6,,,MISSING_IN_JSON
Strawberry | mcar | MeanImpute | 0.1,,0.989204892108265,EXTRA_IN_JSON
Wafer | mcar | SPIRIT | 0.4,,,MISSING_IN_JSON
Yoga | aligned_series | SPIRIT | 0.4,,,MISSING_IN_JSON
SemgHandSubjectCh2 | aligned_timestamps | MeanImpute | 0.8,,1.04520296056357,EXTRA_IN_JSON
EOGHorizontalSignal | aligned_series | MeanImpute | 0.4,,0.881625411740079,EXTRA_IN_JSON
SyntheticControl | mcar | MeanImpute | 0.4,,0.976082390648862,EXTRA_IN_JSON
ProximalPhalanxOutlineAgeGroup | aligned_series | SPIRIT | 0.4,,,MISSING_IN_JSON
LargeKitchenAppliances | aligned_series | MeanImpute | 0.8,,0.511827956279296,EXTRA_IN_JSON
MedicalImages | aligned_timestamps | MeanImpute | 0.2,,1.4916377508467,EXTRA_IN_JSON
Lightning7 | mcar | MeanImpute | 0.2,,0.980676319418025,EXTRA_IN_JSON
ToeSegmentation2 | mcar | MeanImpute | 0.6,,1.01366231524258,EXTRA_IN_JSON
SwedishLeaf | aligned_series | MeanImpute | 0.1,,0.665331337988239,EXTRA_IN_JSON
SmallKitchenAppliances | mcar | SPIRIT | 0.8,,,MISSING_IN_JSON
MedicalImages | aligned_series | SPIRIT | 0.4,,,MISSING_IN_JSON
ProximalPhalanxOutlineAgeGroup | aligned_timestamps | MeanImpute | 0.2,,1.12235520514953,EXTRA_IN_JSON
ShapeletSim | aligned_series | MeanImpute | 0.1,,1.02811970025525,EXTRA_IN_JSON
Wafer | aligned_series | SPIRIT | 0.2,,,MISSING_IN_JSON
Fish | aligned_series | SPIRIT | 0.2,,,MISSING_IN_JSON
BirdChicken | mcar | MeanImpute | 0.8,,1.00224536577148,EXTRA_IN_JSON
ECGFiveDays | aligned_series | MeanImpute | 0.8,,0.207293945915359,EXTRA_IN_JSON
FreezerRegularTrain | mcar | SPIRIT | 0.6,,,MISSING_IN_JSON
CricketX | aligned_timestamps | SPIRIT | 0.4,,,MISSING_IN_JSON
GunPointMaleVersusFemale | aligned_series | MeanImpute | 0.2,,0.946629606788841,EXTRA_IN_JSON
Lightning2 | aligned_timestamps | MeanImpute | 0.4,,0.828595089041387,EXTRA_IN_JSON
GunPointOldVersusYoung | aligned_timestamps | MeanImpute | 0.8,,1.01696068691202,EXTRA_IN_JSON
MoteStrain | mcar | MeanImpute | 0.2,,0.942304372260157,EXTRA_IN_JSON
FacesUCR | mcar | SPIRIT | 0.6,,,MISSING_IN_JSON
Ham | aligned_timestamps | MeanImpute | 0.6,,0.857278107425099,EXTRA_IN_JSON
Haptics | mcar | SPIRIT | 0.2,,,MISSING_IN_JSON
ScreenType | aligned_series | SPIRIT | 0.4,,,MISSING_IN_JSON
SonyAIBORobotSurface1 | aligned_series | SPIRIT | 0.2,,,MISSING_IN_JSON
FaceFour | aligned_timestamps | SPIRIT | 0.2,,,MISSING_IN_JSON
DistalPhalanxOutlineCorrect | mcar | MeanImpute | 0.1,,0.991623490775634,EXTRA_IN_JSON
Haptics | aligned_series | SPIRIT | 0.6,,,MISSING_IN_JSON
Earthquakes | mcar | SPIRIT | 0.6,,,MISSING_IN_JSON
GunPointAgeSpan | aligned_timestamps | SPIRIT | 0.6,,,MISSING_IN_JSON
GunPoint | aligned_timestamps | MeanImpute | 0.8,,1.03010993717095,EXTRA_IN_JSON
OliveOil | mcar | SPIRIT | 0.2,,,MISSING_IN_JSON
CBF | aligned_series | MeanImpute | 0.6,,1.12780319477157,EXTRA_IN_JSON
SyntheticControl | mcar | SPIRIT | 0.1,,,MISSING_IN_JSON
TwoPatterns | aligned_series | SPIRIT | 0.4,,,MISSING_IN_JSON
EOGHorizontalSignal | mcar | MeanImpute | 0.2,,1.02804926712883,EXTRA_IN_JSON
CinCECGTorso | aligned_series | MeanImpute | 0.8,,0.238242298425453,EXTRA_IN_JSON
DistalPhalanxTW | aligned_timestamps | MeanImpute | 0.1,,1.0139487208074,EXTRA_IN_JSON
Lightning7 | aligned_timestamps | SPIRIT | 0.2,,,MISSING_IN_JSON
Worms | mcar | SPIRIT | 0.6,,,MISSING_IN_JSON
SonyAIBORobotSurface1 | aligned_timestamps | SPIRIT | 0.2,,,MISSING_IN_JSON
FreezerSmallTrain | aligned_series | MeanImpute | 0.1,,1.41428779813663,EXTRA_IN_JSON
CricketX | mcar | SPIRIT | 0.1,,,MISSING_IN_JSON
ProximalPhalanxOutlineCorrect | aligned_timestamps | SPIRIT | 0.6,,,MISSING_IN_JSON
SmallKitchenAppliances | aligned_timestamps | SPIRIT | 0.8,,,MISSING_IN_JSON
DistalPhalanxOutlineCorrect | aligned_timestamps | MeanImpute | 0.2,,1.00650473823125,EXTRA_IN_JSON
TwoLeadECG | aligned_timestamps | SPIRIT | 0.8,,,MISSING_IN_JSON
Yoga | mcar | MeanImpute | 0.1,,1.04718263615775,EXTRA_IN_JSON
DistalPhalanxOutlineAgeGroup | mcar | SPIRIT | 0.8,,,MISSING_IN_JSON
Fish | aligned_timestamps | MeanImpute | 0.2,,0.764509967239656,EXTRA_IN_JSON
SemgHandGenderCh2 | aligned_series | SPIRIT | 0.1,,,MISSING_IN_JSON
UMD | mcar | SPIRIT | 0.2,,,MISSING_IN_JSON
TwoPatterns | mcar | MeanImpute | 0.8,,1.01887346811701,EXTRA_IN_JSON
Fish | aligned_timestamps | SPIRIT | 0.1,,,MISSING_IN_JSON
Adiac | aligned_series | SPIRIT | 0.4,,,MISSING_IN_JSON
SemgHandMovementCh2 | aligned_timestamps | MeanImpute | 0.8,,1.04491839734535,EXTRA_IN_JSON
Computers | aligned_timestamps | MeanImpute | 0.2,,0.729686010822113,EXTRA_IN_JSON
ToeSegmentation2 | aligned_timestamps | MeanImpute | 0.8,,1.02422069122938,EXTRA_IN_JSON
EthanolLevel | aligned_series | SPIRIT | 0.4,,,MISSING_IN_JSON
InsectEPGRegularTrain | aligned_timestamps | MeanImpute | 0.2,,1.04418175769715,EXTRA_IN_JSON
BirdChicken | aligned_timestamps | SPIRIT | 0.6,,,MISSING_IN_JSON
Computers | aligned_series | SPIRIT | 0.4,,,MISSING_IN_JSON
ShapeletSim | aligned_timestamps | SPIRIT | 0.4,,,MISSING_IN_JSON
Earthquakes | mcar | MeanImpute | 0.8,,0.999100696171901,EXTRA_IN_JSON
InsectEPGRegularTrain | aligned_series | SPIRIT | 0.4,,,MISSING_IN_JSON
SmallKitchenAppliances | aligned_series | MeanImpute | 0.1,,0.299009336159193,EXTRA_IN_JSON
DistalPhalanxOutlineAgeGroup | aligned_series | SPIRIT | 0.2,,,MISSING_IN_JSON
CinCECGTorso | mcar | MeanImpute | 0.2,,1.02787263121441,EXTRA_IN_JSON
ToeSegmentation1 | mcar | SPIRIT | 0.1,,,MISSING_IN_JSON
Worms | aligned_timestamps | SPIRIT | 0.1,,,MISSING_IN_JSON
SyntheticControl | aligned_timestamps | SPIRIT | 0.1,,,MISSING_IN_JSON
LargeKitchenAppliances | mcar | MeanImpute | 0.4,,1.08179025663671,EXTRA_IN_JSON
Strawberry | aligned_series | MeanImpute | 0.6,,1.96621474105923,EXTRA_IN_JSON
DistalPhalanxTW | mcar | MeanImpute | 0.2,,0.954393914099658,EXTRA_IN_JSON
Ham | mcar | MeanImpute | 0.4,,0.988722901554902,EXTRA_IN_JSON
SwedishLeaf | mcar | SPIRIT | 0.1,,,MISSING_IN_JSON
Herring | aligned_series | MeanImpute | 0.8,,0.897700637434887,EXTRA_IN_JSON
FacesUCR | aligned_series | SPIRIT | 0.1,,,MISSING_IN_JSON
ProximalPhalanxOutlineCorrect | mcar | MeanImpute | 0.2,,1.05263258733461,EXTRA_IN_JSON
PowerCons | aligned_series | MeanImpute | 0.8,,0.913275130703795,EXTRA_IN_JSON
GunPointOldVersusYoung | aligned_series | SPIRIT | 0.2,,,MISSING_IN_JSON
DistalPhalanxTW | aligned_series | MeanImpute | 0.6,,1.09831631223567,EXTRA_IN_JSON
PhalangesOutlinesCorrect | aligned_series | SPIRIT | 0.1,,,MISSING_IN_JSON
Car | aligned_timestamps | SPIRIT | 0.1,,,MISSING_IN_JSON
Fish | aligned_series | MeanImpute | 0.8,,0.800425319877802,EXTRA_IN_JSON
InsectEPGRegularTrain | mcar | SPIRIT | 0.8,,,MISSING_IN_JSON
SmallKitchenAppliances | aligned_timestamps | MeanImpute | 0.1,,0.235077752700196,EXTRA_IN_JSON
Wafer | mcar | MeanImpute | 0.8,,0.989573653477448,EXTRA_IN_JSON
SharePriceIncrease | mcar | MeanImpute | 0.4,,1.00007747370165,EXTRA_IN_JSON
OliveOil | aligned_series | MeanImpute | 0.8,,0.319403183322242,EXTRA_IN_JSON
FaceFour | mcar | SPIRIT | 0.1,,,MISSING_IN_JSON
TwoLeadECG | aligned_timestamps | MeanImpute | 0.1,,0.311035260023831,EXTRA_IN_JSON
ShapeletSim | aligned_series | SPIRIT | 0.1,,,MISSING_IN_JSON
Trace | mcar | MeanImpute | 0.4,,0.939389060611753,EXTRA_IN_JSON
ToeSegmentation1 | mcar | MeanImpute | 0.6,,0.93145613208812,EXTRA_IN_JSON
ScreenType | mcar | MeanImpute | 0.1,,1.02245289466346,EXTRA_IN_JSON
ECGFiveDays | aligned_series | SPIRIT | 0.8,,,MISSING_IN_JSON
ToeSegmentation2 | mcar | SPIRIT | 0.4,,,MISSING_IN_JSON
SwedishLeaf | aligned_timestamps | SPIRIT | 0.2,,,MISSING_IN_JSON
ECGFiveDays | mcar | SPIRIT | 0.8,,,MISSING_IN_JSON
FacesUCR | aligned_series | MeanImpute | 0.6,,0.58799853755446,EXTRA_IN_JSON
Haptics | aligned_series | MeanImpute | 0.2,,1.13557821551393,EXTRA_IN_JSON
EOGVerticalSignal | aligned_timestamps | MeanImpute | 0.6,,1.16083403701674,EXTRA_IN_JSON
FreezerSmallTrain | aligned_timestamps | SPIRIT | 0.4,,,MISSING_IN_JSON
Car | aligned_timestamps | MeanImpute | 0.6,,0.89615130449769,EXTRA_IN_JSON
SemgHandMovementCh2 | mcar | SPIRIT | 0.8,,,MISSING_IN_JSON
ProximalPhalanxOutlineAgeGroup | aligned_series | MeanImpute | 0.8,,1.22833618237284,EXTRA_IN_JSON
FaceFour | mcar | MeanImpute | 0.6,,0.955245833634641,EXTRA_IN_JSON
CinCECGTorso | mcar | MeanImpute | 0.4,,1.0352697774779,EXTRA_IN_JSON
ToeSegmentation1 | aligned_timestamps | SPIRIT | 0.1,,,MISSING_IN_JSON
MedicalImages | aligned_series | MeanImpute | 0.8,,1.496084095487,EXTRA_IN_JSON
ArrowHead | mcar | SPIRIT | 0.6,,,MISSING_IN_JSON
GunPointOldVersusYoung | mcar | MeanImpute | 0.1,,0.942683247720796,EXTRA_IN_JSON
SonyAIBORobotSurface1 | aligned_timestamps | MeanImpute | 0.8,,0.997078151862397,EXTRA_IN_JSON
Worms | aligned_series | SPIRIT | 0.6,,,MISSING_IN_JSON
SyntheticControl | aligned_series | SPIRIT | 0.6,,,MISSING_IN_JSON
Ham | aligned_series | MeanImpute | 0.2,,0.475891199535567,EXTRA_IN_JSON
EthanolLevel | mcar | MeanImpute | 0.1,,1.02586848244022,EXTRA_IN_JSON
Computers | mcar | MeanImpute | 0.1,,0.975791982565803,EXTRA_IN_JSON
Rock | aligned_series | MeanImpute | 0.4,,1.15920366580642,EXTRA_IN_JSON
ECGFiveDays | aligned_timestamps | MeanImpute | 0.4,,1.37294360499855,EXTRA_IN_JSON
FaceFour | aligned_series | SPIRIT | 0.8,,,MISSING_IN_JSON
FreezerSmallTrain | aligned_series | SPIRIT | 0.1,,,MISSING_IN_JSON
GunPointAgeSpan | aligned_series | SPIRIT | 0.2,,,MISSING_IN_JSON
TwoLeadECG | mcar | MeanImpute | 0.2,,1.18319393161828,EXTRA_IN_JSON
FreezerSmallTrain | mcar | SPIRIT | 0.1,,,MISSING_IN_JSON
WormsTwoClass | mcar | SPIRIT | 0.6,,,MISSING_IN_JSON
ScreenType | aligned_series | MeanImpute | 0.8,,0.789638049929323,EXTRA_IN_JSON
Colposcopy | mcar | SPIRIT | 0.1,,,MISSING_IN_JSON
ShapeletSim | mcar | MeanImpute | 0.8,,0.995793750612347,EXTRA_IN_JSON
Lightning2 | aligned_timestamps | SPIRIT | 0.2,,,MISSING_IN_JSON
Lightning7 | aligned_series | SPIRIT | 0.8,,,MISSING_IN_JSON
Herring | mcar | SPIRIT | 0.8,,,MISSING_IN_JSON
InlineSkate | mcar | MeanImpute | 0.6,,1.02465510171687,EXTRA_IN_JSON
Wafer | aligned_timestamps | SPIRIT | 0.6,,,MISSING_IN_JSON
ProximalPhalanxOutlineCorrect | aligned_series | SPIRIT | 0.2,,,MISSING_IN_JSON
EOGVerticalSignal | mcar | SPIRIT | 0.6,,,MISSING_IN_JSON
ToeSegmentation2 | aligned_timestamps | SPIRIT | 0.8,,,MISSING_IN_JSON
Wine | mcar | SPIRIT | 0.6,,,MISSING_IN_JSON
GunPointMaleVersusFemale | aligned_timestamps | MeanImpute | 0.6,,1.11636103252588,EXTRA_IN_JSON
ArrowHead | aligned_series | MeanImpute | 0.4,,1.03096468918768,EXTRA_IN_JSON
FreezerSmallTrain | mcar | MeanImpute | 0.6,,1.03284643757521,EXTRA_IN_JSON
WormsTwoClass | aligned_series | MeanImpute | 0.4,,1.01091483318205,EXTRA_IN_JSON
PowerCons | mcar | SPIRIT | 0.8,,,MISSING_IN_JSON
MoteStrain | aligned_series | SPIRIT | 0.8,,,MISSING_IN_JSON
ToeSegmentation1 | aligned_series | SPIRIT | 0.6,,,MISSING_IN_JSON
InlineSkate | aligned_series | MeanImpute | 0.4,,0.950704324155531,EXTRA_IN_JSON
BirdChicken | aligned_series | SPIRIT | 0.4,,,MISSING_IN_JSON
Fish | mcar | MeanImpute | 0.4,,0.982540705052608,EXTRA_IN_JSON
RefrigerationDevices | aligned_series | MeanImpute | 0.4,,1.00852036645326,EXTRA_IN_JSON
Lightning7 | aligned_timestamps | MeanImpute | 0.6,,0.795551440622406,EXTRA_IN_JSON
SemgHandMovementCh2 | mcar | MeanImpute | 0.1,,1.07618323891803,EXTRA_IN_JSON
Car | mcar | MeanImpute | 0.4,,1.02305497354789,EXTRA_IN_JSON
Meat | aligned_timestamps | MeanImpute | 0.4,,0.218443480766081,EXTRA_IN_JSON
Computers | aligned_series | MeanImpute | 0.8,,0.705085836293673,EXTRA_IN_JSON
InlineSkate | aligned_timestamps | SPIRIT | 0.6,,,MISSING_IN_JSON
PhalangesOutlinesCorrect | aligned_timestamps | MeanImpute | 0.8,,1.00987430544318,EXTRA_IN_JSON
Adiac | aligned_series | MeanImpute | 0.8,,0.850473832501241,EXTRA_IN_JSON
CBF | aligned_timestamps | SPIRIT | 0.8,,,MISSING_IN_JSON
Trace | aligned_timestamps | SPIRIT | 0.1,,,MISSING_IN_JSON
CinCECGTorso | aligned_timestamps | MeanImpute | 0.2,,0.154946305563398,EXTRA_IN_JSON
OliveOil | aligned_series | SPIRIT | 0.8,,,MISSING_IN_JSON
CricketX | aligned_timestamps | MeanImpute | 0.6,,1.13062954054884,EXTRA_IN_JSON
SwedishLeaf | aligned_timestamps | MeanImpute | 0.8,,0.985913491174734,EXTRA_IN_JSON
Colposcopy | aligned_series | SPIRIT | 0.8,,,MISSING_IN_JSON
CinCECGTorso | aligned_timestamps | SPIRIT | 0.1,,,MISSING_IN_JSON
ShapeletSim | aligned_timestamps | MeanImpute | 0.8,,1.01118962456255,EXTRA_IN_JSON
InsectEPGRegularTrain | aligned_series | MeanImpute | 0.8,,1.1591316822541,EXTRA_IN_JSON
LargeKitchenAppliances | mcar | SPIRIT | 0.2,,,MISSING_IN_JSON
FaceFour | aligned_series | MeanImpute | 0.1,,1.03079563433236,EXTRA_IN_JSON
Meat | aligned_series | MeanImpute | 0.1,,0.206132555930431,EXTRA_IN_JSON
EOGHorizontalSignal | aligned_timestamps | SPIRIT | 0.8,,,MISSING_IN_JSON
EOGVerticalSignal | aligned_timestamps | SPIRIT | 0.6,,,MISSING_IN_JSON
OSULeaf | mcar | MeanImpute | 0.6,,0.975241894587053,EXTRA_IN_JSON
Wine | aligned_timestamps | SPIRIT | 0.6,,,MISSING_IN_JSON
Trace | aligned_timestamps | MeanImpute | 0.6,,1.1508268239126,EXTRA_IN_JSON
WormsTwoClass | aligned_series | SPIRIT | 0.1,,,MISSING_IN_JSON
TwoPatterns | mcar | SPIRIT | 0.4,,,MISSING_IN_JSON
ArrowHead | mcar | MeanImpute | 0.2,,0.98485209437957,EXTRA_IN_JSON
UMD | aligned_series | MeanImpute | 0.4,,0.909096819880244,EXTRA_IN_JSON
SharePriceIncrease | mcar | SPIRIT | 0.2,,,MISSING_IN_JSON
Herring | aligned_timestamps | MeanImpute | 0.4,,0.789177357381153,EXTRA_IN_JSON
FreezerRegularTrain | aligned_timestamps | MeanImpute | 0.2,,1.42509255802369,EXTRA_IN_JSON
PowerCons | aligned_timestamps | MeanImpute | 0.4,,0.893065413935939,EXTRA_IN_JSON
Herring | mcar | MeanImpute | 0.1,,0.931836470310809,EXTRA_IN_JSON
Ham | mcar | SPIRIT | 0.2,,,MISSING_IN_JSON
PowerCons | mcar | MeanImpute | 0.1,,1.14315585853741,EXTRA_IN_JSON
UMD | aligned_timestamps | SPIRIT | 0.6,,,MISSING_IN_JSON
Rock | mcar | SPIRIT | 0.4,,,MISSING_IN_JSON
OliveOil | aligned_timestamps | MeanImpute | 0.4,,1.17856310189732,EXTRA_IN_JSON
GunPointOldVersusYoung | aligned_series | MeanImpute | 0.6,,0.875051276671125,EXTRA_IN_JSON
GunPointAgeSpan | aligned_series | MeanImpute | 0.8,,0.926251333477338,EXTRA_IN_JSON
Car | aligned_series | MeanImpute | 0.2,,0.836301748172376,EXTRA_IN_JSON
OSULeaf | aligned_timestamps | SPIRIT | 0.1,,,MISSING_IN_JSON
Computers | mcar | SPIRIT | 0.1,,,MISSING_IN_JSON
Trace | mcar | SPIRIT | 0.2,,,MISSING_IN_JSON
RefrigerationDevices | mcar | MeanImpute | 0.2,,0.993194995654464,EXTRA_IN_JSON
FreezerSmallTrain | aligned_timestamps | MeanImpute | 0.8,,0.937478556906607,EXTRA_IN_JSON
InlineSkate | aligned_timestamps | MeanImpute | 0.8,,0.829441581026353,EXTRA_IN_JSON
CinCECGTorso | mcar | SPIRIT | 0.2,,,MISSING_IN_JSON
MedicalImages | aligned_timestamps | MeanImpute | 0.4,,1.1309582311055,EXTRA_IN_JSON
GunPointOldVersusYoung | aligned_timestamps | SPIRIT | 0.6,,,MISSING_IN_JSON
GunPoint | aligned_series | MeanImpute | 0.6,,0.97721236675277,EXTRA_IN_JSON
Lightning7 | mcar | MeanImpute | 0.4,,0.956687174248785,EXTRA_IN_JSON
SonyAIBORobotSurface1 | mcar | MeanImpute | 0.1,,1.21950452486177,EXTRA_IN_JSON
Lightning2 | mcar | MeanImpute | 0.6,,0.990103325641955,EXTRA_IN_JSON
Wafer | aligned_timestamps | MeanImpute | 0.2,,1.2360440335601,EXTRA_IN_JSON
ShapeletSim | mcar | SPIRIT | 0.8,,,MISSING_IN_JSON
ProximalPhalanxOutlineCorrect | aligned_series | MeanImpute | 0.8,,1.2237141604608,EXTRA_IN_JSON
ProximalPhalanxOutlineAgeGroup | aligned_timestamps | MeanImpute | 0.4,,1.04160831775323,EXTRA_IN_JSON
EOGVerticalSignal | mcar | MeanImpute | 0.2,,1.08076515644989,EXTRA_IN_JSON
Wafer | aligned_series | SPIRIT | 0.4,,,MISSING_IN_JSON
CBF | aligned_timestamps | MeanImpute | 0.1,,1.01369585080891,EXTRA_IN_JSON
Fish | aligned_series | SPIRIT | 0.4,,,MISSING_IN_JSON
Strawberry | aligned_timestamps | SPIRIT | 0.8,,,MISSING_IN_JSON
LargeKitchenAppliances | aligned_timestamps | MeanImpute | 0.6,,0.936610638094896,EXTRA_IN_JSON
ToeSegmentation2 | aligned_series | SPIRIT | 0.1,,,MISSING_IN_JSON
ECGFiveDays | aligned_timestamps | SPIRIT | 0.2,,,MISSING_IN_JSON
DistalPhalanxTW | aligned_timestamps | SPIRIT | 0.8,,,MISSING_IN_JSON
GunPointMaleVersusFemale | aligned_series | MeanImpute | 0.4,,0.921312991451644,EXTRA_IN_JSON
CinCECGTorso | aligned_series | SPIRIT | 0.6,,,MISSING_IN_JSON
ToeSegmentation1 | aligned_series | MeanImpute | 0.2,,1.02172547449569,EXTRA_IN_JSON
MoteStrain | mcar | MeanImpute | 0.4,,1.06458909552357,EXTRA_IN_JSON
Lightning2 | aligned_series | SPIRIT | 0.8,,,MISSING_IN_JSON
Yoga | aligned_timestamps | MeanImpute | 0.2,,0.706258857080877,EXTRA_IN_JSON
Beef | aligned_series | SPIRIT | 0.6,,,MISSING_IN_JSON
Haptics | mcar | SPIRIT | 0.4,,,MISSING_IN_JSON
Haptics | aligned_timestamps | MeanImpute | 0.6,,0.907415211938742,EXTRA_IN_JSON
Meat | mcar | SPIRIT | 0.2,,,MISSING_IN_JSON
SonyAIBORobotSurface1 | aligned_series | SPIRIT | 0.4,,,MISSING_IN_JSON
FaceFour | aligned_timestamps | SPIRIT | 0.4,,,MISSING_IN_JSON
Rock | aligned_series | SPIRIT | 0.2,,,MISSING_IN_JSON
BirdChicken | aligned_timestamps | MeanImpute | 0.1,,0.601857467492293,EXTRA_IN_JSON
DistalPhalanxOutlineCorrect | aligned_series | SPIRIT | 0.8,,,MISSING_IN_JSON
MedicalImages | mcar | MeanImpute | 0.1,,0.863547899453796,EXTRA_IN_JSON
SemgHandMovementCh2 | aligned_series | MeanImpute | 0.6,,0.879176785161866,EXTRA_IN_JSON
OliveOil | mcar | SPIRIT | 0.4,,,MISSING_IN_JSON
ToeSegmentation2 | aligned_series | MeanImpute | 0.6,,0.883798731760963,EXTRA_IN_JSON
EOGHorizontalSignal | mcar | MeanImpute | 0.4,,0.992982624670173,EXTRA_IN_JSON
FacesUCR | aligned_timestamps | SPIRIT | 0.8,,,MISSING_IN_JSON
PhalangesOutlinesCorrect | aligned_timestamps | SPIRIT | 0.8,,,MISSING_IN_JSON
Lightning7 | aligned_timestamps | SPIRIT | 0.4,,,MISSING_IN_JSON
OSULeaf | aligned_series | SPIRIT | 0.6,,,MISSING_IN_JSON
Beef | aligned_timestamps | SPIRIT | 0.6,,,MISSING_IN_JSON
Adiac | mcar | SPIRIT | 0.8,,,MISSING_IN_JSON
SonyAIBORobotSurface1 | aligned_timestamps | SPIRIT | 0.4,,,MISSING_IN_JSON
PhalangesOutlinesCorrect | mcar | SPIRIT | 0.6,,,MISSING_IN_JSON
Lightning7 | aligned_series | MeanImpute | 0.2,,0.810104678106742,EXTRA_IN_JSON
DistalPhalanxOutlineCorrect | aligned_timestamps | MeanImpute | 0.4,,0.979636851095151,EXTRA_IN_JSON
SmallKitchenAppliances | aligned_series | SPIRIT | 0.8,,,MISSING_IN_JSON
CBF | mcar | MeanImpute | 0.2,,0.891689714529378,EXTRA_IN_JSON
Strawberry | aligned_timestamps | MeanImpute | 0.1,,1.01534678484159,EXTRA_IN_JSON
Fish | aligned_timestamps | MeanImpute | 0.4,,0.847023749911751,EXTRA_IN_JSON
CBF | mcar | SPIRIT | 0.1,,,MISSING_IN_JSON
UMD | mcar | SPIRIT | 0.4,,,MISSING_IN_JSON
GunPointMaleVersusFemale | aligned_series | SPIRIT | 0.1,,,MISSING_IN_JSON
ScreenType | aligned_timestamps | MeanImpute | 0.2,,0.767543738520127,EXTRA_IN_JSON
BirdChicken | aligned_series | MeanImpute | 0.8,,0.756889926463388,EXTRA_IN_JSON
FreezerRegularTrain | aligned_series | SPIRIT | 0.6,,,MISSING_IN_JSON
Computers | aligned_timestamps | MeanImpute | 0.4,,0.939483934649403,EXTRA_IN_JSON
InlineSkate | aligned_series | SPIRIT | 0.2,,,MISSING_IN_JSON
GunPoint | mcar | SPIRIT | 0.6,,,MISSING_IN_JSON
TwoPatterns | aligned_timestamps | MeanImpute | 0.2,,0.839816718201032,EXTRA_IN_JSON
GunPointAgeSpan | mcar | SPIRIT | 0.8,,,MISSING_IN_JSON
InsectEPGRegularTrain | aligned_timestamps | MeanImpute | 0.4,,1.125564307147,EXTRA_IN_JSON
Car | mcar | SPIRIT | 0.2,,,MISSING_IN_JSON
DistalPhalanxOutlineAgeGroup | aligned_timestamps | MeanImpute | 0.2,,1.02426134930368,EXTRA_IN_JSON
Meat | aligned_timestamps | SPIRIT | 0.2,,,MISSING_IN_JSON
Yoga | mcar | SPIRIT | 0.2,,,MISSING_IN_JSON
DistalPhalanxOutlineAgeGroup | aligned_series | SPIRIT | 0.4,,,MISSING_IN_JSON
ProximalPhalanxOutlineAgeGroup | mcar | SPIRIT | 0.2,,,MISSING_IN_JSON
DistalPhalanxOutlineCorrect | aligned_series | MeanImpute | 0.1,,0.989887720899299,EXTRA_IN_JSON
SharePriceIncrease | aligned_series | MeanImpute | 0.2,,1.02627750158475,EXTRA_IN_JSON
Earthquakes | aligned_series | SPIRIT | 0.6,,,MISSING_IN_JSON
Wine | aligned_series | SPIRIT | 0.2,,,MISSING_IN_JSON
MoteStrain | aligned_timestamps | SPIRIT | 0.2,,,MISSING_IN_JSON
Lightning2 | aligned_series | MeanImpute | 0.1,,0.717989094972041,EXTRA_IN_JSON
DistalPhalanxTW | mcar | MeanImpute | 0.4,,0.992786805998053,EXTRA_IN_JSON
Rock | mcar | MeanImpute | 0.8,,0.970540620311203,EXTRA_IN_JSON
ProximalPhalanxOutlineCorrect | mcar | MeanImpute | 0.4,,1.02003280169414,EXTRA_IN_JSON
GunPointOldVersusYoung | aligned_series | SPIRIT | 0.4,,,MISSING_IN_JSON
Adiac | mcar | MeanImpute | 0.1,,0.99708330170649,EXTRA_IN_JSON
SemgHandGenderCh2 | mcar | MeanImpute | 0.6,,1.03184487981504,EXTRA_IN_JSON
Herring | aligned_timestamps | SPIRIT | 0.2,,,MISSING_IN_JSON
CricketX | mcar | MeanImpute | 0.6,,1.00396313366781,EXTRA_IN_JSON
Adiac | aligned_timestamps | MeanImpute | 0.2,,0.82285322694554,EXTRA_IN_JSON
CricketX | aligned_series | SPIRIT | 0.1,,,MISSING_IN_JSON
Beef | mcar | MeanImpute | 0.2,,0.850295910107538,EXTRA_IN_JSON
Earthquakes | aligned_timestamps | SPIRIT | 0.6,,,MISSING_IN_JSON
OliveOil | aligned_timestamps | SPIRIT | 0.2,,,MISSING_IN_JSON
Colposcopy | aligned_timestamps | SPIRIT | 0.2,,,MISSING_IN_JSON
EthanolLevel | aligned_timestamps | MeanImpute | 0.2,,0.895879725095665,EXTRA_IN_JSON
UMD | aligned_series | SPIRIT | 0.2,,,MISSING_IN_JSON
GunPointOldVersusYoung | mcar | SPIRIT | 0.8,,,MISSING_IN_JSON
SwedishLeaf | aligned_timestamps | SPIRIT | 0.4,,,MISSING_IN_JSON
ScreenType | mcar | SPIRIT | 0.2,,,MISSING_IN_JSON
SemgHandSubjectCh2 | aligned_timestamps | SPIRIT | 0.8,,,MISSING_IN_JSON
Haptics | aligned_series | MeanImpute | 0.4,,1.15892764403596,EXTRA_IN_JSON
GunPointAgeSpan | mcar | MeanImpute | 0.1,,1.10575030092965,EXTRA_IN_JSON
FreezerRegularTrain | mcar | MeanImpute | 0.2,,0.946859373450451,EXTRA_IN_JSON
Strawberry | mcar | SPIRIT | 0.1,,,MISSING_IN_JSON
ProximalPhalanxOutlineAgeGroup | aligned_timestamps | SPIRIT | 0.2,,,MISSING_IN_JSON
Wine | mcar | MeanImpute | 0.1,,0.938520117916387,EXTRA_IN_JSON
OSULeaf | aligned_series | MeanImpute | 0.2,,0.977806675269612,EXTRA_IN_JSON
SemgHandGenderCh2 | aligned_timestamps | MeanImpute | 0.1,,0.906823357760315,EXTRA_IN_JSON
DistalPhalanxTW | mcar | SPIRIT | 0.1,,,MISSING_IN_JSON
SyntheticControl | aligned_timestamps | MeanImpute | 0.6,,0.972074291840819,EXTRA_IN_JSON
BirdChicken | mcar | SPIRIT | 0.8,,,MISSING_IN_JSON
FacesUCR | mcar | MeanImpute | 0.2,,0.95349345289401,EXTRA_IN_JSON
Wafer | aligned_series | MeanImpute | 0.8,,1.26441369582915,EXTRA_IN_JSON
Haptics | mcar | MeanImpute | 0.8,,0.975232399888846,EXTRA_IN_JSON
PhalangesOutlinesCorrect | mcar | MeanImpute | 0.2,,1.03615977249945,EXTRA_IN_JSON
SwedishLeaf | mcar | MeanImpute | 0.6,,0.963884100376483,EXTRA_IN_JSON
MedicalImages | aligned_timestamps | SPIRIT | 0.2,,,MISSING_IN_JSON
Lightning7 | mcar | SPIRIT | 0.2,,,MISSING_IN_JSON
Ham | aligned_series | MeanImpute | 0.4,,0.50306505664793,EXTRA_IN_JSON
SonyAIBORobotSurface1 | aligned_series | MeanImpute | 0.8,,1.31390870874679,EXTRA_IN_JSON
Yoga | aligned_series | MeanImpute | 0.8,,0.725863834055143,EXTRA_IN_JSON
SwedishLeaf | aligned_series | SPIRIT | 0.1,,,MISSING_IN_JSON
FaceFour | aligned_timestamps | MeanImpute | 0.8,,0.906201866336722,EXTRA_IN_JSON
GunPointAgeSpan | aligned_timestamps | MeanImpute | 0.2,,0.73639807642372,EXTRA_IN_JSON
Ham | aligned_timestamps | SPIRIT | 0.6,,,MISSING_IN_JSON
DistalPhalanxOutlineAgeGroup | mcar | MeanImpute | 0.1,,1.00294280802835,EXTRA_IN_JSON
GunPointAgeSpan | aligned_series | SPIRIT | 0.4,,,MISSING_IN_JSON
TwoLeadECG | mcar | MeanImpute | 0.4,,0.905703037587657,EXTRA_IN_JSON
ArrowHead | aligned_timestamps | SPIRIT | 0.8,,,MISSING_IN_JSON
Lightning2 | aligned_timestamps | SPIRIT | 0.4,,,MISSING_IN_JSON
GunPoint | aligned_timestamps | SPIRIT | 0.8,,,MISSING_IN_JSON
PhalangesOutlinesCorrect | aligned_series | MeanImpute | 0.6,,1.12950669075865,EXTRA_IN_JSON
CBF | aligned_series | SPIRIT | 0.6,,,MISSING_IN_JSON
EthanolLevel | mcar | SPIRIT | 0.2,,,MISSING_IN_JSON
ProximalPhalanxOutlineCorrect | aligned_timestamps | MeanImpute | 0.2,,1.11097325007192,EXTRA_IN_JSON
ProximalPhalanxOutlineCorrect | aligned_series | SPIRIT | 0.4,,,MISSING_IN_JSON
ProximalPhalanxOutlineAgeGroup | mcar | MeanImpute | 0.8,,1.02466468975502,EXTRA_IN_JSON
DistalPhalanxOutlineCorrect | mcar | SPIRIT | 0.1,,,MISSING_IN_JSON
Meat | mcar | MeanImpute | 0.6,,1.06137072982338,EXTRA_IN_JSON
UMD | mcar | MeanImpute | 0.8,,1.02143841666899,EXTRA_IN_JSON
Wine | aligned_series | MeanImpute | 0.8,,0.631173118175057,EXTRA_IN_JSON
SemgHandSubjectCh2 | aligned_timestamps | MeanImpute | 0.1,,0.918395082229019,EXTRA_IN_JSON
ToeSegmentation1 | aligned_timestamps | MeanImpute | 0.6,,0.962315434975809,EXTRA_IN_JSON
FacesUCR | aligned_timestamps | MeanImpute | 0.2,,0.570249118227716,EXTRA_IN_JSON
EOGHorizontalSignal | aligned_series | SPIRIT | 0.6,,,MISSING_IN_JSON
LargeKitchenAppliances | aligned_series | MeanImpute | 0.1,,0.752152297308392,EXTRA_IN_JSON
Rock | aligned_timestamps | SPIRIT | 0.6,,,MISSING_IN_JSON
TwoPatterns | aligned_series | MeanImpute | 0.8,,0.813134831033937,EXTRA_IN_JSON
SmallKitchenAppliances | mcar | SPIRIT | 0.1,,,MISSING_IN_JSON
Earthquakes | aligned_timestamps | MeanImpute | 0.2,,0.995457462933741,EXTRA_IN_JSON
DistalPhalanxOutlineCorrect | aligned_timestamps | SPIRIT | 0.2,,,MISSING_IN_JSON
DistalPhalanxOutlineAgeGroup | aligned_series | MeanImpute | 0.8,,1.13301617886828,EXTRA_IN_JSON
Meat | aligned_series | SPIRIT | 0.8,,,MISSING_IN_JSON
SemgHandMovementCh2 | aligned_timestamps | SPIRIT | 0.8,,,MISSING_IN_JSON
Computers | aligned_timestamps | SPIRIT | 0.2,,,MISSING_IN_JSON
SemgHandGenderCh2 | mcar | SPIRIT | 0.6,,,MISSING_IN_JSON
BirdChicken | mcar | MeanImpute | 0.1,,0.967562652293202,EXTRA_IN_JSON
ECGFiveDays | aligned_series | MeanImpute | 0.1,,0.16756503327182,EXTRA_IN_JSON
CinCECGTorso | aligned_timestamps | MeanImpute | 0.4,,0.237716990796612,EXTRA_IN_JSON
Adiac | aligned_timestamps | SPIRIT | 0.2,,,MISSING_IN_JSON
Colposcopy | mcar | MeanImpute | 0.6,,0.953010759577078,EXTRA_IN_JSON
GunPointOldVersusYoung | aligned_timestamps | MeanImpute | 0.1,,0.868181626669111,EXTRA_IN_JSON
LargeKitchenAppliances | mcar | SPIRIT | 0.4,,,MISSING_IN_JSON
Herring | aligned_series | SPIRIT | 0.8,,,MISSING_IN_JSON
SmallKitchenAppliances | mcar | MeanImpute | 0.6,,1.00760747332028,EXTRA_IN_JSON
OliveOil | mcar | MeanImpute | 0.6,,0.963780486348842,EXTRA_IN_JSON
EOGVerticalSignal | aligned_series | SPIRIT | 0.6,,,MISSING_IN_JSON
GunPoint | aligned_timestamps | MeanImpute | 0.1,,1.02413857080901,EXTRA_IN_JSON
ArrowHead | mcar | MeanImpute | 0.4,,0.949548882929291,EXTRA_IN_JSON
SharePriceIncrease | mcar | SPIRIT | 0.4,,,MISSING_IN_JSON
WormsTwoClass | aligned_timestamps | SPIRIT | 0.6,,,MISSING_IN_JSON
EthanolLevel | aligned_series | MeanImpute | 0.8,,1.0275050498456,EXTRA_IN_JSON
Strawberry | aligned_series | SPIRIT | 0.6,,,MISSING_IN_JSON
CinCECGTorso | aligned_series | MeanImpute | 0.1,,0.112021242771854,EXTRA_IN_JSON
Ham | mcar | SPIRIT | 0.4,,,MISSING_IN_JSON
SonyAIBORobotSurface1 | mcar | SPIRIT | 0.8,,,MISSING_IN_JSON
SemgHandSubjectCh2 | aligned_series | MeanImpute | 0.6,,0.878842006785213,EXTRA_IN_JSON
RefrigerationDevices | aligned_timestamps | SPIRIT | 0.6,,,MISSING_IN_JSON
ProximalPhalanxOutlineCorrect | mcar | SPIRIT | 0.2,,,MISSING_IN_JSON
MoteStrain | aligned_timestamps | MeanImpute | 0.6,,0.997530858582462,EXTRA_IN_JSON
InlineSkate | mcar | SPIRIT | 0.8,,,MISSING_IN_JSON
PowerCons | aligned_series | SPIRIT | 0.8,,,MISSING_IN_JSON
DistalPhalanxTW | aligned_series | SPIRIT | 0.6,,,MISSING_IN_JSON
Car | aligned_series | MeanImpute | 0.4,,0.838360860729642,EXTRA_IN_JSON
SmallKitchenAppliances | aligned_timestamps | SPIRIT | 0.1,,,MISSING_IN_JSON
Wafer | mcar | SPIRIT | 0.8,,,MISSING_IN_JSON
Yoga | aligned_series | SPIRIT | 0.8,,,MISSING_IN_JSON
SharePriceIncrease | aligned_timestamps | MeanImpute | 0.6,,0.965325683430512,EXTRA_IN_JSON
TwoLeadECG | aligned_timestamps | SPIRIT | 0.1,,,MISSING_IN_JSON
EOGHorizontalSignal | aligned_series | MeanImpute | 0.8,,0.883377187874337,EXTRA_IN_JSON
SyntheticControl | mcar | MeanImpute | 0.8,,0.994375077675788,EXTRA_IN_JSON
Trace | mcar | SPIRIT | 0.4,,,MISSING_IN_JSON
ProximalPhalanxOutlineAgeGroup | aligned_series | SPIRIT | 0.8,,,MISSING_IN_JSON
DistalPhalanxOutlineAgeGroup | mcar | SPIRIT | 0.1,,,MISSING_IN_JSON
TwoPatterns | mcar | MeanImpute | 0.1,,0.992498065143778,EXTRA_IN_JSON
RefrigerationDevices | mcar | MeanImpute | 0.4,,1.00269514599709,EXTRA_IN_JSON
CinCECGTorso | mcar | SPIRIT | 0.4,,,MISSING_IN_JSON
Colposcopy | aligned_timestamps | MeanImpute | 0.6,,0.96945908086974,EXTRA_IN_JSON
Wafer | aligned_timestamps | MeanImpute | 0.4,,1.13289403113292,EXTRA_IN_JSON
MedicalImages | aligned_series | SPIRIT | 0.8,,,MISSING_IN_JSON
SemgHandMovementCh2 | aligned_timestamps | MeanImpute | 0.1,,0.909232794190448,EXTRA_IN_JSON
EOGVerticalSignal | mcar | MeanImpute | 0.4,,1.02738194609433,EXTRA_IN_JSON
ToeSegmentation2 | aligned_timestamps | MeanImpute | 0.1,,0.928947056382654,EXTRA_IN_JSON
Earthquakes | mcar | MeanImpute | 0.1,,1.04035559072066,EXTRA_IN_JSON
Worms | aligned_series | MeanImpute | 0.2,,1.05563410937824,EXTRA_IN_JSON
SyntheticControl | aligned_series | MeanImpute | 0.2,,1.0980066819595,EXTRA_IN_JSON
WormsTwoClass | mcar | MeanImpute | 0.2,,0.962607365595942,EXTRA_IN_JSON
GunPointMaleVersusFemale | mcar | SPIRIT | 0.6,,,MISSING_IN_JSON
ECGFiveDays | aligned_timestamps | SPIRIT | 0.4,,,MISSING_IN_JSON
CricketX | aligned_timestamps | SPIRIT | 0.8,,,MISSING_IN_JSON
Lightning2 | aligned_timestamps | MeanImpute | 0.8,,1.02657688179569,EXTRA_IN_JSON
ToeSegmentation1 | aligned_series | MeanImpute | 0.4,,1.07070833443952,EXTRA_IN_JSON
Yoga | aligned_timestamps | MeanImpute | 0.4,,0.877471609925179,EXTRA_IN_JSON
Rock | aligned_timestamps | MeanImpute | 0.2,,1.17354904557191,EXTRA_IN_JSON
ScreenType | aligned_series | SPIRIT | 0.8,,,MISSING_IN_JSON
Herring | aligned_series | MeanImpute | 0.1,,0.83725743649226,EXTRA_IN_JSON
Meat | mcar | SPIRIT | 0.4,,,MISSING_IN_JSON
Ham | aligned_series | SPIRIT | 0.2,,,MISSING_IN_JSON
PowerCons | aligned_series | MeanImpute | 0.1,,0.790705249365197,EXTRA_IN_JSON
Rock | aligned_series | SPIRIT | 0.4,,,MISSING_IN_JSON
Fish | aligned_series | MeanImpute | 0.1,,0.753905540473267,EXTRA_IN_JSON
InsectEPGRegularTrain | mcar | SPIRIT | 0.1,,,MISSING_IN_JSON
Wafer | mcar | MeanImpute | 0.1,,0.940101446652957,EXTRA_IN_JSON
OliveOil | aligned_series | MeanImpute | 0.1,,0.298889789698449,EXTRA_IN_JSON
TwoPatterns | aligned_series | SPIRIT | 0.8,,,MISSING_IN_JSON
OSULeaf | aligned_timestamps | MeanImpute | 0.6,,0.975326476809822,EXTRA_IN_JSON
TwoLeadECG | mcar | SPIRIT | 0.2,,,MISSING_IN_JSON
ArrowHead | aligned_timestamps | MeanImpute | 0.2,,1.03362852599302,EXTRA_IN_JSON
TwoLeadECG | aligned_series | SPIRIT | 0.6,,,MISSING_IN_JSON
ECGFiveDays | aligned_series | SPIRIT | 0.1,,,MISSING_IN_JSON
ECGFiveDays | mcar | SPIRIT | 0.1,,,MISSING_IN_JSON
Lightning7 | aligned_series | MeanImpute | 0.4,,0.84479384173123,EXTRA_IN_JSON
MedicalImages | mcar | SPIRIT | 0.2,,,MISSING_IN_JSON
CBF | mcar | MeanImpute | 0.4,,0.987277314371704,EXTRA_IN_JSON
SemgHandMovementCh2 | mcar | SPIRIT | 0.1,,,MISSING_IN_JSON
InsectEPGRegularTrain | mcar | MeanImpute | 0.6,,1.03279507173383,EXTRA_IN_JSON
ProximalPhalanxOutlineAgeGroup | aligned_series | MeanImpute | 0.1,,1.11673375575883,EXTRA_IN_JSON
EOGVerticalSignal | aligned_series | MeanImpute | 0.2,,0.690116126173072,EXTRA_IN_JSON
ScreenType | aligned_timestamps | MeanImpute | 0.4,,0.857613949978787,EXTRA_IN_JSON
WormsTwoClass | aligned_timestamps | MeanImpute | 0.2,,1.0761627225051,EXTRA_IN_JSON
GunPointMaleVersusFemale | aligned_timestamps | SPIRIT | 0.6,,,MISSING_IN_JSON
Adiac | aligned_series | SPIRIT | 0.8,,,MISSING_IN_JSON
RefrigerationDevices | aligned_timestamps | MeanImpute | 0.2,,1.02864066088975,EXTRA_IN_JSON
MedicalImages | aligned_series | MeanImpute | 0.1,,1.46908701577372,EXTRA_IN_JSON
GunPoint | aligned_timestamps | SPIRIT | 0.1,,,MISSING_IN_JSON
InlineSkate | aligned_series | SPIRIT | 0.4,,,MISSING_IN_JSON
SonyAIBORobotSurface1 | aligned_timestamps | MeanImpute | 0.1,,1.17421109259093,EXTRA_IN_JSON
TwoPatterns | aligned_timestamps | MeanImpute | 0.4,,0.880240135643421,EXTRA_IN_JSON
EthanolLevel | aligned_series | SPIRIT | 0.8,,,MISSING_IN_JSON
ECGFiveDays | mcar | MeanImpute | 0.6,,1.00087895553199,EXTRA_IN_JSON
Car | mcar | SPIRIT | 0.4,,,MISSING_IN_JSON
DistalPhalanxOutlineAgeGroup | aligned_timestamps | MeanImpute | 0.4,,0.981548029351525,EXTRA_IN_JSON
Meat | aligned_timestamps | SPIRIT | 0.4,,,MISSING_IN_JSON
Yoga | mcar | SPIRIT | 0.4,,,MISSING_IN_JSON
Computers | aligned_series | SPIRIT | 0.8,,,MISSING_IN_JSON
ShapeletSim | aligned_timestamps | SPIRIT | 0.8,,,MISSING_IN_JSON
SemgHandSubjectCh2 | aligned_series | SPIRIT | 0.6,,,MISSING_IN_JSON
InsectEPGRegularTrain | aligned_series | SPIRIT | 0.8,,,MISSING_IN_JSON
ProximalPhalanxOutlineAgeGroup | mcar | SPIRIT | 0.4,,,MISSING_IN_JSON
Wine | aligned_timestamps | MeanImpute | 0.2,,0.618938219375268,EXTRA_IN_JSON
SharePriceIncrease | aligned_series | MeanImpute | 0.4,,1.00965421219183,EXTRA_IN_JSON
FaceFour | aligned_series | SPIRIT | 0.1,0.836478252192346,,MISSING_IN_JSON
SemgHandSubjectCh2 | mcar | SPIRIT | 0.6,,,MISSING_IN_JSON
UMD | mcar | MeanImpute | 0.1,,0.831996428950533,EXTRA_IN_JSON
LargeKitchenAppliances | mcar | MeanImpute | 0.8,,1.04056784363589,EXTRA_IN_JSON
Wine | aligned_series | SPIRIT | 0.4,,,MISSING_IN_JSON
MoteStrain | aligned_timestamps | SPIRIT | 0.4,,,MISSING_IN_JSON
SharePriceIncrease | aligned_timestamps | SPIRIT | 0.6,,,MISSING_IN_JSON
Ham | mcar | MeanImpute | 0.8,,0.9713137458529,EXTRA_IN_JSON
OSULeaf | mcar | SPIRIT | 0.6,,,MISSING_IN_JSON
ScreenType | aligned_series | MeanImpute | 0.1,,0.858235747207933,EXTRA_IN_JSON
ShapeletSim | mcar | MeanImpute | 0.1,,0.950990332215269,EXTRA_IN_JSON
Lightning7 | aligned_series | SPIRIT | 0.1,,,MISSING_IN_JSON
Fish | mcar | SPIRIT | 0.2,,,MISSING_IN_JSON
Herring | aligned_timestamps | SPIRIT | 0.4,,,MISSING_IN_JSON
FreezerRegularTrain | aligned_timestamps | SPIRIT | 0.2,,,MISSING_IN_JSON
Herring | mcar | SPIRIT | 0.1,,,MISSING_IN_JSON
SharePriceIncrease | mcar | MeanImpute | 0.8,,0.995060998131856,EXTRA_IN_JSON
Adiac | aligned_timestamps | MeanImpute | 0.4,,0.844418731365875,EXTRA_IN_JSON
Beef | mcar | MeanImpute | 0.4,,0.913891964563091,EXTRA_IN_JSON
GunPointMaleVersusFemale | mcar | MeanImpute | 0.2,,0.926535027682367,EXTRA_IN_JSON
Trace | mcar | MeanImpute | 0.8,,0.962043194700743,EXTRA_IN_JSON
UMD | aligned_timestamps | MeanImpute | 0.2,,0.992668111508995,EXTRA_IN_JSON
OliveOil | aligned_timestamps | SPIRIT | 0.4,,,MISSING_IN_JSON
ToeSegmentation2 | aligned_timestamps | SPIRIT | 0.1,,,MISSING_IN_JSON
Colposcopy | aligned_timestamps | SPIRIT | 0.4,,,MISSING_IN_JSON
EthanolLevel | aligned_timestamps | MeanImpute | 0.4,,0.916927760928729,EXTRA_IN_JSON
ToeSegmentation2 | mcar | SPIRIT | 0.8,,,MISSING_IN_JSON
UMD | aligned_series | SPIRIT | 0.4,,,MISSING_IN_JSON
ScreenType | mcar | SPIRIT | 0.4,,,MISSING_IN_JSON
MoteStrain | aligned_series | MeanImpute | 0.2,,0.704625346928279,EXTRA_IN_JSON
PowerCons | mcar | SPIRIT | 0.1,,,MISSING_IN_JSON
ArrowHead | aligned_series | SPIRIT | 0.6,,,MISSING_IN_JSON
MoteStrain | aligned_series | SPIRIT | 0.1,,,MISSING_IN_JSON
RefrigerationDevices | mcar | SPIRIT | 0.2,,,MISSING_IN_JSON
FreezerSmallTrain | aligned_timestamps | SPIRIT | 0.8,,,MISSING_IN_JSON
GunPoint | aligned_series | SPIRIT | 0.6,,,MISSING_IN_JSON
Computers | aligned_series | MeanImpute | 0.1,,0.617767916803818,EXTRA_IN_JSON
FreezerRegularTrain | mcar | MeanImpute | 0.4,,0.90836378655737,EXTRA_IN_JSON
Car | aligned_series | SPIRIT | 0.2,,,MISSING_IN_JSON
CinCECGTorso | mcar | MeanImpute | 0.8,,0.970563153906574,EXTRA_IN_JSON
Trace | aligned_series | MeanImpute | 0.2,,1.36134650012725,EXTRA_IN_JSON
ProximalPhalanxOutlineAgeGroup | aligned_timestamps | SPIRIT | 0.4,,,MISSING_IN_JSON
PhalangesOutlinesCorrect | aligned_timestamps | MeanImpute | 0.1,,0.989358121100923,EXTRA_IN_JSON
Adiac | aligned_series | MeanImpute | 0.1,,0.820311332501961,EXTRA_IN_JSON
CBF | aligned_timestamps | SPIRIT | 0.1,,,MISSING_IN_JSON
OSULeaf | aligned_series | MeanImpute | 0.4,,0.982167995402,EXTRA_IN_JSON
TwoLeadECG | aligned_series | MeanImpute | 0.2,,0.270293793613673,EXTRA_IN_JSON
Colposcopy | aligned_series | MeanImpute | 0.2,,1.09771977158211,EXTRA_IN_JSON
FacesUCR | mcar | MeanImpute | 0.4,,1.00321439863147,EXTRA_IN_JSON
OliveOil | aligned_series | SPIRIT | 0.1,,,MISSING_IN_JSON
SwedishLeaf | aligned_timestamps | MeanImpute | 0.1,,0.527418498720512,EXTRA_IN_JSON
Colposcopy | aligned_series | SPIRIT | 0.1,,,MISSING_IN_JSON
PhalangesOutlinesCorrect | mcar | MeanImpute | 0.4,,1.01602437788764,EXTRA_IN_JSON
PowerCons | aligned_timestamps | SPIRIT | 0.2,,,MISSING_IN_JSON
MedicalImages | aligned_timestamps | SPIRIT | 0.4,,,MISSING_IN_JSON
Lightning7 | mcar | SPIRIT | 0.4,,,MISSING_IN_JSON
ShapeletSim | aligned_timestamps | MeanImpute | 0.1,,0.979685618688236,EXTRA_IN_JSON
RefrigerationDevices | aligned_series | SPIRIT | 0.6,,,MISSING_IN_JSON
Lightning2 | mcar | SPIRIT | 0.6,,,MISSING_IN_JSON
Rock | aligned_series | MeanImpute | 0.8,,1.23715313485724,EXTRA_IN_JSON
InsectEPGRegularTrain | aligned_series | MeanImpute | 0.1,,1.04215611540652,EXTRA_IN_JSON
ECGFiveDays | aligned_timestamps | MeanImpute | 0.8,,1.1113736213592,EXTRA_IN_JSON
GunPointAgeSpan | aligned_timestamps | MeanImpute | 0.4,,1.00679899850637,EXTRA_IN_JSON
Yoga | aligned_timestamps | SPIRIT | 0.2,,,MISSING_IN_JSON
SemgHandGenderCh2 | aligned_series | MeanImpute | 0.6,,0.861149203648949,EXTRA_IN_JSON
EOGHorizontalSignal | aligned_timestamps | MeanImpute | 0.2,,0.856992755845265,EXTRA_IN_JSON
CricketX | aligned_series | MeanImpute | 0.6,,1.16812011015219,EXTRA_IN_JSON
LargeKitchenAppliances | aligned_timestamps | SPIRIT | 0.6,,,MISSING_IN_JSON
SemgHandGenderCh2 | aligned_timestamps | SPIRIT | 0.2,,,MISSING_IN_JSON
Beef | aligned_series | MeanImpute | 0.2,,0.466218323062856,EXTRA_IN_JSON
EOGHorizontalSignal | aligned_timestamps | SPIRIT | 0.1,,,MISSING_IN_JSON
SemgHandMovementCh2 | aligned_series | SPIRIT | 0.6,,,MISSING_IN_JSON
EthanolLevel | mcar | SPIRIT | 0.4,,,MISSING_IN_JSON
ProximalPhalanxOutlineCorrect | aligned_timestamps | MeanImpute | 0.4,,1.03984025092565,EXTRA_IN_JSON
Haptics | aligned_timestamps | SPIRIT | 0.6,,,MISSING_IN_JSON
SemgHandSubjectCh2 | mcar | MeanImpute | 0.2,,1.05829315506274,EXTRA_IN_JSON
Worms | aligned_timestamps | MeanImpute | 0.6,,0.938628111680495,EXTRA_IN_JSON
Beef | aligned_timestamps | MeanImpute | 0.2,,0.466218323062856,EXTRA_IN_JSON
GunPointAgeSpan | aligned_series | MeanImpute | 0.1,,0.718258934650392,EXTRA_IN_JSON
Strawberry | mcar | MeanImpute | 0.6,,1.03780002467235,EXTRA_IN_JSON
FreezerRegularTrain | aligned_series | MeanImpute | 0.2,,1.42509255802369,EXTRA_IN_JSON
ArrowHead | aligned_series | MeanImpute | 0.8,,1.04934386684315,EXTRA_IN_JSON
WormsTwoClass | aligned_series | MeanImpute | 0.8,,0.999776272915359,EXTRA_IN_JSON
FacesUCR | aligned_timestamps | MeanImpute | 0.4,,0.598099273610097,EXTRA_IN_JSON
InlineSkate | aligned_series | MeanImpute | 0.8,,0.921695098557255,EXTRA_IN_JSON
ScreenType | aligned_timestamps | SPIRIT | 0.2,,,MISSING_IN_JSON
FreezerSmallTrain | aligned_timestamps | MeanImpute | 0.1,,1.77150113685098,EXTRA_IN_JSON
BirdChicken | aligned_series | SPIRIT | 0.8,,,MISSING_IN_JSON
Fish | mcar | MeanImpute | 0.8,,0.961235306925222,EXTRA_IN_JSON
MoteStrain | mcar | SPIRIT | 0.2,,,MISSING_IN_JSON
RefrigerationDevices | aligned_series | MeanImpute | 0.8,,0.996466804768356,EXTRA_IN_JSON
InlineSkate | aligned_timestamps | MeanImpute | 0.1,,0.909700439999459,EXTRA_IN_JSON
Car | mcar | MeanImpute | 0.8,,0.985284541700985,EXTRA_IN_JSON
Meat | aligned_timestamps | MeanImpute | 0.8,,0.965728651735965,EXTRA_IN_JSON
LargeKitchenAppliances | aligned_series | SPIRIT | 0.2,,,MISSING_IN_JSON
SwedishLeaf | aligned_series | MeanImpute | 0.6,,0.693521703769521,EXTRA_IN_JSON
Earthquakes | aligned_timestamps | MeanImpute | 0.4,,0.989650914689173,EXTRA_IN_JSON
DistalPhalanxOutlineCorrect | aligned_timestamps | SPIRIT | 0.4,,,MISSING_IN_JSON
ShapeletSim | mcar | SPIRIT | 0.1,,,MISSING_IN_JSON
ProximalPhalanxOutlineCorrect | aligned_series | MeanImpute | 0.1,,1.09807350322022,EXTRA_IN_JSON
ShapeletSim | aligned_series | MeanImpute | 0.6,,0.992317871551361,EXTRA_IN_JSON
Computers | aligned_timestamps | SPIRIT | 0.4,,,MISSING_IN_JSON
Earthquakes | aligned_series | MeanImpute | 0.2,,0.995457462933741,EXTRA_IN_JSON
TwoPatterns | aligned_timestamps | SPIRIT | 0.2,,,MISSING_IN_JSON
Strawberry | aligned_timestamps | SPIRIT | 0.1,,,MISSING_IN_JSON
DistalPhalanxOutlineAgeGroup | aligned_timestamps | SPIRIT | 0.2,,,MISSING_IN_JSON
Worms | mcar | MeanImpute | 0.2,,0.963724095596062,EXTRA_IN_JSON
Adiac | aligned_timestamps | SPIRIT | 0.4,,,MISSING_IN_JSON
GunPoint | mcar | MeanImpute | 0.2,,0.885826497997828,EXTRA_IN_JSON
EOGHorizontalSignal | mcar | SPIRIT | 0.2,,,MISSING_IN_JSON
DistalPhalanxTW | aligned_timestamps | SPIRIT | 0.1,,,MISSING_IN_JSON
SharePriceIncrease | aligned_series | SPIRIT | 0.2,,,MISSING_IN_JSON
Lightning2 | aligned_series | SPIRIT | 0.1,,,MISSING_IN_JSON
DistalPhalanxOutlineCorrect | mcar | MeanImpute | 0.6,,1.00660820972521,EXTRA_IN_JSON
DistalPhalanxOutlineCorrect | aligned_series | SPIRIT | 0.1,,,MISSING_IN_JSON
Strawberry | aligned_timestamps | MeanImpute | 0.6,,1.10572520169996,EXTRA_IN_JSON
TwoPatterns | mcar | SPIRIT | 0.8,,,MISSING_IN_JSON
UMD | aligned_series | MeanImpute | 0.8,,0.947124456168798,EXTRA_IN_JSON
SyntheticControl | mcar | SPIRIT | 0.6,,,MISSING_IN_JSON
Herring | aligned_timestamps | MeanImpute | 0.8,,0.939546536228609,EXTRA_IN_JSON
Beef | mcar | SPIRIT | 0.2,,,MISSING_IN_JSON
FacesUCR | aligned_timestamps | SPIRIT | 0.1,,,MISSING_IN_JSON
PowerCons | aligned_timestamps | MeanImpute | 0.8,,0.951433545547835,EXTRA_IN_JSON
Trace | aligned_series | SPIRIT | 0.2,,,MISSING_IN_JSON
DistalPhalanxTW | aligned_timestamps | MeanImpute | 0.6,,1.04430919377361,EXTRA_IN_JSON
PhalangesOutlinesCorrect | aligned_timestamps | SPIRIT | 0.1,,,MISSING_IN_JSON
Rock | mcar | SPIRIT | 0.8,,,MISSING_IN_JSON
EthanolLevel | aligned_timestamps | SPIRIT | 0.2,,,MISSING_IN_JSON
Adiac | mcar | SPIRIT | 0.1,,,MISSING_IN_JSON
OliveOil | aligned_timestamps | MeanImpute | 0.8,,0.942713049227494,EXTRA_IN_JSON
InsectEPGRegularTrain | aligned_timestamps | SPIRIT | 0.2,,,MISSING_IN_JSON
FreezerSmallTrain | aligned_series | MeanImpute | 0.6,,1.45224089895099,EXTRA_IN_JSON
CricketX | mcar | SPIRIT | 0.6,,,MISSING_IN_JSON
SmallKitchenAppliances | aligned_series | SPIRIT | 0.1,,,MISSING_IN_JSON
Yoga | mcar | MeanImpute | 0.6,,0.981967850584696,EXTRA_IN_JSON
SemgHandGenderCh2 | aligned_series | SPIRIT | 0.6,,,MISSING_IN_JSON
BirdChicken | aligned_series | MeanImpute | 0.1,,0.954107840860682,EXTRA_IN_JSON
FreezerRegularTrain | aligned_timestamps | MeanImpute | 0.4,,1.12445900912686,EXTRA_IN_JSON
Fish | aligned_timestamps | SPIRIT | 0.6,,,MISSING_IN_JSON
MedicalImages | aligned_timestamps | MeanImpute | 0.8,,0.883894631590554,EXTRA_IN_JSON
Lightning7 | mcar | MeanImpute | 0.8,,1.00059218778896,EXTRA_IN_JSON
Ham | mcar | MeanImpute | 0.1,,0.886738143965356,EXTRA_IN_JSON
ToeSegmentation2 | mcar | MeanImpute | 0.2,,0.995692993498293,EXTRA_IN_JSON
Wafer | aligned_series | SPIRIT | 0.8,,,MISSING_IN_JSON
Fish | aligned_series | SPIRIT | 0.8,,,MISSING_IN_JSON
GunPointAgeSpan | mcar | SPIRIT | 0.1,,,MISSING_IN_JSON
FreezerRegularTrain | mcar | SPIRIT | 0.2,,,MISSING_IN_JSON
Worms | aligned_series | MeanImpute | 0.4,,1.0056055440698,EXTRA_IN_JSON
SyntheticControl | aligned_series | MeanImpute | 0.4,,1.12908721276779,EXTRA_IN_JSON
WormsTwoClass | mcar | MeanImpute | 0.4,,0.982390839356549,EXTRA_IN_JSON
SmallKitchenAppliances | aligned_series | MeanImpute | 0.6,,0.320517036823186,EXTRA_IN_JSON
GunPointMaleVersusFemale | aligned_series | MeanImpute | 0.8,,0.896884762346877,EXTRA_IN_JSON
ToeSegmentation1 | mcar | SPIRIT | 0.6,,,MISSING_IN_JSON
Worms | aligned_timestamps | SPIRIT | 0.6,,,MISSING_IN_JSON
SyntheticControl | aligned_timestamps | SPIRIT | 0.6,,,MISSING_IN_JSON
MoteStrain | mcar | MeanImpute | 0.8,,1.02592637851584,EXTRA_IN_JSON
FacesUCR | mcar | SPIRIT | 0.2,,,MISSING_IN_JSON
Ham | aligned_timestamps | MeanImpute | 0.2,,0.475891199535567,EXTRA_IN_JSON
Haptics | mcar | SPIRIT | 0.8,,,MISSING_IN_JSON
Rock | aligned_timestamps | MeanImpute | 0.4,,1.02833829828892,EXTRA_IN_JSON
SwedishLeaf | mcar | SPIRIT | 0.6,,,MISSING_IN_JSON
Rock | mcar | MeanImpute | 0.1,,0.767766248505898,EXTRA_IN_JSON
FacesUCR | aligned_series | SPIRIT | 0.6,,,MISSING_IN_JSON
Ham | aligned_series | SPIRIT | 0.4,,,MISSING_IN_JSON
SonyAIBORobotSurface1 | aligned_series | SPIRIT | 0.8,,,MISSING_IN_JSON
FaceFour | aligned_timestamps | SPIRIT | 0.8,,,MISSING_IN_JSON
Haptics | aligned_series | SPIRIT | 0.2,,,MISSING_IN_JSON
PhalangesOutlinesCorrect | aligned_series | SPIRIT | 0.6,,,MISSING_IN_JSON
Earthquakes | mcar | SPIRIT | 0.2,,,MISSING_IN_JSON
GunPointAgeSpan | aligned_timestamps | SPIRIT | 0.2,,,MISSING_IN_JSON
Car | aligned_timestamps | SPIRIT | 0.6,,,MISSING_IN_JSON
SmallKitchenAppliances | aligned_timestamps | MeanImpute | 0.6,,0.976165241739967,EXTRA_IN_JSON
OliveOil | mcar | SPIRIT | 0.8,,,MISSING_IN_JSON
CBF | aligned_series | MeanImpute | 0.2,,1.15822258241529,EXTRA_IN_JSON
FaceFour | mcar | SPIRIT | 0.6,,,MISSING_IN_JSON
EOGHorizontalSignal | mcar | MeanImpute | 0.8,,1.00288017639805,EXTRA_IN_JSON
TwoLeadECG | mcar | SPIRIT | 0.4,,,MISSING_IN_JSON
TwoLeadECG | aligned_timestamps | MeanImpute | 0.6,,1.12576948095608,EXTRA_IN_JSON
ShapeletSim | aligned_series | SPIRIT | 0.6,,,MISSING_IN_JSON
Lightning7 | aligned_timestamps | SPIRIT | 0.8,,,MISSING_IN_JSON
ArrowHead | aligned_timestamps | MeanImpute | 0.4,,0.879972986282565,EXTRA_IN_JSON
ScreenType | mcar | MeanImpute | 0.6,,1.00592311561894,EXTRA_IN_JSON
Worms | mcar | SPIRIT | 0.2,,,MISSING_IN_JSON
GunPointOldVersusYoung | mcar | SPIRIT | 0.1,,,MISSING_IN_JSON
SonyAIBORobotSurface1 | aligned_timestamps | SPIRIT | 0.8,,,MISSING_IN_JSON
SemgHandSubjectCh2 | aligned_timestamps | SPIRIT | 0.1,,,MISSING_IN_JSON
ProximalPhalanxOutlineCorrect | aligned_timestamps | SPIRIT | 0.2,,,MISSING_IN_JSON
DistalPhalanxOutlineCorrect | aligned_timestamps | MeanImpute | 0.8,,1.00627147614764,EXTRA_IN_JSON
MedicalImages | mcar | SPIRIT | 0.4,,,MISSING_IN_JSON
Fish | aligned_timestamps | MeanImpute | 0.8,,0.953430648181353,EXTRA_IN_JSON
EOGVerticalSignal | aligned_series | MeanImpute | 0.4,,0.729591783646946,EXTRA_IN_JSON
UMD | mcar | SPIRIT | 0.8,,,MISSING_IN_JSON
WormsTwoClass | aligned_timestamps | MeanImpute | 0.4,,0.999758319031961,EXTRA_IN_JSON
ToeSegmentation1 | aligned_timestamps | SPIRIT | 0.6,,,MISSING_IN_JSON
RefrigerationDevices | aligned_timestamps | MeanImpute | 0.4,,1.01176437648073,EXTRA_IN_JSON
BirdChicken | mcar | SPIRIT | 0.1,,,MISSING_IN_JSON
Computers | aligned_timestamps | MeanImpute | 0.8,,0.968862080415367,EXTRA_IN_JSON
Wafer | aligned_series | MeanImpute | 0.1,,1.24491448480619,EXTRA_IN_JSON
GunPointOldVersusYoung | mcar | MeanImpute | 0.6,,0.99777111797009,EXTRA_IN_JSON
Haptics | mcar | MeanImpute | 0.1,,0.888784154819411,EXTRA_IN_JSON
InsectEPGRegularTrain | aligned_timestamps | MeanImpute | 0.8,,1.04212977901171,EXTRA_IN_JSON
BirdChicken | aligned_timestamps | SPIRIT | 0.2,,,MISSING_IN_JSON
SonyAIBORobotSurface1 | aligned_series | MeanImpute | 0.1,,1.36337444105723,EXTRA_IN_JSON
Yoga | aligned_series | MeanImpute | 0.1,,0.676090525748674,EXTRA_IN_JSON
EthanolLevel | mcar | MeanImpute | 0.6,,1.01626775444488,EXTRA_IN_JSON
FaceFour | aligned_timestamps | MeanImpute | 0.1,,1.26245366897835,EXTRA_IN_JSON
Computers | mcar | MeanImpute | 0.6,,0.990049470437121,EXTRA_IN_JSON
DistalPhalanxOutlineAgeGroup | aligned_series | SPIRIT | 0.8,,,MISSING_IN_JSON
Wine | aligned_timestamps | MeanImpute | 0.4,,0.560834192094558,EXTRA_IN_JSON
FreezerSmallTrain | aligned_series | SPIRIT | 0.6,,,MISSING_IN_JSON
ArrowHead | aligned_timestamps | SPIRIT | 0.1,,,MISSING_IN_JSON
Strawberry | aligned_series | MeanImpute | 0.2,,1.8053436768406,EXTRA_IN_JSON
DistalPhalanxTW | mcar | MeanImpute | 0.8,,1.023928436493,EXTRA_IN_JSON
FreezerSmallTrain | mcar | SPIRIT | 0.6,,,MISSING_IN_JSON
ProximalPhalanxOutlineCorrect | mcar | MeanImpute | 0.8,,1.02153039358995,EXTRA_IN_JSON
Colposcopy | mcar | SPIRIT | 0.6,,,MISSING_IN_JSON
GunPointOldVersusYoung | aligned_series | SPIRIT | 0.8,,,MISSING_IN_JSON
DistalPhalanxTW | aligned_series | MeanImpute | 0.2,,1.02800807438005,EXTRA_IN_JSON
Fish | mcar | SPIRIT | 0.4,,,MISSING_IN_JSON
RefrigerationDevices | aligned_series | MeanImpute | 0.1,,1.06936210532548,EXTRA_IN_JSON
FreezerRegularTrain | aligned_timestamps | SPIRIT | 0.4,,,MISSING_IN_JSON
GunPointMaleVersusFemale | mcar | MeanImpute | 0.4,,0.996523065740409,EXTRA_IN_JSON
ProximalPhalanxOutlineAgeGroup | mcar | MeanImpute | 0.1,,0.96353361805974,EXTRA_IN_JSON
UMD | aligned_timestamps | MeanImpute | 0.4,,1.03084542230816,EXTRA_IN_JSON
ToeSegmentation1 | mcar | MeanImpute | 0.2,,0.974750148170048,EXTRA_IN_JSON
Wine | aligned_series | MeanImpute | 0.1,,0.591136144929847,EXTRA_IN_JSON
SwedishLeaf | aligned_timestamps | SPIRIT | 0.8,,,MISSING_IN_JSON
MoteStrain | aligned_series | MeanImpute | 0.4,,0.761362929358029,EXTRA_IN_JSON
FacesUCR | aligned_series | MeanImpute | 0.2,,0.570249118227716,EXTRA_IN_JSON
Haptics | aligned_series | MeanImpute | 0.8,,1.28202954808452,EXTRA_IN_JSON
EOGVerticalSignal | aligned_timestamps | MeanImpute | 0.2,,0.690116126173072,EXTRA_IN_JSON
RefrigerationDevices | mcar | SPIRIT | 0.4,,,MISSING_IN_JSON
Car | aligned_timestamps | MeanImpute | 0.2,,0.836301748172376,EXTRA_IN_JSON
SemgHandMovementCh2 | mcar | MeanImpute | 0.6,,1.017753308658,EXTRA_IN_JSON
Car | aligned_series | SPIRIT | 0.4,,,MISSING_IN_JSON
FaceFour | mcar | MeanImpute | 0.2,,1.02312178861827,EXTRA_IN_JSON
TwoPatterns | aligned_series | MeanImpute | 0.1,,0.806137417144169,EXTRA_IN_JSON
Trace | aligned_series | MeanImpute | 0.4,,1.42120044338845,EXTRA_IN_JSON
DistalPhalanxOutlineAgeGroup | aligned_series | MeanImpute | 0.1,,1.02227987948871,EXTRA_IN_JSON
Meat | aligned_series | SPIRIT | 0.1,,,MISSING_IN_JSON
SemgHandMovementCh2 | aligned_timestamps | SPIRIT | 0.1,,,MISSING_IN_JSON
TwoLeadECG | aligned_series | MeanImpute | 0.4,,0.253437704619382,EXTRA_IN_JSON
